App,SHA,Tag,TestFilePath,NumberOfMethods,Assertion Roulette,Conditional Test Logic,Constructor Initialization,Default Test,EmptyTest,Exception Catching Throwing,General Fixture,Mystery Guest,Print Statement,Redundant Assertion,Sensitive Equality,Verbose Test,Sleepy Test,Eager Test,Lazy Test,Duplicate Assert,Unknown Test,IgnoredTest,Resource Optimism,Magic Number Test,Dependent Test,LOC,NOM,WMC,RFC,NAs,AsD,codeChurnTotal,codeChurnMax,codeChurnAvg,commits,Contributors,minorContributors,contributorsExperience,addLinesCount,addLinesMax,addLinesAvg,removedLinesCount,removedLinesMax,removedLinesAvg,isMergeMethod
NationalSecurityAgency/emissary,7d87b0a89ae1e95b24c314a4201e1e721834286d,"5.5.0, 5.6.0",src.test.java.emissary.util.TimeUtilTest.java,18,2,0,0,0,0,3,0,0,0,0,0,0,0,7.0,20.0,2,0,0,0,18,0,85,18,23,55,29,0.34,9,9,9,1,1,0,100.0,9,9,9,0,0,0,False
NationalSecurityAgency/emissary,7d87b0a89ae1e95b24c314a4201e1e721834286d,"5.5.0, 5.6.0",src.test.java.emissary.output.roller.JournaledCoalescerTest.java,16,9,1,0,0,0,14,14,0,0,0,1,0,0,4.0,15.0,1,0,0,0,14,0,200,16,36,123,33,0.17,1,1,1,1,1,0,100.0,19,19,19,18,18,18,False
NationalSecurityAgency/emissary,90564240d210a322a9fc4b55855b77bb99f300e2,"6.0.0, 6.1.0",src.test.java.emissary.place.UnixCommandPlaceTest.java,10,2,0,0,0,0,4,2,0,0,0,1,0,0,3.0,5.0,0,0,0,0,5,0,107,10,27,73,15,0.14,3,5,2,2,2,0,76.54,42,30,21,39,32,20,False
NationalSecurityAgency/emissary,90564240d210a322a9fc4b55855b77bb99f300e2,"6.0.0, 6.1.0",src.test.java.emissary.output.roller.JournaledCoalescerTest.java,16,9,1,0,0,0,14,14,0,0,0,1,0,0,4.0,15.0,1,0,0,0,14,0,220,16,36,127,33,0.15,17,17,17,1,1,0,100.0,23,23,23,6,6,6,False
NationalSecurityAgency/emissary,90564240d210a322a9fc4b55855b77bb99f300e2,"6.0.0, 6.1.0",src.test.java.emissary.output.filter.XmlOutputFilterTest.java,4,0,0,0,0,0,0,2,0,0,0,1,0,0,0.0,0.0,0,0,0,0,2,0,39,4,7,23,6,0.15,12,12,12,1,1,0,100.0,15,15,15,3,3,3,False
NationalSecurityAgency/emissary,90564240d210a322a9fc4b55855b77bb99f300e2,"6.0.0, 6.1.0",src.test.java.emissary.output.filter.JsonOutputFilterTest.java,15,0,1,0,0,0,0,13,0,3,0,2,0,0,0.0,13.0,1,0,0,0,13,0,253,15,27,166,49,0.19,6,6,6,1,1,0,100.0,11,11,11,5,5,5,False
NationalSecurityAgency/emissary,90564240d210a322a9fc4b55855b77bb99f300e2,"6.0.0, 6.1.0",src.test.java.emissary.util.roll.RollableFileOutputStreamTest.java,9,3,1,0,0,0,6,0,0,0,0,2,0,0,2.0,5.0,0,0,0,0,6,0,102,9,21,51,13,0.13,5,5,5,1,1,0,100.0,43,43,43,38,38,38,False
NationalSecurityAgency/emissary,90564240d210a322a9fc4b55855b77bb99f300e2,"6.0.0, 6.1.0",src.test.java.emissary.util.MagicNumberUtilTest.java,2,0,0,0,0,0,2,0,0,0,0,0,0,0,2.0,6.0,0,0,0,0,2,0,28,2,4,13,2,0.07,6,5,3,2,2,0,54.35,26,13,13,20,12,10,False
NationalSecurityAgency/emissary,90564240d210a322a9fc4b55855b77bb99f300e2,"6.0.0, 6.1.0",src.test.java.emissary.place.ServiceProviderPlaceTest.java,24,0,2,0,0,0,18,16,0,0,0,0,0,0,11.0,55.0,4,3,0,0,22,0,410,24,56,147,95,0.23,0,0,0,1,1,0,100.0,15,15,15,15,15,15,False
NationalSecurityAgency/emissary,90564240d210a322a9fc4b55855b77bb99f300e2,"6.0.0, 6.1.0",src.test.java.emissary.place.MultiFileUnixCommandPlaceTest.java,9,0,0,0,0,0,4,4,0,0,0,0,0,0,2.0,6.0,0,0,0,1,4,0,127,9,30,75,27,0.21,5,5,2,2,2,0,85.71,34,27,17,29,27,14,False
NationalSecurityAgency/emissary,90564240d210a322a9fc4b55855b77bb99f300e2,"6.0.0, 6.1.0",src.test.java.emissary.place.MainTest.java,16,0,0,0,0,0,2,0,0,0,0,0,0,0,11.0,31.0,0,0,0,0,14,0,203,16,28,87,33,0.16,-2,-2,-2,1,1,0,100.0,12,12,12,14,14,14,False
NationalSecurityAgency/emissary,90564240d210a322a9fc4b55855b77bb99f300e2,"6.0.0, 6.1.0",src.test.java.emissary.parser.SimpleNioParserTest.java,5,0,0,0,0,0,3,3,0,0,0,0,0,0,1.0,3.0,0,0,0,0,3,0,55,5,13,20,5,0.09,1,1,1,1,1,0,100.0,10,10,10,9,9,9,False
NationalSecurityAgency/emissary,90564240d210a322a9fc4b55855b77bb99f300e2,"6.0.0, 6.1.0",src.test.java.emissary.config.ServiceConfigGuideTest.java,31,0,2,0,0,0,21,0,1,0,0,0,0,0,16.0,78.0,3,0,0,1,31,0,462,31,71,208,153,0.33,11,15,4,3,3,1,76.12,39,24,13,28,27,9,False
NationalSecurityAgency/emissary,90564240d210a322a9fc4b55855b77bb99f300e2,"6.0.0, 6.1.0",src.test.java.emissary.config.ConfigUtilTest.java,33,0,1,0,0,0,22,28,0,0,0,0,0,0,20.0,64.0,3,0,1,0,28,0,411,33,73,238,68,0.17,-23,-23,-23,1,1,0,100.0,77,77,77,100,100,100,False
NationalSecurityAgency/emissary,90564240d210a322a9fc4b55855b77bb99f300e2,"6.0.0, 6.1.0",src.test.java.emissary.client.EmissaryClientTest.java,4,4,1,0,0,0,2,0,0,0,0,0,0,0,4.0,10.0,0,0,0,0,4,0,75,4,8,52,12,0.16,-19,-19,-19,1,1,0,100.0,3,3,3,22,22,22,False
NationalSecurityAgency/emissary,ea2c59b74a512a33038403ac7424ef34c7d345ca,"6.6.0, 7.0.0",src.test.java.emissary.server.mvc.internal.RegisterPeerActionTest.java,6,3,0,0,0,0,0,3,0,0,0,0,0,0,0.0,0.0,0,0,0,0,3,0,57,6,12,47,8,0.14,-6,-6,-6,1,1,0,100.0,40,40,40,46,46,46,False
NationalSecurityAgency/emissary,ea2c59b74a512a33038403ac7424ef34c7d345ca,"6.6.0, 7.0.0",src.test.java.emissary.server.mvc.internal.HeartbeatActionTest.java,5,2,0,0,0,0,0,2,0,0,0,2,0,0,0.0,0.0,0,0,0,0,2,0,50,5,10,42,6,0.12,10,10,10,1,1,0,100.0,27,27,27,17,17,17,False
NationalSecurityAgency/emissary,5cd0c167e2eb437c25ab5d94f365598c1a599766,"7.0.0, 7.1.0",src.test.java.emissary.place.MultiFileUnixCommandPlaceTest.java,10,0,0,0,0,0,5,5,0,0,0,0,0,0,3.0,8.0,0,0,0,1,5,0,139,10,32,84,31,0.22,16,16,16,1,1,0,100.0,17,17,17,1,1,1,False
NationalSecurityAgency/emissary,12670c79ba258814a83a6b63039d15e067a69f7f,"7.1.0, 7.2.0",src.test.java.emissary.output.DropOffUtilTest.java,16,1,2,0,0,0,0,0,0,0,0,0,0,0,4.0,4.0,3,0,2,0,10,0,381,16,29,108,63,0.17,90,58,30,3,3,1,72.13,106,73,35,16,15,5,False
NationalSecurityAgency/emissary,6873c25de1093e0abd55a05fb3d606acc3aaf0c2,"7.2.0, 7.3.0",src.test.java.emissary.output.DropOffUtilTest.java,16,1,2,0,0,0,0,0,0,0,0,0,0,0,4.0,4.0,3,0,2,0,10,0,382,16,29,108,63,0.16,1,1,1,1,1,0,100.0,5,5,5,4,4,4,False
NationalSecurityAgency/emissary,3fbfec15d07795341c7002880bfb7fec60c6bc4b,"7.4.0, 7.5.0",src.test.java.emissary.kff.KffMemcachedTest.java,13,1,0,0,0,0,6,6,0,0,0,0,0,0,1.0,5.0,0,0,0,0,6,0,122,14,41,54,7,0.06,6,6,6,1,1,0,100.0,19,19,19,13,13,13,False
NationalSecurityAgency/emissary,3fbfec15d07795341c7002880bfb7fec60c6bc4b,"7.4.0, 7.5.0",src.test.java.emissary.kff.ChecksumCalculatorTest.java,6,0,0,0,0,0,6,0,0,0,0,0,0,0,5.0,11.0,0,0,0,0,6,0,117,6,29,66,48,0.41,2,3,1,2,2,0,88.98,60,54,30,58,51,29,False
NationalSecurityAgency/emissary,3fbfec15d07795341c7002880bfb7fec60c6bc4b,"7.4.0, 7.5.0",src.test.java.emissary.util.web.UrlTest.java,6,0,0,0,0,0,0,0,0,0,0,0,0,0,3.0,4.0,0,0,0,0,5,0,23,6,7,13,5,0.22,-8,-8,-8,1,1,0,100.0,4,4,4,12,12,12,False
NationalSecurityAgency/emissary,3fbfec15d07795341c7002880bfb7fec60c6bc4b,"7.4.0, 7.5.0",src.test.java.emissary.util.search.ByteMatcherTest.java,35,2,0,0,0,0,0,0,0,0,0,0,0,0,18.0,56.0,0,0,0,0,33,0,143,35,42,95,38,0.27,-5,-5,-5,1,1,0,100.0,2,2,2,7,7,7,False
NationalSecurityAgency/emissary,3fbfec15d07795341c7002880bfb7fec60c6bc4b,"7.4.0, 7.5.0",src.test.java.emissary.place.MainTest.java,18,1,0,0,0,0,4,0,1,0,0,0,0,0,12.0,33.0,1,0,0,1,16,0,244,18,33,108,45,0.18,-13,-13,-13,1,1,0,100.0,11,11,11,24,24,24,False
NationalSecurityAgency/emissary,3fbfec15d07795341c7002880bfb7fec60c6bc4b,"7.4.0, 7.5.0",src.test.java.emissary.pickup.WorkBundleTest.java,11,2,4,0,0,0,6,0,0,0,0,1,0,0,10.0,118.0,4,0,0,0,10,0,240,11,35,129,70,0.29,-23,-23,-23,1,1,0,100.0,5,5,5,28,28,28,False
NationalSecurityAgency/emissary,3fbfec15d07795341c7002880bfb7fec60c6bc4b,"7.4.0, 7.5.0",src.test.java.emissary.parser.SimpleParserTest.java,5,1,0,0,0,0,3,0,0,0,0,0,0,0,1.0,4.0,1,0,0,0,4,0,96,6,15,58,30,0.31,-5,-5,-5,1,1,0,100.0,2,2,2,7,7,7,False
NationalSecurityAgency/emissary,3fbfec15d07795341c7002880bfb7fec60c6bc4b,"7.4.0, 7.5.0",src.test.java.emissary.parser.SimpleNioParserTest.java,5,1,0,0,0,0,3,3,0,0,0,0,0,0,1.0,3.0,0,0,0,0,3,0,50,5,12,20,6,0.12,-4,-4,-4,1,1,0,100.0,2,2,2,6,6,6,False
NationalSecurityAgency/emissary,3fbfec15d07795341c7002880bfb7fec60c6bc4b,"7.4.0, 7.5.0",src.test.java.emissary.parser.InputSessionTest.java,6,1,0,0,0,0,3,0,0,0,0,0,0,0,4.0,3.0,1,0,0,0,5,0,43,6,10,16,16,0.37,-32,-32,-32,1,1,0,100.0,9,9,9,41,41,41,False
NationalSecurityAgency/emissary,3fbfec15d07795341c7002880bfb7fec60c6bc4b,"7.4.0, 7.5.0",src.test.java.emissary.core.NamespaceTest.java,7,1,1,0,0,0,3,0,0,0,0,2,0,0,5.0,11.0,0,0,0,0,6,0,61,7,13,29,10,0.16,-10,-10,-10,1,1,0,100.0,8,8,8,18,18,18,False
NationalSecurityAgency/emissary,3fbfec15d07795341c7002880bfb7fec60c6bc4b,"7.4.0, 7.5.0",src.test.java.emissary.core.FactoryTest.java,21,0,1,0,0,0,6,0,0,0,0,0,0,0,0.0,19.0,0,1,0,0,19,0,148,21,32,62,37,0.25,-62,-62,-62,1,1,0,100.0,49,49,49,111,111,111,False
NationalSecurityAgency/emissary,3fbfec15d07795341c7002880bfb7fec60c6bc4b,"7.4.0, 7.5.0",src.test.java.emissary.core.BaseDataObjectTest.java,97,4,1,0,0,0,3,0,0,0,0,4,0,0,82.0,343.0,15,0,0,0,95,0,776,97,127,465,260,0.34,-39,-39,-39,1,1,0,100.0,12,12,12,51,51,51,False
NationalSecurityAgency/emissary,3fbfec15d07795341c7002880bfb7fec60c6bc4b,"7.4.0, 7.5.0",src.test.java.emissary.config.ServiceConfigGuideTest.java,33,2,2,0,0,0,21,0,1,0,0,0,0,0,16.0,78.0,3,1,0,1,33,0,492,33,74,220,156,0.32,-7,-7,-7,1,1,0,100.0,8,8,8,15,15,15,False
NationalSecurityAgency/emissary,3fbfec15d07795341c7002880bfb7fec60c6bc4b,"7.4.0, 7.5.0",src.test.java.emissary.config.ConfigUtilTest.java,34,1,1,0,0,0,21,29,0,0,0,1,0,0,20.0,65.0,3,0,1,0,29,0,418,34,74,245,72,0.17,-13,-13,-13,1,1,0,100.0,4,4,4,17,17,17,False
NationalSecurityAgency/emissary,3fbfec15d07795341c7002880bfb7fec60c6bc4b,"7.4.0, 7.5.0",src.test.java.emissary.EmissaryTest.java,10,5,0,0,0,0,0,0,0,0,0,0,0,0,1.0,6.0,0,0,0,0,9,0,131,10,14,47,15,0.11,-5,-5,-5,1,1,0,100.0,2,2,2,7,7,7,False
NationalSecurityAgency/emissary,3fbfec15d07795341c7002880bfb7fec60c6bc4b,"7.4.0, 7.5.0",src.test.java.emissary.server.mvc.internal.WorkSpaceClientSpaceTakeActionTest.java,6,3,0,0,0,0,1,0,0,0,0,0,0,0,0.0,0.0,0,0,0,0,3,0,59,6,13,53,9,0.15,1,1,1,1,1,0,100.0,1,1,1,0,0,0,False
NationalSecurityAgency/emissary,3fbfec15d07795341c7002880bfb7fec60c6bc4b,"7.4.0, 7.5.0",src.test.java.emissary.server.mvc.internal.WorkBundleCompletedActionTest.java,8,5,0,0,0,0,1,0,0,0,0,0,0,0,0.0,0.0,0,0,0,0,5,0,74,8,18,70,12,0.16,1,1,1,1,1,0,100.0,1,1,1,0,0,0,False
NationalSecurityAgency/emissary,3fbfec15d07795341c7002880bfb7fec60c6bc4b,"7.4.0, 7.5.0",src.test.java.emissary.server.mvc.internal.RegisterPeerActionTest.java,6,3,0,0,0,0,0,3,0,0,0,0,0,0,0.0,0.0,0,0,0,0,3,0,57,6,12,47,8,0.14,1,1,1,1,1,0,100.0,1,1,1,0,0,0,False
NationalSecurityAgency/emissary,3fbfec15d07795341c7002880bfb7fec60c6bc4b,"7.4.0, 7.5.0",src.test.java.emissary.server.mvc.internal.HeartbeatActionTest.java,5,2,0,0,0,0,0,2,0,0,0,2,0,0,0.0,0.0,0,0,0,0,2,0,50,5,10,42,6,0.12,1,1,1,1,1,0,100.0,1,1,1,0,0,0,False
NationalSecurityAgency/emissary,3fbfec15d07795341c7002880bfb7fec60c6bc4b,"7.4.0, 7.5.0",src.test.java.emissary.server.mvc.internal.FailDirectoryActionTest.java,6,3,0,0,0,0,0,2,0,0,0,0,0,0,0.0,0.0,0,0,0,0,3,0,65,6,14,53,8,0.12,1,1,1,1,1,0,100.0,1,1,1,0,0,0,False
NationalSecurityAgency/emissary,3fbfec15d07795341c7002880bfb7fec60c6bc4b,"7.4.0, 7.5.0",src.test.java.emissary.server.mvc.internal.DeregisterPlaceActionTest.java,7,4,0,0,0,0,0,4,0,0,0,0,0,0,0.0,0.0,0,0,0,0,4,0,72,7,14,56,10,0.14,1,1,1,1,1,0,100.0,1,1,1,0,0,0,False
NationalSecurityAgency/emissary,3fbfec15d07795341c7002880bfb7fec60c6bc4b,"7.4.0, 7.5.0",src.test.java.emissary.server.api.ApiUtilsTest.java,9,0,0,0,0,0,5,6,0,0,0,0,0,0,0.0,6.0,0,0,0,0,6,0,47,9,16,28,4,0.09,1,1,1,1,1,0,100.0,1,1,1,0,0,0,False
NationalSecurityAgency/emissary,3fbfec15d07795341c7002880bfb7fec60c6bc4b,"7.4.0, 7.5.0",src.test.java.emissary.place.CoordinationPlaceTest.java,6,1,0,0,0,0,4,3,0,0,0,0,0,0,0.0,0.0,0,0,0,0,4,0,36,6,14,34,5,0.14,2,2,2,1,1,0,100.0,2,2,2,0,0,0,False
NationalSecurityAgency/emissary,3fbfec15d07795341c7002880bfb7fec60c6bc4b,"7.4.0, 7.5.0",src.test.java.emissary.output.filter.XmlOutputFilterTest.java,4,0,0,0,0,0,0,2,0,0,0,1,0,0,0.0,0.0,0,0,0,0,2,0,39,4,7,23,6,0.15,1,1,1,1,1,0,100.0,1,1,1,0,0,0,False
NationalSecurityAgency/emissary,3fbfec15d07795341c7002880bfb7fec60c6bc4b,"7.4.0, 7.5.0",src.test.java.emissary.directory.DirectoryPlaceTest.java,6,0,0,0,0,0,1,0,0,0,0,0,0,0,3.0,6.0,1,0,0,0,4,0,100,6,11,59,15,0.15,1,1,1,1,1,0,100.0,1,1,1,0,0,0,False
NationalSecurityAgency/emissary,3fbfec15d07795341c7002880bfb7fec60c6bc4b,"7.4.0, 7.5.0",src.test.java.emissary.command.converter.PriorityDirectoryConverterTest.java,6,4,0,0,0,0,1,1,0,0,0,0,0,0,0.0,5.0,0,0,0,0,5,0,32,6,8,21,8,0.25,1,1,1,1,1,0,100.0,1,1,1,0,0,0,False
NationalSecurityAgency/emissary,ac7bce8ff81786c2cce1eacddddeb9f821d8df05,"7.5.0, 7.6.0",src.test.java.emissary.core.TimedResourceTest.java,4,0,0,0,0,0,0,0,0,0,0,0,0,0,0.0,0.0,0,0,3,0,0,0,57,4,7,19,6,0.11,0,0,0,1,1,0,100.0,9,9,9,9,9,9,False
NationalSecurityAgency/emissary,ac7bce8ff81786c2cce1eacddddeb9f821d8df05,"7.5.0, 7.6.0",src.test.java.emissary.core.StageTest.java,10,0,0,0,0,0,0,0,0,0,0,0,0,0,0.0,0.0,0,0,8,0,0,0,40,10,14,22,8,0.2,0,0,0,1,1,0,100.0,26,26,26,26,26,26,False
NationalSecurityAgency/emissary,ac7bce8ff81786c2cce1eacddddeb9f821d8df05,"7.5.0, 7.6.0",src.test.java.emissary.core.ResourceWatcherTest.java,3,0,0,0,0,0,0,0,0,0,0,0,0,0,0.0,0.0,0,0,1,0,0,0,110,3,8,12,5,0.05,0,0,0,1,1,0,100.0,16,16,16,16,16,16,False
NationalSecurityAgency/emissary,ac7bce8ff81786c2cce1eacddddeb9f821d8df05,"7.5.0, 7.6.0",src.test.java.emissary.core.ResourceExceptionTest.java,1,0,0,0,0,0,0,0,0,0,0,0,0,0,0.0,0.0,0,0,1,0,0,0,10,1,2,2,3,0.3,0,0,0,1,1,0,100.0,7,7,7,7,7,7,False
NationalSecurityAgency/emissary,ac7bce8ff81786c2cce1eacddddeb9f821d8df05,"7.5.0, 7.6.0",src.test.java.emissary.core.NamespaceTest.java,7,0,0,0,0,0,0,0,0,0,0,0,0,0,0.0,0.0,0,0,6,0,0,0,61,7,13,24,10,0.16,-2,-2,-2,1,1,0,100.0,25,25,25,27,27,27,False
NationalSecurityAgency/emissary,ac7bce8ff81786c2cce1eacddddeb9f821d8df05,"7.5.0, 7.6.0",src.test.java.emissary.core.MobileAgentTest.java,4,0,0,0,0,0,0,0,0,0,0,0,0,0,0.0,0.0,0,0,2,0,0,0,46,4,8,14,2,0.04,0,0,0,1,1,0,100.0,14,14,14,14,14,14,False
NationalSecurityAgency/emissary,ac7bce8ff81786c2cce1eacddddeb9f821d8df05,"7.5.0, 7.6.0",src.test.java.emissary.core.MetricsManagerTest.java,1,0,0,0,0,0,0,0,0,0,0,0,0,0,0.0,0.0,0,0,1,0,0,0,11,1,1,2,1,0.09,2,2,2,1,1,0,100.0,7,7,7,5,5,5,False
NationalSecurityAgency/emissary,ac7bce8ff81786c2cce1eacddddeb9f821d8df05,"7.5.0, 7.6.0",src.test.java.emissary.core.MetricsFormatterTest.java,1,0,0,0,0,0,0,0,0,0,0,0,0,0,0.0,0.0,0,0,1,0,0,0,7,1,2,7,1,0.14,0,0,0,1,1,0,100.0,5,5,5,5,5,5,False
NationalSecurityAgency/emissary,ac7bce8ff81786c2cce1eacddddeb9f821d8df05,"7.5.0, 7.6.0",src.test.java.emissary.core.MetadataDictionaryTest.java,11,0,0,0,0,0,0,0,0,0,0,0,0,0,0.0,0.0,0,0,8,0,0,0,68,11,20,35,10,0.15,0,0,0,1,1,0,100.0,22,22,22,22,22,22,False
NationalSecurityAgency/emissary,ac7bce8ff81786c2cce1eacddddeb9f821d8df05,"7.5.0, 7.6.0",src.test.java.emissary.core.FilePickUpPlaceHealthCheckTest.java,3,0,0,0,0,0,0,0,0,0,0,0,0,0,0.0,0.0,0,0,2,0,0,0,14,3,5,7,2,0.14,0,0,0,1,1,0,100.0,9,9,9,9,9,9,False
NationalSecurityAgency/emissary,ac7bce8ff81786c2cce1eacddddeb9f821d8df05,"7.5.0, 7.6.0",src.test.java.emissary.core.FamilyTest.java,6,0,0,0,0,0,0,0,0,0,0,0,0,0,0.0,0.0,0,0,6,0,0,0,26,6,7,13,8,0.31,0,0,0,1,1,0,100.0,17,17,17,17,17,17,False
NationalSecurityAgency/emissary,ac7bce8ff81786c2cce1eacddddeb9f821d8df05,"7.5.0, 7.6.0",src.test.java.emissary.core.FactoryTest.java,21,0,0,0,0,0,0,0,0,0,0,0,0,0,0.0,0.0,0,0,19,0,0,0,148,21,32,62,38,0.26,1,1,1,1,1,0,100.0,61,61,61,60,60,60,False
NationalSecurityAgency/emissary,ac7bce8ff81786c2cce1eacddddeb9f821d8df05,"7.5.0, 7.6.0",src.test.java.emissary.core.EmissaryExceptionTest.java,1,0,0,0,0,0,0,0,0,0,0,0,0,0,0.0,0.0,0,0,1,0,0,0,10,1,2,2,3,0.3,0,0,0,1,1,0,100.0,7,7,7,7,7,7,False
NationalSecurityAgency/emissary,ac7bce8ff81786c2cce1eacddddeb9f821d8df05,"7.5.0, 7.6.0",src.test.java.emissary.core.DataObjectFactoryTest.java,7,0,0,0,0,0,0,0,0,0,0,0,0,0,0.0,0.0,0,0,5,0,0,0,58,7,12,33,16,0.28,-1,0,0,2,1,0,100.0,31,20,16,32,21,16,False
NationalSecurityAgency/emissary,ac7bce8ff81786c2cce1eacddddeb9f821d8df05,"7.5.0, 7.6.0",src.test.java.emissary.core.HDMobileAgentTest.java,1,0,0,1,0,0,0,0,0,0,0,0,0,0,0.0,0.0,0,0,1,0,0,0,34,2,3,8,2,0.06,0,0,0,1,1,0,100.0,7,7,7,7,7,7,False
NationalSecurityAgency/emissary,ac7bce8ff81786c2cce1eacddddeb9f821d8df05,"7.5.0, 7.6.0",src.test.java.emissary.core.BaseDataObjectTest.java,97,0,0,0,0,0,0,0,0,0,0,0,0,0,0.0,0.0,0,0,95,0,0,0,776,97,127,459,260,0.34,-1,2,0,2,1,0,100.0,386,382,193,387,380,194,False
NationalSecurityAgency/emissary,ac7bce8ff81786c2cce1eacddddeb9f821d8df05,"7.5.0, 7.6.0",src.test.java.emissary.util.xml.JDOMUtilTest.java,1,0,0,0,0,0,0,0,0,0,0,0,0,0,0.0,0.0,0,0,1,0,0,0,12,1,4,2,1,0.08,0,0,0,1,1,0,100.0,5,5,5,5,5,5,False
NationalSecurityAgency/emissary,ac7bce8ff81786c2cce1eacddddeb9f821d8df05,"7.5.0, 7.6.0",src.test.java.emissary.util.web.UrlTest.java,6,0,0,0,0,0,0,0,0,0,0,0,0,0,0.0,0.0,0,0,5,0,0,0,25,6,7,14,5,0.2,-3,-3,-3,1,1,0,100.0,13,13,13,16,16,16,False
NationalSecurityAgency/emissary,ac7bce8ff81786c2cce1eacddddeb9f821d8df05,"7.5.0, 7.6.0",src.test.java.emissary.util.web.UrlDataTest.java,11,0,0,0,0,0,0,0,0,0,0,0,0,0,0.0,0.0,0,0,11,0,0,0,112,11,11,75,43,0.38,0,0,0,1,1,0,100.0,15,15,15,15,15,15,False
NationalSecurityAgency/emissary,ac7bce8ff81786c2cce1eacddddeb9f821d8df05,"7.5.0, 7.6.0",src.test.java.emissary.util.web.HttpPostParametersTest.java,7,0,0,0,0,0,0,0,0,0,0,0,0,0,0.0,0.0,0,0,7,0,0,0,36,7,7,18,10,0.28,-6,-6,-6,1,1,0,100.0,11,11,11,17,17,17,False
NationalSecurityAgency/emissary,ac7bce8ff81786c2cce1eacddddeb9f821d8df05,"7.5.0, 7.6.0",src.test.java.emissary.util.web.HtmlEscaperTest.java,2,0,0,0,0,0,0,0,0,0,0,0,0,0,0.0,0.0,0,0,2,0,0,0,12,2,2,5,2,0.17,0,0,0,1,1,0,100.0,6,6,6,6,6,6,False
NationalSecurityAgency/emissary,ac7bce8ff81786c2cce1eacddddeb9f821d8df05,"7.5.0, 7.6.0",src.test.java.emissary.util.search.MultiKeywordScannerTest.java,7,0,0,0,0,0,0,0,0,0,0,0,0,0,0.0,0.0,0,0,7,0,0,0,84,7,7,68,36,0.43,0,0,0,1,1,0,100.0,13,13,13,13,13,13,False
NationalSecurityAgency/emissary,ac7bce8ff81786c2cce1eacddddeb9f821d8df05,"7.5.0, 7.6.0",src.test.java.emissary.util.search.KeywordScannerTest.java,13,0,0,0,0,0,0,0,0,0,0,0,0,0,0.0,0.0,0,0,12,0,0,0,103,13,15,50,63,0.61,6,6,6,1,1,0,100.0,74,74,74,68,68,68,False
NationalSecurityAgency/emissary,ac7bce8ff81786c2cce1eacddddeb9f821d8df05,"7.5.0, 7.6.0",src.test.java.emissary.util.search.FastBoyerMooreTest.java,1,0,0,0,0,0,0,0,0,0,0,0,0,0,0.0,0.0,0,0,1,0,0,0,21,1,3,6,4,0.19,0,0,0,1,1,0,100.0,10,10,10,10,10,10,False
NationalSecurityAgency/emissary,ac7bce8ff81786c2cce1eacddddeb9f821d8df05,"7.5.0, 7.6.0",src.test.java.emissary.util.search.BackwardsTreeScannerTest.java,2,0,0,0,0,0,0,0,0,0,0,0,0,0,0.0,0.0,0,0,2,0,0,0,20,2,4,6,3,0.15,1,1,1,1,1,0,100.0,10,10,10,9,9,9,False
NationalSecurityAgency/emissary,ac7bce8ff81786c2cce1eacddddeb9f821d8df05,"7.5.0, 7.6.0",src.test.java.emissary.util.magic.MagicNumberTest.java,23,0,0,0,0,0,0,0,0,0,0,0,0,0,0.0,0.0,0,0,23,0,0,0,159,23,46,115,82,0.52,0,0,0,1,1,0,100.0,109,109,109,109,109,109,False
NationalSecurityAgency/emissary,ac7bce8ff81786c2cce1eacddddeb9f821d8df05,"7.5.0, 7.6.0",src.test.java.emissary.util.io.ResourceReaderTest.java,3,0,0,0,0,0,0,0,0,0,0,0,0,0,0.0,0.0,0,0,3,0,0,0,46,3,5,20,18,0.39,-1,-1,-1,1,1,0,100.0,26,26,26,27,27,27,False
NationalSecurityAgency/emissary,ac7bce8ff81786c2cce1eacddddeb9f821d8df05,"7.5.0, 7.6.0",src.test.java.emissary.util.TypeEngineTest.java,4,0,0,0,0,0,0,0,0,0,0,0,0,0,0.0,0.0,0,0,3,0,0,0,28,4,8,12,9,0.32,0,0,0,1,1,0,100.0,18,18,18,18,18,18,False
NationalSecurityAgency/emissary,ac7bce8ff81786c2cce1eacddddeb9f821d8df05,"7.5.0, 7.6.0",src.test.java.emissary.util.shell.ExecutrixTest.java,13,0,0,0,0,0,0,0,0,0,0,0,0,0,0.0,0.0,0,0,10,1,0,0,254,13,30,116,84,0.33,1,3,0,2,1,0,100.0,129,126,64,128,123,64,False
NationalSecurityAgency/emissary,ac7bce8ff81786c2cce1eacddddeb9f821d8df05,"7.5.0, 7.6.0",src.test.java.emissary.util.roll.RollableFileOutputStreamTest.java,9,0,0,0,0,0,0,0,0,0,0,0,0,0,0.0,0.0,0,0,6,0,0,0,102,9,21,51,13,0.13,0,0,0,1,1,0,100.0,16,16,16,16,16,16,False
NationalSecurityAgency/emissary,ac7bce8ff81786c2cce1eacddddeb9f821d8df05,"7.5.0, 7.6.0",src.test.java.emissary.util.WindowedSeekableByteChannelTest.java,11,0,0,1,0,0,0,0,0,0,0,0,0,0,0.0,0.0,0,0,9,0,0,0,192,12,37,61,26,0.14,-6,-6,-6,1,1,0,100.0,31,31,31,37,37,37,False
NationalSecurityAgency/emissary,ac7bce8ff81786c2cce1eacddddeb9f821d8df05,"7.5.0, 7.6.0",src.test.java.emissary.util.TimeUtilTest.java,18,0,0,0,0,0,0,0,0,0,0,0,0,0,0.0,0.0,0,0,18,0,0,0,85,18,19,55,33,0.39,3,3,3,1,1,0,100.0,56,56,56,53,53,53,False
NationalSecurityAgency/emissary,ac7bce8ff81786c2cce1eacddddeb9f821d8df05,"7.5.0, 7.6.0",src.test.java.emissary.util.ShortNameComparatorTest.java,6,0,0,0,0,0,0,0,0,0,0,0,0,0,0.0,0.0,0,0,4,0,0,0,64,6,7,27,8,0.13,-6,-6,-6,1,1,0,100.0,36,36,36,42,42,42,False
NationalSecurityAgency/emissary,ac7bce8ff81786c2cce1eacddddeb9f821d8df05,"7.5.0, 7.6.0",src.test.java.emissary.util.PayloadUtilTest.java,12,0,0,0,0,0,0,0,0,0,0,0,0,0,0.0,0.0,0,0,9,0,0,0,148,12,24,69,40,0.27,1,1,1,1,1,0,100.0,70,70,70,69,69,69,False
NationalSecurityAgency/emissary,ac7bce8ff81786c2cce1eacddddeb9f821d8df05,"7.5.0, 7.6.0",src.test.java.emissary.util.MetadataDictionaryUtilTest.java,3,0,0,0,0,0,0,0,0,0,0,0,0,0,0.0,0.0,0,0,0,0,0,0,36,3,9,14,8,0.22,0,0,0,1,1,0,100.0,8,8,8,8,8,8,False
NationalSecurityAgency/emissary,ac7bce8ff81786c2cce1eacddddeb9f821d8df05,"7.5.0, 7.6.0",src.test.java.emissary.util.MagicNumberUtilTest.java,2,0,0,0,0,0,0,0,0,0,0,0,0,0,0.0,0.0,0,0,2,0,0,0,28,2,3,13,2,0.07,0,0,0,1,1,0,100.0,7,7,7,7,7,7,False
NationalSecurityAgency/emissary,ac7bce8ff81786c2cce1eacddddeb9f821d8df05,"7.5.0, 7.6.0",src.test.java.emissary.util.LineTokenizerTest.java,6,0,0,0,0,0,0,0,0,0,0,0,0,0,0.0,0.0,0,0,6,0,0,0,77,6,9,31,51,0.66,1,1,1,1,1,0,100.0,66,66,66,65,65,65,False
NationalSecurityAgency/emissary,ac7bce8ff81786c2cce1eacddddeb9f821d8df05,"7.5.0, 7.6.0",src.test.java.emissary.util.HtmlEntityMapTest.java,1,0,0,0,0,0,0,0,0,0,0,0,0,0,0.0,0.0,0,0,1,0,0,0,12,1,1,5,2,0.17,0,0,0,1,1,0,100.0,6,6,6,6,6,6,False
NationalSecurityAgency/emissary,ac7bce8ff81786c2cce1eacddddeb9f821d8df05,"7.5.0, 7.6.0",src.test.java.emissary.util.FlexibleDateTimeParserTest.java,26,0,0,0,0,0,0,0,0,0,0,0,0,0,0.0,0.0,0,0,5,0,0,0,337,26,32,57,7,0.02,0,0,0,1,1,0,100.0,34,34,34,34,34,34,False
NationalSecurityAgency/emissary,ac7bce8ff81786c2cce1eacddddeb9f821d8df05,"7.5.0, 7.6.0",src.test.java.emissary.util.EntropyTest.java,2,0,0,0,0,0,0,0,0,0,0,0,0,0,0.0,0.0,0,0,2,0,0,0,12,2,4,5,2,0.17,0,0,0,1,1,0,100.0,9,9,9,9,9,9,False
NationalSecurityAgency/emissary,ac7bce8ff81786c2cce1eacddddeb9f821d8df05,"7.5.0, 7.6.0",src.test.java.emissary.util.DependencyCheckTest.java,5,0,0,0,0,0,0,0,0,0,0,0,0,0,0.0,0.0,0,0,5,0,0,0,37,5,5,14,5,0.14,0,0,0,1,1,0,100.0,14,14,14,14,14,14,False
NationalSecurityAgency/emissary,ac7bce8ff81786c2cce1eacddddeb9f821d8df05,"7.5.0, 7.6.0",src.test.java.emissary.util.DataUtilTest.java,8,0,0,0,0,0,0,0,0,0,0,0,0,0,0.0,0.0,0,0,8,0,0,0,78,8,12,48,26,0.33,0,0,0,1,1,0,100.0,39,39,39,39,39,39,False
NationalSecurityAgency/emissary,ac7bce8ff81786c2cce1eacddddeb9f821d8df05,"7.5.0, 7.6.0",src.test.java.emissary.util.search.ByteMatcherTest.java,35,0,0,0,0,0,0,0,0,0,0,0,0,0,0.0,0.0,0,0,33,0,0,0,144,35,42,97,39,0.27,1,1,1,1,1,0,100.0,85,85,85,84,84,84,False
NationalSecurityAgency/emissary,ac7bce8ff81786c2cce1eacddddeb9f821d8df05,"7.5.0, 7.6.0",src.test.java.emissary.util.CounterSetTest.java,5,0,0,0,0,0,0,0,0,0,0,0,0,0,0.0,0.0,0,0,5,0,0,0,30,5,5,17,5,0.17,1,1,1,1,1,0,100.0,14,14,14,13,13,13,False
NationalSecurityAgency/emissary,ac7bce8ff81786c2cce1eacddddeb9f821d8df05,"7.5.0, 7.6.0",src.test.java.emissary.util.ConstructorLookupCacheTest.java,7,0,0,0,0,0,0,0,0,0,0,0,0,0,0.0,0.0,0,0,5,0,0,0,73,7,8,12,13,0.18,1,1,1,1,1,0,100.0,12,12,12,11,11,11,False
NationalSecurityAgency/emissary,ac7bce8ff81786c2cce1eacddddeb9f821d8df05,"7.5.0, 7.6.0",src.test.java.emissary.util.ClassLookupCacheTest.java,3,0,0,0,0,0,0,0,0,0,0,0,0,0,0.0,0.0,0,0,2,0,0,0,28,3,5,7,5,0.18,1,1,1,1,1,0,100.0,10,10,10,9,9,9,False
NationalSecurityAgency/emissary,ac7bce8ff81786c2cce1eacddddeb9f821d8df05,"7.5.0, 7.6.0",src.test.java.emissary.util.ClassComparatorTest.java,5,0,0,0,0,0,0,0,0,0,0,0,0,0,0.0,0.0,0,0,5,0,0,0,17,5,5,12,5,0.29,0,0,0,1,1,0,100.0,13,13,13,13,13,13,False
NationalSecurityAgency/emissary,ac7bce8ff81786c2cce1eacddddeb9f821d8df05,"7.5.0, 7.6.0",src.test.java.emissary.util.CharsetUtilTest.java,4,0,0,0,0,0,0,0,0,0,0,0,0,0,0.0,0.0,0,0,4,0,0,0,29,4,6,13,13,0.45,0,0,0,1,1,0,100.0,23,23,23,23,23,23,False
NationalSecurityAgency/emissary,ac7bce8ff81786c2cce1eacddddeb9f821d8df05,"7.5.0, 7.6.0",src.test.java.emissary.util.CharacterCounterSetTest.java,8,0,0,0,0,0,0,0,0,0,0,0,0,0,0.0,0.0,0,0,8,0,0,0,47,8,8,28,11,0.23,0,0,0,1,1,0,100.0,22,22,22,22,22,22,False
NationalSecurityAgency/emissary,ac7bce8ff81786c2cce1eacddddeb9f821d8df05,"7.5.0, 7.6.0",src.test.java.emissary.util.CaseInsensitiveMapTest.java,5,0,0,0,0,0,0,0,0,0,0,0,0,0,0.0,0.0,0,0,5,0,0,0,41,5,7,20,10,0.24,0,0,0,1,1,0,100.0,27,27,27,27,27,27,False
NationalSecurityAgency/emissary,ac7bce8ff81786c2cce1eacddddeb9f821d8df05,"7.5.0, 7.6.0",src.test.java.emissary.util.ByteUtilTest.java,23,0,0,0,0,0,0,0,0,0,0,0,0,0,0.0,0.0,0,0,23,0,0,0,145,23,24,72,82,0.57,0,0,0,1,1,0,100.0,111,111,111,111,111,111,False
NationalSecurityAgency/emissary,ac7bce8ff81786c2cce1eacddddeb9f821d8df05,"7.5.0, 7.6.0",src.test.java.emissary.server.mvc.internal.WorkSpaceClientSpaceTakeActionTest.java,6,0,0,0,0,0,0,0,0,0,0,0,0,0,0.0,0.0,0,0,0,0,0,0,59,6,13,51,10,0.17,0,0,0,2,1,0,100.0,37,25,18,37,25,18,False
NationalSecurityAgency/emissary,ac7bce8ff81786c2cce1eacddddeb9f821d8df05,"7.5.0, 7.6.0",src.test.java.emissary.server.mvc.internal.WorkBundleCompletedActionTest.java,8,0,0,0,0,0,0,0,0,0,0,0,0,0,0.0,0.0,0,0,0,0,0,0,73,8,18,68,12,0.16,-1,0,0,2,1,0,100.0,48,32,24,49,33,24,False
NationalSecurityAgency/emissary,ac7bce8ff81786c2cce1eacddddeb9f821d8df05,"7.5.0, 7.6.0",src.test.java.emissary.server.mvc.internal.RegisterPeerActionTest.java,6,0,0,0,0,0,0,0,0,0,0,0,0,0,0.0,0.0,0,0,0,0,0,0,56,6,12,47,8,0.14,-1,0,0,2,1,0,100.0,27,18,14,28,19,14,False
NationalSecurityAgency/emissary,ac7bce8ff81786c2cce1eacddddeb9f821d8df05,"7.5.0, 7.6.0",src.test.java.emissary.server.mvc.internal.HeartbeatActionTest.java,5,0,0,0,0,0,0,0,0,0,0,0,0,0,0.0,0.0,0,0,0,0,0,0,49,5,10,42,6,0.12,-1,0,0,2,1,0,100.0,24,17,12,25,18,12,False
NationalSecurityAgency/emissary,ac7bce8ff81786c2cce1eacddddeb9f821d8df05,"7.5.0, 7.6.0",src.test.java.emissary.server.mvc.internal.FailDirectoryActionTest.java,6,0,0,0,0,0,0,0,0,0,0,0,0,0,0.0,0.0,0,0,0,0,0,0,64,6,14,50,8,0.13,-3,0,-2,2,1,0,100.0,37,25,18,40,28,20,False
NationalSecurityAgency/emissary,ac7bce8ff81786c2cce1eacddddeb9f821d8df05,"7.5.0, 7.6.0",src.test.java.emissary.server.mvc.internal.DeregisterPlaceActionTest.java,7,0,0,0,0,0,0,0,0,0,0,0,0,0,0.0,0.0,0,0,0,0,0,0,71,7,14,52,10,0.14,0,0,0,2,1,0,100.0,38,26,19,38,26,19,False
NationalSecurityAgency/emissary,ac7bce8ff81786c2cce1eacddddeb9f821d8df05,"7.5.0, 7.6.0",src.test.java.emissary.server.api.PlacesTest.java,7,0,0,0,0,0,0,0,0,0,0,0,0,0,0.0,0.0,0,0,0,0,0,0,58,7,10,44,16,0.28,-2,-1,-1,2,1,0,100.0,35,18,18,37,19,18,False
NationalSecurityAgency/emissary,ac7bce8ff81786c2cce1eacddddeb9f821d8df05,"7.5.0, 7.6.0",src.test.java.emissary.pickup.file.FilePickUpClientTest.java,8,0,1,0,0,0,0,0,0,0,0,0,0,0,0.0,0.0,0,2,6,0,2,0,88,8,17,45,12,0.14,1,1,1,1,1,0,100.0,33,33,33,32,32,32,False
NationalSecurityAgency/emissary,ac7bce8ff81786c2cce1eacddddeb9f821d8df05,"7.5.0, 7.6.0",src.test.java.emissary.pickup.WorkUnitTest.java,3,0,0,0,0,0,0,0,0,0,0,0,0,0,0.0,0.0,0,0,3,0,0,0,20,3,3,15,6,0.3,0,0,0,1,1,0,100.0,15,15,15,15,15,15,False
NationalSecurityAgency/emissary,ac7bce8ff81786c2cce1eacddddeb9f821d8df05,"7.5.0, 7.6.0",src.test.java.emissary.pickup.WorkSpaceTest.java,13,0,0,0,0,0,0,0,0,0,0,0,0,0,0.0,0.0,0,0,11,0,0,0,326,13,67,112,34,0.1,-3,-3,-3,1,1,0,100.0,64,64,64,67,67,67,False
NationalSecurityAgency/emissary,ac7bce8ff81786c2cce1eacddddeb9f821d8df05,"7.5.0, 7.6.0",src.test.java.emissary.pickup.WorkBundleTest.java,11,0,0,0,0,0,0,0,0,0,0,0,0,0,0.0,0.0,0,0,10,0,0,0,242,11,34,129,72,0.3,1,1,1,1,1,0,100.0,84,84,84,83,83,83,False
NationalSecurityAgency/emissary,ac7bce8ff81786c2cce1eacddddeb9f821d8df05,"7.5.0, 7.6.0",src.test.java.emissary.pickup.QueServerTest.java,2,0,0,0,0,0,0,0,0,0,0,0,0,0,0.0,0.0,0,0,1,0,0,0,110,2,5,8,4,0.04,0,0,0,1,1,0,100.0,16,16,16,16,16,16,False
NationalSecurityAgency/emissary,ac7bce8ff81786c2cce1eacddddeb9f821d8df05,"7.5.0, 7.6.0",src.test.java.emissary.pickup.PickupQueueTest.java,4,0,0,0,0,0,0,0,0,0,0,0,0,0,0.0,0.0,0,0,3,0,0,0,90,4,8,19,23,0.26,1,1,1,1,1,0,100.0,37,37,37,36,36,36,False
NationalSecurityAgency/emissary,ac7bce8ff81786c2cce1eacddddeb9f821d8df05,"7.5.0, 7.6.0",src.test.java.emissary.pickup.PickUpPlaceTest.java,5,0,0,0,0,0,0,0,0,0,0,0,0,0,0.0,0.0,0,0,5,0,0,0,17,5,5,10,5,0.29,0,0,0,2,1,0,100.0,14,7,7,14,7,7,False
NationalSecurityAgency/emissary,ac7bce8ff81786c2cce1eacddddeb9f821d8df05,"7.5.0, 7.6.0",src.test.java.emissary.parser.SimpleParserTest.java,5,0,0,0,0,0,0,0,0,0,0,0,0,0,0.0,0.0,0,0,4,0,0,0,94,6,15,59,30,0.32,-1,-1,-1,1,1,0,100.0,51,51,51,52,52,52,False
NationalSecurityAgency/emissary,ac7bce8ff81786c2cce1eacddddeb9f821d8df05,"7.5.0, 7.6.0",src.test.java.emissary.parser.SimpleNioParserTest.java,5,0,0,0,0,0,0,0,0,0,0,0,0,0,0.0,0.0,0,0,3,0,0,0,48,5,12,21,6,0.13,-2,-2,-2,1,1,0,100.0,21,21,21,23,23,23,False
NationalSecurityAgency/emissary,ac7bce8ff81786c2cce1eacddddeb9f821d8df05,"7.5.0, 7.6.0",src.test.java.emissary.parser.SessionProducerTest.java,3,0,0,0,0,0,0,0,0,0,0,0,0,0,0.0,0.0,0,0,3,0,0,0,40,3,6,26,13,0.33,0,0,0,1,1,0,100.0,21,21,21,21,21,21,False
NationalSecurityAgency/emissary,ac7bce8ff81786c2cce1eacddddeb9f821d8df05,"7.5.0, 7.6.0",src.test.java.emissary.parser.PositionRecordTest.java,3,0,0,0,0,0,0,0,0,0,0,0,0,0,0.0,0.0,0,0,3,0,0,0,21,3,3,9,6,0.29,0,0,0,1,1,0,100.0,12,12,12,12,12,12,False
NationalSecurityAgency/emissary,ac7bce8ff81786c2cce1eacddddeb9f821d8df05,"7.5.0, 7.6.0",src.test.java.emissary.parser.ParserFactoryTest.java,1,0,0,0,0,0,0,0,0,0,0,0,0,0,0.0,0.0,0,0,0,0,0,0,10,1,3,5,1,0.1,0,0,0,1,1,0,100.0,5,5,5,5,5,5,False
NationalSecurityAgency/emissary,ac7bce8ff81786c2cce1eacddddeb9f821d8df05,"7.5.0, 7.6.0",src.test.java.emissary.parser.InputSessionTest.java,6,0,0,0,0,0,0,0,0,0,0,0,0,0,0.0,0.0,0,0,5,0,0,0,43,6,10,16,16,0.37,0,0,0,1,1,0,100.0,21,21,21,21,21,21,False
NationalSecurityAgency/emissary,ac7bce8ff81786c2cce1eacddddeb9f821d8df05,"7.5.0, 7.6.0",src.test.java.emissary.parser.DecomposedSessionTest.java,19,0,0,0,0,0,0,0,0,0,0,0,0,0,0.0,0.0,0,0,18,0,0,0,133,19,25,78,40,0.3,-2,-2,-2,1,1,0,100.0,72,72,72,74,74,74,False
NationalSecurityAgency/emissary,ac7bce8ff81786c2cce1eacddddeb9f821d8df05,"7.5.0, 7.6.0",src.test.java.emissary.parser.DataIdentifierTest.java,7,0,0,0,0,0,0,0,0,0,0,0,0,0,0.0,0.0,0,0,6,0,0,0,60,7,16,26,11,0.18,0,0,0,1,1,0,100.0,26,26,26,26,26,26,False
NationalSecurityAgency/emissary,ac7bce8ff81786c2cce1eacddddeb9f821d8df05,"7.5.0, 7.6.0",src.test.java.emissary.parser.DataByteBufferSlicerTest.java,4,0,0,0,0,0,0,0,0,0,0,0,0,0,0.0,0.0,0,0,4,0,0,0,33,4,8,17,4,0.12,0,0,0,1,1,0,100.0,14,14,14,14,14,14,False
NationalSecurityAgency/emissary,ac7bce8ff81786c2cce1eacddddeb9f821d8df05,"7.5.0, 7.6.0",src.test.java.emissary.parser.DataByteArraySlicerTest.java,4,0,0,0,0,0,0,0,0,0,0,0,0,0,0.0,0.0,0,0,4,0,0,0,31,4,8,14,4,0.13,0,0,0,1,1,0,100.0,15,15,15,15,15,15,False
NationalSecurityAgency/emissary,ac7bce8ff81786c2cce1eacddddeb9f821d8df05,"7.5.0, 7.6.0",src.test.java.emissary.pool.AgentPoolTest.java,2,0,0,0,0,0,0,0,0,0,0,0,0,0,0.0,0.0,0,0,1,0,0,0,14,2,6,5,3,0.21,-13,-13,-13,1,1,0,100.0,27,27,27,40,40,40,False
NationalSecurityAgency/emissary,ac7bce8ff81786c2cce1eacddddeb9f821d8df05,"7.5.0, 7.6.0",src.test.java.emissary.output.roller.JournaledCoalescerTest.java,16,0,0,0,0,0,0,0,0,0,0,0,0,0,0.0,0.0,0,0,14,0,0,0,206,16,35,131,36,0.17,-14,-2,-7,2,1,0,100.0,80,43,40,94,55,47,False
NationalSecurityAgency/emissary,ac7bce8ff81786c2cce1eacddddeb9f821d8df05,"7.5.0, 7.6.0",src.test.java.emissary.output.filter.XmlOutputFilterTest.java,4,0,0,0,0,0,0,0,0,0,0,0,0,0,0.0,0.0,0,0,2,0,0,0,39,4,7,23,6,0.15,0,0,0,1,1,0,100.0,17,17,17,17,17,17,False
NationalSecurityAgency/emissary,ac7bce8ff81786c2cce1eacddddeb9f821d8df05,"7.5.0, 7.6.0",src.test.java.emissary.output.filter.JsonOutputFilterTest.java,15,0,0,0,0,0,0,0,0,0,0,0,0,0,0.0,0.0,0,0,13,0,0,0,253,15,27,167,49,0.19,0,0,0,1,1,0,100.0,75,75,75,75,75,75,False
NationalSecurityAgency/emissary,ac7bce8ff81786c2cce1eacddddeb9f821d8df05,"7.5.0, 7.6.0",src.test.java.emissary.output.filter.DataFilterTest.java,2,0,0,0,0,0,0,0,0,0,0,0,0,0,0.0,0.0,0,0,2,0,0,0,32,2,3,20,5,0.16,0,0,0,1,1,0,100.0,13,13,13,13,13,13,False
NationalSecurityAgency/emissary,ac7bce8ff81786c2cce1eacddddeb9f821d8df05,"7.5.0, 7.6.0",src.test.java.emissary.output.roller.journal.JournaledChannelTest.java,15,0,0,0,0,0,0,0,0,0,0,0,0,0,0.0,0.0,0,0,11,0,0,0,85,15,27,33,5,0.06,2,2,2,1,1,0,100.0,42,42,42,40,40,40,False
NationalSecurityAgency/emissary,ac7bce8ff81786c2cce1eacddddeb9f821d8df05,"7.5.0, 7.6.0",src.test.java.emissary.output.roller.journal.JournaledChannelPoolTest.java,5,0,0,0,0,0,0,0,0,0,0,0,0,0,0.0,0.0,0,0,2,0,0,0,59,5,12,25,4,0.07,1,1,1,1,1,0,100.0,14,14,14,13,13,13,False
NationalSecurityAgency/emissary,ac7bce8ff81786c2cce1eacddddeb9f821d8df05,"7.5.0, 7.6.0",src.test.java.emissary.output.roller.journal.JournalTest.java,6,0,0,0,0,0,0,0,0,0,0,0,0,0,0.0,0.0,0,0,3,0,0,0,67,6,16,21,5,0.07,-1,-1,-1,1,1,0,100.0,15,15,15,16,16,16,False
NationalSecurityAgency/emissary,ac7bce8ff81786c2cce1eacddddeb9f821d8df05,"7.5.0, 7.6.0",src.test.java.emissary.output.DropOffUtilTest.java,16,0,0,0,0,0,0,0,0,0,0,0,0,0,0.0,0.0,0,0,12,0,0,0,382,16,29,111,63,0.16,2,2,2,1,1,0,100.0,104,104,104,102,102,102,False
NationalSecurityAgency/emissary,ac7bce8ff81786c2cce1eacddddeb9f821d8df05,"7.5.0, 7.6.0",src.test.java.emissary.output.DropOffPlaceTest.java,5,0,0,0,0,0,0,0,0,0,0,0,0,0,0.0,0.0,0,0,2,0,0,0,50,7,20,26,6,0.12,-1,-1,-1,1,1,0,100.0,17,17,17,18,18,18,False
NationalSecurityAgency/emissary,ac7bce8ff81786c2cce1eacddddeb9f821d8df05,"7.5.0, 7.6.0",src.test.java.emissary.kff.SsdeepTest.java,10,0,0,0,0,0,0,0,0,0,0,0,0,0,0.0,0.0,0,0,8,0,0,0,124,10,22,36,10,0.08,-2,-2,-2,1,1,0,100.0,15,15,15,17,17,17,False
NationalSecurityAgency/emissary,ac7bce8ff81786c2cce1eacddddeb9f821d8df05,"7.5.0, 7.6.0",src.test.java.emissary.kff.KffQuincyFileTest.java,3,0,0,0,0,0,0,0,0,0,0,0,0,0,0.0,0.0,0,0,2,0,0,0,17,3,5,3,5,0.29,-3,-3,-3,1,1,0,100.0,8,8,8,11,11,11,False
NationalSecurityAgency/emissary,ac7bce8ff81786c2cce1eacddddeb9f821d8df05,"7.5.0, 7.6.0",src.test.java.emissary.kff.KffMemcachedTest.java,13,1,0,0,0,0,1,0,0,0,0,0,0,0,1.0,0.0,0,0,5,0,1,0,108,13,34,43,8,0.07,-1,-1,-1,1,1,0,100.0,36,36,36,37,37,37,False
NationalSecurityAgency/emissary,ac7bce8ff81786c2cce1eacddddeb9f821d8df05,"7.5.0, 7.6.0",src.test.java.emissary.kff.KffFileTest.java,4,0,0,0,0,0,0,0,0,0,0,0,0,0,0.0,0.0,0,0,3,0,0,0,41,4,8,11,6,0.15,-3,-3,-3,1,1,0,100.0,9,9,9,12,12,12,False
NationalSecurityAgency/emissary,ac7bce8ff81786c2cce1eacddddeb9f821d8df05,"7.5.0, 7.6.0",src.test.java.emissary.kff.KffDataObjectHandlerTest.java,8,2,0,0,0,0,0,2,0,0,0,0,0,0,2.0,0.0,0,0,3,0,3,0,78,8,14,37,21,0.27,0,0,0,1,1,0,100.0,9,9,9,9,9,9,False
NationalSecurityAgency/emissary,ac7bce8ff81786c2cce1eacddddeb9f821d8df05,"7.5.0, 7.6.0",src.test.java.emissary.kff.KffChainTest.java,3,0,0,0,0,0,0,0,0,0,0,0,0,0,0.0,0.0,0,0,3,0,0,0,77,3,13,39,24,0.31,0,0,0,1,1,0,100.0,7,7,7,7,7,7,False
NationalSecurityAgency/emissary,ac7bce8ff81786c2cce1eacddddeb9f821d8df05,"7.5.0, 7.6.0",src.test.java.emissary.kff.ChecksumResultsTest.java,1,0,0,0,0,0,0,0,0,0,0,0,0,0,0.0,0.0,0,0,1,0,0,0,19,1,4,7,5,0.26,0,0,0,1,1,0,100.0,3,3,3,3,3,3,False
NationalSecurityAgency/emissary,ac7bce8ff81786c2cce1eacddddeb9f821d8df05,"7.5.0, 7.6.0",src.test.java.emissary.kff.ChecksumCalculatorTest.java,6,0,0,0,0,0,0,0,0,0,0,0,0,0,0.0,0.0,0,0,6,0,0,0,117,6,29,66,48,0.41,0,0,0,1,1,0,100.0,8,8,8,8,8,8,False
NationalSecurityAgency/emissary,ac7bce8ff81786c2cce1eacddddeb9f821d8df05,"7.5.0, 7.6.0",src.test.java.emissary.id.SizeIdPlaceTest.java,6,0,0,0,0,0,0,0,0,0,0,0,0,0,0.0,0.0,0,0,4,0,0,0,27,6,11,15,5,0.19,0,0,0,1,1,0,100.0,16,16,16,16,16,16,False
NationalSecurityAgency/emissary,ac7bce8ff81786c2cce1eacddddeb9f821d8df05,"7.5.0, 7.6.0",src.test.java.emissary.id.IdPlaceTest.java,7,0,0,0,0,0,0,0,0,0,0,0,0,0,0.0,0.0,0,0,5,0,0,0,63,7,16,39,11,0.17,0,0,0,1,1,0,100.0,23,23,23,23,23,23,False
NationalSecurityAgency/emissary,ac7bce8ff81786c2cce1eacddddeb9f821d8df05,"7.5.0, 7.6.0",src.test.java.emissary.directory.WildcardEntryTest.java,8,0,0,0,0,0,0,0,0,0,0,0,0,0,0.0,0.0,0,0,8,0,0,0,93,8,16,43,28,0.3,0,0,0,1,1,0,100.0,40,40,40,40,40,40,False
NationalSecurityAgency/emissary,ac7bce8ff81786c2cce1eacddddeb9f821d8df05,"7.5.0, 7.6.0",src.test.java.emissary.directory.KeyManipulatorTest.java,11,0,0,0,0,0,0,0,0,0,0,0,0,0,0.0,0.0,0,0,11,0,0,0,115,11,13,41,62,0.54,6,6,6,1,1,0,100.0,94,94,94,88,88,88,False
NationalSecurityAgency/emissary,ac7bce8ff81786c2cce1eacddddeb9f821d8df05,"7.5.0, 7.6.0",src.test.java.emissary.directory.HeartbeatManagerTest.java,4,0,0,0,0,0,0,0,0,0,0,0,0,0,0.0,0.0,0,0,4,0,0,0,43,4,6,30,4,0.09,-1,0,0,2,1,0,100.0,15,8,8,16,8,8,False
NationalSecurityAgency/emissary,ac7bce8ff81786c2cce1eacddddeb9f821d8df05,"7.5.0, 7.6.0",src.test.java.emissary.directory.DirectoryPlaceTest.java,6,0,0,0,0,0,0,0,0,0,0,0,0,0,0.0,0.0,0,0,4,0,0,0,100,6,11,56,15,0.15,-1,-1,-1,1,1,0,100.0,36,36,36,37,37,37,False
NationalSecurityAgency/emissary,ac7bce8ff81786c2cce1eacddddeb9f821d8df05,"7.5.0, 7.6.0",src.test.java.emissary.directory.DirectoryEntryTest.java,14,0,0,0,0,0,0,0,0,0,0,0,0,0,0.0,0.0,0,0,12,0,0,0,131,14,18,86,65,0.5,0,0,0,1,1,0,100.0,91,91,91,91,91,91,False
NationalSecurityAgency/emissary,ac7bce8ff81786c2cce1eacddddeb9f821d8df05,"7.5.0, 7.6.0",src.test.java.emissary.directory.DirectoryEntryMapTest.java,12,0,0,0,0,0,0,0,0,0,0,0,0,0,0.0,0.0,0,0,10,0,0,0,166,12,22,66,57,0.34,-1,-1,-1,1,1,0,100.0,91,91,91,92,92,92,False
NationalSecurityAgency/emissary,ac7bce8ff81786c2cce1eacddddeb9f821d8df05,"7.5.0, 7.6.0",src.test.java.emissary.directory.DirectoryEntryListTest.java,15,0,0,0,0,0,0,0,0,0,0,0,0,0,0.0,0.0,0,0,13,0,0,0,143,15,20,74,42,0.29,-7,-7,-7,1,1,0,100.0,77,77,77,84,84,84,False
NationalSecurityAgency/emissary,ac7bce8ff81786c2cce1eacddddeb9f821d8df05,"7.5.0, 7.6.0",src.test.java.emissary.config.ServiceConfigGuideTest.java,33,0,0,0,0,0,0,0,0,0,0,0,0,0,0.0,0.0,0,0,33,0,0,0,492,33,74,228,164,0.33,1,1,1,1,1,0,100.0,218,218,218,217,217,217,False
NationalSecurityAgency/emissary,ac7bce8ff81786c2cce1eacddddeb9f821d8df05,"7.5.0, 7.6.0",src.test.java.emissary.config.ConfigUtilTest.java,34,0,0,0,0,0,0,0,0,0,0,0,0,0,0.0,0.0,0,0,30,0,0,0,414,34,72,243,73,0.18,-6,-6,-6,1,1,0,100.0,125,125,125,131,131,131,False
NationalSecurityAgency/emissary,ac7bce8ff81786c2cce1eacddddeb9f821d8df05,"7.5.0, 7.6.0",src.test.java.emissary.command.converter.WorkspaceSortModeConverterTest.java,6,0,0,0,0,0,0,0,0,0,0,0,0,0,0.0,0.0,0,0,0,0,0,0,27,6,8,10,5,0.19,0,0,0,2,1,0,100.0,16,9,8,16,9,8,False
NationalSecurityAgency/emissary,ac7bce8ff81786c2cce1eacddddeb9f821d8df05,"7.5.0, 7.6.0",src.test.java.emissary.command.converter.PriorityDirectoryConverterTest.java,6,0,0,0,0,0,0,0,0,0,0,0,0,0,0.0,0.0,0,0,0,0,0,0,31,6,7,17,9,0.29,-5,-1,-2,2,1,0,100.0,23,13,12,28,17,14,False
NationalSecurityAgency/emissary,ac7bce8ff81786c2cce1eacddddeb9f821d8df05,"7.5.0, 7.6.0",src.test.java.emissary.command.BaseCommandTest.java,1,0,0,0,0,0,0,0,0,0,0,0,0,0,0.0,0.0,0,0,1,0,0,0,12,1,2,5,1,0.08,0,0,0,1,1,0,100.0,4,4,4,4,4,4,False
NationalSecurityAgency/emissary,ac7bce8ff81786c2cce1eacddddeb9f821d8df05,"7.5.0, 7.6.0",src.test.java.emissary.client.HTTPConnectionFactoryTest.java,5,0,0,0,0,0,0,0,0,0,0,0,0,0,0.0,0.0,0,0,1,0,0,0,46,5,9,19,3,0.07,-1,-1,-1,1,1,0,100.0,13,13,13,14,14,14,False
NationalSecurityAgency/emissary,ac7bce8ff81786c2cce1eacddddeb9f821d8df05,"7.5.0, 7.6.0",src.test.java.emissary.client.EmissaryClientTest.java,4,0,0,0,0,0,0,0,0,0,0,0,0,0,0.0,0.0,0,0,4,0,0,0,75,4,8,45,12,0.16,-1,0,0,2,1,0,100.0,26,13,13,27,14,14,False
NationalSecurityAgency/emissary,ac7bce8ff81786c2cce1eacddddeb9f821d8df05,"7.5.0, 7.6.0",src.test.java.emissary.admin.StartupTest.java,1,0,0,0,0,0,0,0,0,0,0,0,0,0,0.0,0.0,0,0,1,0,0,0,18,1,2,9,2,0.11,1,1,0,2,1,0,100.0,8,5,4,7,4,4,False
NationalSecurityAgency/emissary,ac7bce8ff81786c2cce1eacddddeb9f821d8df05,"7.5.0, 7.6.0",src.test.java.emissary.roll.RollManagerTest.java,4,0,0,0,0,0,0,0,0,0,0,0,0,0,0.0,0.0,0,0,4,0,0,0,59,7,14,27,8,0.14,2,2,2,1,1,0,100.0,24,24,24,22,22,22,False
NationalSecurityAgency/emissary,ac7bce8ff81786c2cce1eacddddeb9f821d8df05,"7.5.0, 7.6.0",src.test.java.emissary.place.UnixCommandPlaceTest.java,10,0,0,0,0,0,0,0,0,0,0,0,0,0,0.0,0.0,0,0,5,0,0,0,107,10,27,73,15,0.14,1,1,1,1,1,0,100.0,38,38,38,37,37,37,False
NationalSecurityAgency/emissary,ac7bce8ff81786c2cce1eacddddeb9f821d8df05,"7.5.0, 7.6.0",src.test.java.emissary.roll.RollerTest.java,2,0,0,0,0,0,0,0,0,0,0,0,0,0,0.0,0.0,0,0,2,0,0,0,33,2,2,15,9,0.27,-2,-2,-2,1,1,0,100.0,11,11,11,13,13,13,False
NationalSecurityAgency/emissary,ac7bce8ff81786c2cce1eacddddeb9f821d8df05,"7.5.0, 7.6.0",src.test.java.emissary.place.ServiceProviderPlaceTest.java,24,0,0,0,0,0,0,0,0,0,0,0,0,0,0.0,0.0,0,1,21,0,1,0,339,24,49,134,98,0.29,2,2,2,1,1,0,100.0,128,128,128,126,126,126,False
NationalSecurityAgency/emissary,ac7bce8ff81786c2cce1eacddddeb9f821d8df05,"7.5.0, 7.6.0",src.test.java.emissary.place.RehashingPlaceTest.java,1,0,0,0,0,0,0,0,0,0,0,0,0,0,,,0,0,1,0,0,0,36,1,2,12,3,0.08,0,0,0,1,1,0,100.0,10,10,10,10,10,10,False
NationalSecurityAgency/emissary,ac7bce8ff81786c2cce1eacddddeb9f821d8df05,"7.5.0, 7.6.0",src.test.java.emissary.place.MultiFileUnixCommandPlaceTest.java,10,0,0,0,0,0,0,0,0,0,0,0,0,0,0.0,0.0,0,0,5,1,0,0,124,10,29,82,31,0.25,-14,-14,-14,1,1,0,100.0,56,56,56,70,70,70,False
NationalSecurityAgency/emissary,ac7bce8ff81786c2cce1eacddddeb9f821d8df05,"7.5.0, 7.6.0",src.test.java.emissary.place.MultiFileServerPlaceTest.java,10,0,0,0,0,0,0,0,0,0,0,0,0,0,0.0,0.0,0,0,8,0,0,0,89,10,18,46,11,0.12,-11,-11,-11,1,1,0,100.0,32,32,32,43,43,43,False
NationalSecurityAgency/emissary,ac7bce8ff81786c2cce1eacddddeb9f821d8df05,"7.5.0, 7.6.0",src.test.java.emissary.place.MainTest.java,19,0,0,0,0,0,0,0,0,0,0,0,0,0,0.0,0.0,0,0,16,0,0,0,252,19,36,111,45,0.18,8,8,8,1,1,0,100.0,81,81,81,73,73,73,False
NationalSecurityAgency/emissary,ac7bce8ff81786c2cce1eacddddeb9f821d8df05,"7.5.0, 7.6.0",src.test.java.emissary.place.KffHashPlaceTest.java,1,0,0,1,0,0,0,0,0,0,0,0,0,0,0.0,0.0,0,0,1,0,0,0,17,2,3,6,2,0.12,1,1,1,1,1,0,100.0,6,6,6,5,5,5,False
NationalSecurityAgency/emissary,ac7bce8ff81786c2cce1eacddddeb9f821d8df05,"7.5.0, 7.6.0",src.test.java.emissary.place.CoordinationPlaceTest.java,6,0,0,0,0,0,0,0,0,0,0,0,0,0,0.0,0.0,0,0,0,0,0,0,36,6,12,34,5,0.14,0,0,0,1,1,0,100.0,12,12,12,12,12,12,False
NationalSecurityAgency/emissary,ac7bce8ff81786c2cce1eacddddeb9f821d8df05,"7.5.0, 7.6.0",src.test.java.emissary.transform.decode.JsonEscapeTest.java,6,0,0,0,0,0,0,0,0,0,0,0,0,0,0.0,0.0,0,0,6,0,0,0,32,6,6,18,6,0.19,0,0,0,1,1,0,100.0,15,15,15,15,15,15,False
NationalSecurityAgency/emissary,ac7bce8ff81786c2cce1eacddddeb9f821d8df05,"7.5.0, 7.6.0",src.test.java.emissary.transform.decode.HtmlEscapeTest.java,36,0,0,0,0,0,0,0,0,0,0,0,0,0,0.0,0.0,0,0,36,0,0,0,177,36,54,107,42,0.24,0,0,0,1,1,0,100.0,84,84,84,84,84,84,False
NationalSecurityAgency/emissary,ac7bce8ff81786c2cce1eacddddeb9f821d8df05,"7.5.0, 7.6.0",src.test.java.emissary.server.mvc.TransferDirectoryActionTest.java,1,0,0,0,0,0,0,0,0,0,0,0,0,0,0.0,0.0,0,0,1,0,0,0,4,1,1,0,0,0.0,0,0,0,1,1,0,100.0,5,5,5,5,5,5,False
NationalSecurityAgency/emissary,ac7bce8ff81786c2cce1eacddddeb9f821d8df05,"7.5.0, 7.6.0",src.test.java.emissary.server.mvc.ThreadDumpActionTest.java,1,0,0,0,0,0,0,0,0,0,0,0,0,0,0.0,0.0,0,0,1,0,0,0,4,1,1,0,0,0.0,0,0,0,1,1,0,100.0,5,5,5,5,5,5,False
NationalSecurityAgency/emissary,ac7bce8ff81786c2cce1eacddddeb9f821d8df05,"7.5.0, 7.6.0",src.test.java.emissary.server.mvc.ShutdownActionTest.java,1,0,0,0,0,0,0,0,0,0,0,0,0,0,0.0,0.0,0,0,1,0,0,0,4,1,1,0,0,0.0,0,0,0,1,1,0,100.0,5,5,5,5,5,5,False
NationalSecurityAgency/emissary,ac7bce8ff81786c2cce1eacddddeb9f821d8df05,"7.5.0, 7.6.0",src.test.java.emissary.server.mvc.NamespaceActionTest.java,1,0,0,0,0,0,0,0,0,0,0,0,0,0,0.0,0.0,0,0,1,0,0,0,4,1,1,0,0,0.0,0,0,0,1,1,0,100.0,5,5,5,5,5,5,False
NationalSecurityAgency/emissary,ac7bce8ff81786c2cce1eacddddeb9f821d8df05,"7.5.0, 7.6.0",src.test.java.emissary.server.mvc.EnvironmentActionTest.java,1,0,0,0,0,0,0,0,0,0,0,0,0,0,0.0,0.0,0,0,1,0,0,0,4,1,1,0,0,0.0,0,0,0,1,1,0,100.0,5,5,5,5,5,5,False
NationalSecurityAgency/emissary,ac7bce8ff81786c2cce1eacddddeb9f821d8df05,"7.5.0, 7.6.0",src.test.java.emissary.server.mvc.DumpDirectoryActionTest.java,1,0,0,0,0,0,0,0,0,0,0,0,0,0,0.0,0.0,0,0,1,0,0,0,4,1,1,0,0,0.0,0,0,0,1,1,0,100.0,5,5,5,5,5,5,False
NationalSecurityAgency/emissary,ac7bce8ff81786c2cce1eacddddeb9f821d8df05,"7.5.0, 7.6.0",src.test.java.emissary.server.api.VersionTest.java,1,0,0,0,0,0,0,0,0,0,0,0,0,0,0.0,0.0,0,0,1,0,0,0,5,1,1,1,0,0.0,0,0,0,1,1,0,100.0,6,6,6,6,6,6,False
NationalSecurityAgency/emissary,ac7bce8ff81786c2cce1eacddddeb9f821d8df05,"7.5.0, 7.6.0",src.test.java.emissary.server.api.PoolTest.java,1,0,0,0,0,0,0,0,0,0,0,0,0,0,0.0,0.0,0,0,1,0,0,0,5,1,1,1,0,0.0,0,0,0,1,1,0,100.0,6,6,6,6,6,6,False
NationalSecurityAgency/emissary,ac7bce8ff81786c2cce1eacddddeb9f821d8df05,"7.5.0, 7.6.0",src.test.java.emissary.server.api.MetricsActionTest.java,1,0,0,0,0,0,0,0,0,0,0,0,0,0,0.0,0.0,0,0,1,0,0,0,5,1,1,1,0,0.0,0,0,0,1,1,0,100.0,6,6,6,6,6,6,False
NationalSecurityAgency/emissary,ac7bce8ff81786c2cce1eacddddeb9f821d8df05,"7.5.0, 7.6.0",src.test.java.emissary.server.api.HealthCheckActionTest.java,1,0,0,0,0,0,0,0,0,0,0,0,0,0,0.0,0.0,0,0,1,0,0,0,5,1,1,1,0,0.0,0,0,0,1,1,0,100.0,6,6,6,6,6,6,False
NationalSecurityAgency/emissary,ac7bce8ff81786c2cce1eacddddeb9f821d8df05,"7.5.0, 7.6.0",src.test.java.emissary.server.api.EnvTest.java,1,0,0,0,0,0,0,0,0,0,0,0,0,0,0.0,0.0,0,0,1,0,0,0,5,1,1,1,0,0.0,0,0,0,1,1,0,100.0,6,6,6,6,6,6,False
NationalSecurityAgency/emissary,ac7bce8ff81786c2cce1eacddddeb9f821d8df05,"7.5.0, 7.6.0",src.test.java.emissary.server.api.ApiUtilsTest.java,9,0,0,0,0,0,0,0,0,0,0,0,0,0,0.0,0.0,0,0,0,0,0,0,46,9,12,24,6,0.13,-9,-1,-4,2,1,0,100.0,28,22,14,37,30,18,False
NationalSecurityAgency/emissary,ac7bce8ff81786c2cce1eacddddeb9f821d8df05,"7.5.0, 7.6.0",src.test.java.emissary.server.api.AgentsTest.java,4,0,0,0,0,0,0,0,0,0,0,0,0,0,0.0,0.0,0,0,0,0,0,0,29,4,5,25,5,0.17,-2,1,-1,2,1,0,100.0,21,11,10,23,14,12,False
NationalSecurityAgency/emissary,ac7bce8ff81786c2cce1eacddddeb9f821d8df05,"7.5.0, 7.6.0",src.test.java.emissary.server.InitializeContextTest.java,1,0,0,0,0,0,0,0,0,0,0,0,0,0,0.0,0.0,0,0,1,0,0,0,4,1,1,0,0,0.0,0,0,0,1,1,0,100.0,5,5,5,5,5,5,False
NationalSecurityAgency/emissary,ac7bce8ff81786c2cce1eacddddeb9f821d8df05,"7.5.0, 7.6.0",src.test.java.emissary.EmissaryTest.java,10,0,0,0,0,0,0,0,0,0,0,0,0,0,0.0,0.0,0,0,9,0,0,0,130,10,13,45,15,0.12,-3,-1,-2,2,1,0,100.0,37,20,18,40,21,20,False
NationalSecurityAgency/emissary,109cf9dda158f7252930dfe57123c32bd31d5bf3,"7.6.0, 7.7.0",src.test.java.emissary.place.UnixCommandPlaceTest.java,10,0,0,0,0,0,0,0,0,0,0,0,0,0,0.0,0.0,0,0,5,0,0,0,108,10,27,75,15,0.14,1,1,1,1,1,0,100.0,4,4,4,3,3,3,False
NationalSecurityAgency/emissary,109cf9dda158f7252930dfe57123c32bd31d5bf3,"7.6.0, 7.7.0",src.test.java.emissary.config.ServiceConfigGuideTest.java,33,0,0,0,0,0,0,0,0,0,0,0,0,0,0.0,0.0,0,0,33,0,0,0,487,33,74,230,164,0.34,-10,-10,-10,1,1,0,100.0,11,11,11,21,21,21,False
NationalSecurityAgency/emissary,109cf9dda158f7252930dfe57123c32bd31d5bf3,"7.6.0, 7.7.0",src.test.java.emissary.config.ConfigUtilTest.java,34,0,0,0,0,0,0,0,0,0,0,0,0,0,0.0,0.0,0,0,30,0,0,0,416,34,72,246,73,0.18,9,10,4,2,2,0,82.76,19,17,10,10,7,5,False
NationalSecurityAgency/emissary,22330be1c8cc2e5e46a9967de4dab2bde8b5ad4d,"7.7.0, 7.8.0",src.test.java.emissary.server.InitializeContextTest.java,2,0,0,0,0,0,0,0,0,0,0,0,0,0,0.0,0.0,0,0,1,0,0,0,14,2,5,5,0,0.0,20,20,20,1,1,0,100.0,24,24,24,4,4,4,False
NationalSecurityAgency/emissary,22330be1c8cc2e5e46a9967de4dab2bde8b5ad4d,"7.7.0, 7.8.0",src.test.java.emissary.output.roller.journal.JournaledChannelTest.java,12,0,0,0,0,0,0,0,0,0,0,0,0,0,0.0,0.0,0,0,8,0,0,0,85,12,25,42,11,0.13,-5,-5,-5,1,1,0,100.0,21,21,21,26,26,26,False
NationalSecurityAgency/emissary,49392711bc705029ed2cbd7aefea910b3566ad88,"7.8.0, 7.9.0",src.test.java.emissary.util.roll.RollableFileOutputStreamTest.java,8,0,0,0,0,0,0,0,0,0,0,0,0,0,0.0,0.0,0,0,6,0,0,0,98,8,19,48,13,0.13,-9,0,-4,2,1,0,100.0,4,3,2,13,12,6,False
NationalSecurityAgency/emissary,49392711bc705029ed2cbd7aefea910b3566ad88,"7.8.0, 7.9.0",src.test.java.emissary.util.io.ListOpenFilesTest.java,3,0,0,0,0,0,0,0,0,0,0,0,0,0,0.0,0.0,0,0,0,0,0,0,24,3,7,13,3,0.13,0,0,0,2,1,0,100.0,4,3,2,4,3,2,False
NationalSecurityAgency/emissary,49392711bc705029ed2cbd7aefea910b3566ad88,"7.8.0, 7.9.0",src.test.java.emissary.place.UnixCommandPlaceTest.java,10,0,0,0,0,0,0,0,0,0,0,0,0,0,0.0,0.0,0,0,5,0,0,0,109,10,27,76,15,0.14,1,1,0,2,1,0,100.0,3,2,2,2,1,1,False
NationalSecurityAgency/emissary,49392711bc705029ed2cbd7aefea910b3566ad88,"7.8.0, 7.9.0",src.test.java.emissary.place.MultiFileUnixCommandPlaceTest.java,10,0,0,0,0,0,0,0,0,0,0,0,0,0,0.0,0.0,0,0,5,1,0,0,125,10,29,82,31,0.25,3,3,2,2,1,0,100.0,9,8,4,6,5,3,False
NationalSecurityAgency/emissary,49392711bc705029ed2cbd7aefea910b3566ad88,"7.8.0, 7.9.0",src.test.java.emissary.output.roller.journal.JournaledChannelTest.java,10,0,0,0,0,0,0,0,0,0,0,0,0,0,0.0,0.0,0,0,8,0,0,0,79,10,20,40,11,0.14,-11,0,-6,2,1,0,100.0,3,2,2,14,13,7,False
NationalSecurityAgency/emissary,49392711bc705029ed2cbd7aefea910b3566ad88,"7.8.0, 7.9.0",src.test.java.emissary.output.roller.journal.JournaledChannelPoolTest.java,5,0,0,0,0,0,0,0,0,0,0,0,0,0,0.0,0.0,0,0,2,0,0,0,59,5,12,24,4,0.07,-1,0,0,2,1,0,100.0,4,3,2,5,4,2,False
NationalSecurityAgency/emissary,49392711bc705029ed2cbd7aefea910b3566ad88,"7.8.0, 7.9.0",src.test.java.emissary.output.roller.journal.JournalTest.java,5,0,0,0,0,0,0,0,0,0,0,0,0,0,0.0,0.0,0,0,3,0,0,0,63,5,14,19,5,0.08,-10,0,-5,2,1,0,100.0,4,3,2,14,13,7,False
NationalSecurityAgency/emissary,49392711bc705029ed2cbd7aefea910b3566ad88,"7.8.0, 7.9.0",src.test.java.emissary.output.roller.JournaledCoalescerTest.java,16,0,0,0,0,0,0,0,0,0,0,0,0,0,0.0,0.0,0,0,14,0,0,0,206,16,35,133,36,0.17,0,0,0,2,1,0,100.0,7,6,4,7,6,4,False
NationalSecurityAgency/emissary,49392711bc705029ed2cbd7aefea910b3566ad88,"7.8.0, 7.9.0",src.test.java.emissary.output.filter.XmlOutputFilterTest.java,4,0,0,0,0,0,0,0,0,0,0,0,0,0,0.0,0.0,0,0,2,0,0,0,39,4,7,22,6,0.15,1,1,0,2,1,0,100.0,4,3,2,3,2,2,False
NationalSecurityAgency/emissary,49392711bc705029ed2cbd7aefea910b3566ad88,"7.8.0, 7.9.0",src.test.java.emissary.output.filter.JsonOutputFilterTest.java,15,0,0,0,0,0,0,0,0,0,0,0,0,0,0.0,0.0,0,0,13,0,0,0,253,15,27,166,49,0.19,1,1,0,2,1,0,100.0,4,3,2,3,2,2,False
NationalSecurityAgency/emissary,49392711bc705029ed2cbd7aefea910b3566ad88,"7.8.0, 7.9.0",src.test.java.emissary.output.DropOffPlaceTest.java,6,0,0,0,0,0,0,0,0,0,0,0,0,0,0.0,0.0,0,0,3,0,0,0,70,8,23,37,12,0.17,34,33,11,3,2,0,83.33,38,34,13,4,2,1,False
NationalSecurityAgency/emissary,49392711bc705029ed2cbd7aefea910b3566ad88,"7.8.0, 7.9.0",src.test.java.emissary.config.ServiceConfigGuideTest.java,33,0,0,0,0,0,0,0,0,0,0,0,0,0,0.0,0.0,0,0,33,0,0,0,481,33,74,225,164,0.34,-10,0,-5,2,1,0,100.0,8,7,4,18,17,9,False
NationalSecurityAgency/emissary,49392711bc705029ed2cbd7aefea910b3566ad88,"7.8.0, 7.9.0",src.test.java.emissary.config.ConfigUtilTest.java,34,0,0,0,0,0,0,0,0,0,0,0,0,0,0.0,0.0,0,0,30,0,0,0,415,34,72,244,73,0.18,-1,0,0,2,1,0,100.0,3,2,2,4,3,2,False
NationalSecurityAgency/emissary,49392711bc705029ed2cbd7aefea910b3566ad88,"7.8.0, 7.9.0",src.test.java.emissary.command.converter.PathExistsReadableConverterTest.java,4,0,0,0,0,0,0,0,0,0,0,0,0,0,0.0,0.0,0,0,0,0,0,0,26,4,7,15,4,0.15,-7,0,-4,2,1,0,100.0,4,3,2,11,10,6,False
NationalSecurityAgency/emissary,49392711bc705029ed2cbd7aefea910b3566ad88,"7.8.0, 7.9.0",src.test.java.emissary.transform.JsonEscapePlaceTest.java,2,0,0,0,0,0,0,0,0,0,0,0,0,0,0.0,0.0,0,0,0,0,0,0,8,2,5,1,0,0.0,-10,-10,-10,1,1,0,100.0,4,4,4,14,14,14,False
NationalSecurityAgency/emissary,49392711bc705029ed2cbd7aefea910b3566ad88,"7.8.0, 7.9.0",src.test.java.emissary.transform.JavascriptEscapePlaceTest.java,2,0,0,0,0,0,0,0,0,0,0,0,0,0,0.0,0.0,0,0,0,0,0,0,8,2,5,1,0,0.0,-10,-10,-10,1,1,0,100.0,4,4,4,14,14,14,False
NationalSecurityAgency/emissary,49392711bc705029ed2cbd7aefea910b3566ad88,"7.8.0, 7.9.0",src.test.java.emissary.transform.HtmlEscapePlaceTest.java,2,0,0,0,0,0,0,0,0,0,0,0,0,0,0.0,0.0,0,0,0,0,0,0,50,2,5,1,0,0.0,63,73,32,2,1,0,100.0,77,73,38,14,14,7,False
NationalSecurityAgency/emissary,49392711bc705029ed2cbd7aefea910b3566ad88,"7.8.0, 7.9.0",src.test.java.emissary.id.UnixFilePlaceTest.java,2,0,0,0,0,0,0,0,0,0,0,0,0,0,0.0,0.0,0,0,0,0,0,0,8,2,5,1,0,0.0,-7,-7,-7,1,1,0,100.0,5,5,5,12,12,12,False
NationalSecurityAgency/emissary,49392711bc705029ed2cbd7aefea910b3566ad88,"7.8.0, 7.9.0",src.test.java.emissary.id.TikaFilePlaceTest.java,2,0,0,0,0,0,0,0,0,0,0,0,0,0,0.0,0.0,0,0,0,0,0,0,8,2,5,1,0,0.0,-7,-7,-7,1,1,0,100.0,5,5,5,12,12,12,False
NationalSecurityAgency/emissary,49392711bc705029ed2cbd7aefea910b3566ad88,"7.8.0, 7.9.0",src.test.java.emissary.core.TimedResourceTest.java,4,0,0,0,0,0,0,0,0,0,0,0,0,0,0.0,0.0,0,0,3,0,0,0,56,4,7,19,6,0.11,-6,-6,-6,1,1,0,100.0,5,5,5,11,11,11,False
NationalSecurityAgency/emissary,49392711bc705029ed2cbd7aefea910b3566ad88,"7.8.0, 7.9.0",src.test.java.emissary.place.MainTest.java,18,0,0,0,0,0,0,0,0,0,0,0,0,0,0.0,0.0,0,0,16,0,0,0,239,18,31,108,46,0.19,-15,-15,-15,1,1,0,100.0,13,13,13,28,28,28,False
NationalSecurityAgency/emissary,24eff1f4028aa42f199644145515aab895949433,"7.9.0, 7.10.0",src.test.java.emissary.pool.AgentPoolTest.java,2,0,0,0,0,0,0,0,0,0,0,0,0,0,0.0,0.0,0,0,1,0,0,0,14,2,6,5,3,0.21,2,2,2,1,1,0,100.0,3,3,3,1,1,1,False
NationalSecurityAgency/emissary,24eff1f4028aa42f199644145515aab895949433,"7.9.0, 7.10.0",src.test.java.emissary.kff.KffMemcachedTest.java,13,0,0,0,0,0,0,0,0,0,0,0,0,0,0.0,0.0,0,0,6,0,0,0,110,13,35,45,8,0.07,4,3,2,2,2,0,64.29,9,5,4,5,4,2,False
NationalSecurityAgency/emissary,24eff1f4028aa42f199644145515aab895949433,"7.9.0, 7.10.0",src.test.java.emissary.util.PkiUtilTest.java,7,0,0,0,0,0,0,0,0,0,0,0,0,0,0.0,0.0,0,0,5,0,0,0,61,7,18,39,18,0.3,0,0,0,1,1,0,100.0,4,4,4,4,4,4,False
NationalSecurityAgency/emissary,24eff1f4028aa42f199644145515aab895949433,"7.9.0, 7.10.0",src.test.java.emissary.util.CharacterCounterSetTest.java,2,0,0,0,0,0,0,0,0,0,0,0,0,0,0.0,0.0,0,0,1,0,0,0,13,2,3,7,4,0.31,-32,-32,-32,1,1,0,100.0,24,24,24,56,56,56,False
NationalSecurityAgency/emissary,24eff1f4028aa42f199644145515aab895949433,"7.9.0, 7.10.0",src.test.java.emissary.parser.DataIdentifierTest.java,5,0,0,0,0,0,0,0,0,0,0,0,0,0,0.0,0.0,0,0,3,0,0,0,42,5,12,15,8,0.19,-13,-13,-13,1,1,0,100.0,18,18,18,31,31,31,False
NationalSecurityAgency/emissary,24eff1f4028aa42f199644145515aab895949433,"7.9.0, 7.10.0",src.test.java.emissary.kff.KffDataObjectHandlerTest.java,8,0,0,0,0,0,0,0,0,0,0,0,0,0,0.0,0.0,0,0,6,0,0,0,78,8,14,38,21,0.27,0,0,0,1,1,0,100.0,3,3,3,3,3,3,False
NationalSecurityAgency/emissary,24eff1f4028aa42f199644145515aab895949433,"7.9.0, 7.10.0",src.test.java.emissary.core.BaseDataObjectTest.java,96,0,0,0,0,0,0,0,0,0,0,0,0,0,0.0,0.0,0,0,93,0,0,0,782,96,128,455,263,0.34,17,28,8,2,1,0,100.0,44,28,22,27,27,14,False
NationalSecurityAgency/emissary,24eff1f4028aa42f199644145515aab895949433,"7.9.0, 7.10.0",src.test.java.emissary.config.ServiceConfigGuideTest.java,29,0,0,0,0,0,0,0,0,0,0,0,0,0,0.0,0.0,0,0,28,0,0,0,438,29,65,195,152,0.35,-43,-43,-43,1,1,0,100.0,19,19,19,62,62,62,False
NationalSecurityAgency/emissary,82a790b9457a061dfa294e95abbb1cda5317b4dc,"7.10.0, 7.11.0",src.test.java.emissary.core.channels.FileChannelFactoryTest.java,7,0,0,0,0,0,0,0,0,0,0,0,0,0,0.0,0.0,0,0,7,0,0,0,64,7,13,48,13,0.2,109,135,54,2,1,0,100.0,135,135,68,26,26,13,False
NationalSecurityAgency/emissary,82a790b9457a061dfa294e95abbb1cda5317b4dc,"7.10.0, 7.11.0",src.test.java.emissary.kff.ChecksumCalculatorTest.java,7,0,0,0,0,0,0,0,0,0,0,0,0,0,0.0,0.0,0,0,7,0,0,0,133,7,26,79,52,0.39,24,20,8,3,2,0,67.39,35,20,12,11,7,4,False
NationalSecurityAgency/emissary,82a790b9457a061dfa294e95abbb1cda5317b4dc,"7.10.0, 7.11.0",src.test.java.emissary.core.channels.ImmutableChannelFactoryTest.java,3,0,0,0,0,0,0,0,0,0,0,0,0,0,0.0,0.0,0,0,3,0,0,0,31,4,10,18,6,0.19,53,45,26,2,1,0,100.0,56,45,28,3,3,2,False
NationalSecurityAgency/emissary,82a790b9457a061dfa294e95abbb1cda5317b4dc,"7.10.0, 7.11.0",src.test.java.emissary.core.channels.FillChannelFactoryTest.java,3,0,0,0,0,0,0,0,0,0,0,0,0,0,0.0,0.0,0,0,3,0,0,0,24,3,7,12,3,0.13,50,47,25,2,1,0,100.0,55,47,28,5,5,2,False
NationalSecurityAgency/emissary,82a790b9457a061dfa294e95abbb1cda5317b4dc,"7.10.0, 7.11.0",src.test.java.emissary.core.channels.AbstractSeekableByteChannelTest.java,7,0,0,0,0,0,0,0,0,0,0,0,0,0,0.0,0.0,0,0,7,0,0,0,83,7,14,26,25,0.3,128,104,64,2,1,0,100.0,155,104,78,27,27,14,False
NationalSecurityAgency/emissary,82a790b9457a061dfa294e95abbb1cda5317b4dc,"7.10.0, 7.11.0",src.test.java.emissary.core.IBaseDataObjectHelperTest.java,60,0,0,0,0,0,0,0,0,0,0,0,0,0,0.0,0.0,0,0,53,0,0,0,407,64,140,177,19,0.05,614,824,307,2,1,0,100.0,960,824,480,346,346,173,False
NationalSecurityAgency/emissary,82a790b9457a061dfa294e95abbb1cda5317b4dc,"7.10.0, 7.11.0",src.test.java.emissary.core.BaseDataObjectTest.java,110,0,0,0,0,0,0,0,0,0,0,0,0,0,0.0,0.0,0,0,107,0,0,0,908,110,153,564,292,0.32,193,168,64,3,2,0,82.16,217,169,72,24,21,8,False
NationalSecurityAgency/emissary,82a790b9457a061dfa294e95abbb1cda5317b4dc,"7.10.0, 7.11.0",src.test.java.emissary.util.PlaceComparisonHelperTest.java,6,0,0,0,0,0,0,0,0,0,0,0,0,0,0.0,0.0,0,0,5,0,0,0,73,6,11,15,9,0.12,137,125,46,3,1,0,100.0,197,125,66,60,35,20,False
NationalSecurityAgency/emissary,9414600e5b1798b6bec41baa69c2468670ea55a2,"7.11.0, 7.12.0",src.test.java.emissary.directory.DirectoryPlaceTest.java,6,0,0,0,0,0,0,0,0,0,0,0,0,0,0.0,0.0,0,0,4,0,0,0,100,6,11,56,15,0.15,1,1,1,1,1,0,100.0,2,2,2,1,1,1,False
NationalSecurityAgency/emissary,505a143a372fc431ae81d77a453c44e7c0a54ffc,"7.12.0, 7.13.0",src.test.java.emissary.core.channels.AbstractSeekableByteChannelTest.java,7,0,0,0,0,0,0,0,0,0,0,0,0,0,0.0,0.0,0,0,7,0,0,0,83,7,14,26,25,0.3,0,1,0,2,1,0,100.0,4,4,2,4,3,2,False
NationalSecurityAgency/emissary,505a143a372fc431ae81d77a453c44e7c0a54ffc,"7.12.0, 7.13.0",src.test.java.emissary.core.IBaseDataObjectDiffHelperTest.java,31,0,0,0,0,0,0,0,0,0,0,0,0,0,0.0,0.0,0,0,26,0,0,0,199,35,74,78,6,0.03,297,297,148,2,1,0,100.0,298,297,149,1,1,0,False
NationalSecurityAgency/emissary,505a143a372fc431ae81d77a453c44e7c0a54ffc,"7.12.0, 7.13.0",src.test.java.emissary.core.channels.FileChannelFactoryTest.java,9,0,0,0,0,0,0,0,0,0,0,0,0,0,0.0,0.0,0,0,8,0,0,0,61,9,18,45,14,0.23,-5,-5,-5,1,1,0,100.0,25,25,25,30,30,30,False
NationalSecurityAgency/emissary,505a143a372fc431ae81d77a453c44e7c0a54ffc,"7.12.0, 7.13.0",src.test.java.emissary.core.IBaseDataObjectHelperTest.java,31,0,0,0,0,0,0,0,0,0,0,0,0,0,0.0,0.0,0,0,27,0,0,0,225,31,68,109,14,0.06,-259,-259,-259,1,1,0,100.0,0,0,0,259,259,259,False
NationalSecurityAgency/emissary,cef4ae5fc3c1f21a242509b08e81fea429a9ce91,"7.13.0, 7.14.0",src.test.java.emissary.server.mvc.internal.WorkSpaceClientSpaceTakeActionTest.java,7,0,0,0,0,0,0,0,0,0,0,0,0,0,0.0,0.0,0,0,0,0,0,0,74,7,15,64,13,0.18,18,18,18,1,1,0,100.0,19,19,19,1,1,1,False
NationalSecurityAgency/emissary,cef4ae5fc3c1f21a242509b08e81fea429a9ce91,"7.13.0, 7.14.0",src.test.java.emissary.server.mvc.internal.RegisterPeerActionTest.java,7,0,0,0,0,0,0,0,0,0,0,0,0,0,0.0,0.0,0,0,0,0,0,0,70,7,14,58,10,0.14,17,17,17,1,1,0,100.0,18,18,18,1,1,1,False
NationalSecurityAgency/emissary,cef4ae5fc3c1f21a242509b08e81fea429a9ce91,"7.13.0, 7.14.0",src.test.java.emissary.server.mvc.internal.FailDirectoryActionTest.java,7,0,0,0,0,0,0,0,0,0,0,0,0,0,0.0,0.0,0,0,0,0,0,0,78,7,16,61,10,0.13,17,17,17,1,1,0,100.0,18,18,18,1,1,1,False
NationalSecurityAgency/emissary,cef4ae5fc3c1f21a242509b08e81fea429a9ce91,"7.13.0, 7.14.0",src.test.java.emissary.server.mvc.internal.DeregisterPlaceActionTest.java,8,0,0,0,0,0,0,0,0,0,0,0,0,0,0.0,0.0,0,0,0,0,0,0,86,8,16,63,12,0.14,17,17,17,1,1,0,100.0,18,18,18,1,1,1,False
NationalSecurityAgency/emissary,68ecb1376e6ee180e009b321512b666887fd57d3,"7.14.0, 7.15.0",src.test.java.emissary.id.TikaFilePlaceTest.java,2,0,0,0,0,0,0,0,0,0,0,0,0,0,0.0,0.0,0,0,0,0,0,0,8,2,5,1,0,0.0,1,1,1,1,1,0,100.0,1,1,1,0,0,0,False
NationalSecurityAgency/emissary,68ecb1376e6ee180e009b321512b666887fd57d3,"7.14.0, 7.15.0",src.test.java.emissary.server.mvc.adapters.RequestUtilTest.java,5,0,0,0,0,0,0,0,0,0,0,0,0,0,0.0,0.0,0,0,5,0,0,0,43,5,5,29,16,0.37,16,16,16,1,1,0,100.0,19,19,19,3,3,3,False
NationalSecurityAgency/emissary,416dc5e5e0c3d926bdb29fe5c86ab715f216a101,"7.15.0, 7.16.0",src.test.java.emissary.util.DateTimeFormatParserTest.java,25,0,0,0,0,0,0,0,0,0,0,0,0,0,0.0,0.0,0,0,4,0,0,0,311,25,31,31,6,0.02,-2,-2,-2,1,1,0,100.0,1,1,1,3,3,3,False
NationalSecurityAgency/emissary,416dc5e5e0c3d926bdb29fe5c86ab715f216a101,"7.15.0, 7.16.0",src.test.java.emissary.directory.DirectoryEntryMapTest.java,12,0,0,0,0,0,0,0,0,0,0,0,0,0,0.0,0.0,0,0,10,0,0,0,159,12,21,64,56,0.35,-12,-12,-12,1,1,0,100.0,1,1,1,13,13,13,False
NationalSecurityAgency/emissary,416dc5e5e0c3d926bdb29fe5c86ab715f216a101,"7.15.0, 7.16.0",src.test.java.emissary.roll.RollManagerTest.java,4,0,0,0,0,0,0,0,0,0,0,0,0,0,0.0,0.0,0,0,4,0,0,0,59,7,17,34,8,0.14,2,2,2,1,1,0,100.0,9,9,9,7,7,7,False
