App,SHA,Tag,TestFilePath,NumberOfMethods,Assertion Roulette,Conditional Test Logic,Constructor Initialization,Default Test,EmptyTest,Exception Catching Throwing,General Fixture,Mystery Guest,Print Statement,Redundant Assertion,Sensitive Equality,Verbose Test,Sleepy Test,Eager Test,Lazy Test,Duplicate Assert,Unknown Test,IgnoredTest,Resource Optimism,Magic Number Test,Dependent Test,LOC,NOM,WMC,RFC,NAs,AsD,codeChurnTotal,codeChurnMax,codeChurnAvg,commits,Contributors,minorContributors,contributorsExperience,addLinesCount,addLinesMax,addLinesAvg,removedLinesCount,removedLinesMax,removedLinesAvg,isReplaceNOToperator
vaadin/framework,894d70662a4df8c5072ffe6c63426896632ab98e,"7.7.0.alpha2, 7.7.0.alpha3",server.src.test.java.com.vaadin.tests.data.converter.DefaultConverterFactoryTest.java,13,0,0,0,0,0,0,0,0,0,0,0,0,0,0.0,0.0,0,0,0,0,12,0,54,13,13,18,17,0.31,2,2,2,1,1,0,100.0,3,3,3,1,1,1,False
vaadin/framework,3e8f028817582a77ec3654b1f8f99136f327cc70,"7.7.3, 7.7.4",uitest.src.test.java.com.vaadin.tests.components.combobox.ComboBoxSelectingWithNewItemsAllowedTest.java,29,4,0,0,0,0,0,0,0,0,0,0,0,0,0.0,0.0,2,0,0,0,16,0,192,33,51,116,47,0.24,8,8,8,1,1,0,100.0,10,10,10,2,2,2,False
vaadin/framework,3e8f028817582a77ec3654b1f8f99136f327cc70,"7.7.3, 7.7.4",uitest.src.test.java.com.vaadin.tests.components.tree.TreeHtmlContentAllowedTest.java,3,0,0,0,0,0,0,0,0,0,0,0,0,0,0.0,0.0,0,0,0,0,1,0,29,3,4,24,11,0.38,13,13,13,1,1,0,100.0,17,17,17,4,4,4,False
vaadin/framework,4c450752a112f5fafb47b074169db7a133cda3ee,"7.7.7, 7.7.8",server.src.test.java.com.vaadin.tests.server.component.fieldgroup.BeanFieldGroupTest.java,6,2,0,0,0,0,1,0,0,0,0,2,0,0,3.0,6.0,0,0,0,0,6,0,35,1,1,2,3,0.09,0,0,0,1,1,0,100.0,1,1,1,1,1,1,False
vaadin/framework,4c450752a112f5fafb47b074169db7a133cda3ee,"7.7.7, 7.7.8",server.src.test.java.com.vaadin.tests.data.converter.ConverterFactoryTest.java,3,0,0,0,0,0,0,0,0,0,0,0,0,0,,,0,0,0,0,3,0,58,5,10,15,3,0.05,0,0,0,1,1,0,100.0,2,2,2,2,2,2,False
vaadin/framework,0b28903d785ad7a44e9796823d82302cf44c064b,"7.7.9, 7.7.10",uitest.src.test.java.com.vaadin.tests.application.MissingHierarchyDetectionTest.java,1,1,0,0,0,0,0,0,0,0,0,0,0,0,0.0,0.0,0,0,0,0,1,0,17,1,3,12,6,0.35,4,4,4,1,1,0,100.0,7,7,7,3,3,3,False
vaadin/framework,0b28903d785ad7a44e9796823d82302cf44c064b,"7.7.9, 7.7.10",server.src.test.java.com.vaadin.util.CurrentInstanceTest.java,14,3,2,0,0,1,9,0,0,0,0,0,0,2,8.0,29.0,1,1,0,0,10,0,136,18,42,69,26,0.19,0,0,0,1,1,0,100.0,1,1,1,1,1,1,False
vaadin/framework,8fd0d57f4441cc74e69453377b33102182c43cf5,"7.7.11, 7.7.12",uitest.src.test.java.com.vaadin.tests.components.window.BackspaceKeyWithModalOpenedTest.java,6,0,0,0,0,0,2,0,0,0,0,0,0,0,0.0,0.0,0,2,1,0,3,0,44,6,14,24,2,0.05,6,6,6,1,1,0,100.0,7,7,7,1,1,1,False
vaadin/framework,274dd18668f1ef253dd824f6463412f9d0a1e73e,"7.7.14, 7.7.15",uitest.src.test.java.com.vaadin.tests.components.upload.InterruptUploadTest.java,7,0,0,0,0,0,1,0,1,0,0,0,0,1,0.0,0.0,1,0,0,1,1,0,64,7,18,37,2,0.03,3,20,2,2,2,0,63.86,43,25,22,40,35,20,False
vaadin/framework,274dd18668f1ef253dd824f6463412f9d0a1e73e,"7.7.14, 7.7.15",uitest.src.test.java.com.vaadin.tests.tooltip.StationaryTooltipTest.java,4,0,0,0,0,0,1,0,0,0,0,0,0,0,0.0,0.0,0,0,0,0,1,0,22,4,9,17,2,0.09,-20,-20,-20,1,1,0,100.0,13,13,13,33,33,33,False
vaadin/framework,274dd18668f1ef253dd824f6463412f9d0a1e73e,"7.7.14, 7.7.15",uitest.src.test.java.com.vaadin.tests.tooltip.AdjacentElementsWithTooltipsTest.java,3,1,0,0,0,0,1,0,0,0,0,0,0,0,0.0,0.0,0,0,0,0,1,0,23,3,7,17,3,0.13,-5,-5,-5,1,1,0,100.0,11,11,11,16,16,16,False
vaadin/framework,274dd18668f1ef253dd824f6463412f9d0a1e73e,"7.7.14, 7.7.15",uitest.src.test.java.com.vaadin.tests.components.ui.WindowAndUIShortcutsTest.java,2,1,0,0,0,0,0,0,0,0,0,0,0,0,0.0,0.0,0,0,0,0,2,0,18,2,3,25,3,0.17,4,4,4,1,1,0,100.0,15,15,15,11,11,11,False
vaadin/framework,274dd18668f1ef253dd824f6463412f9d0a1e73e,"7.7.14, 7.7.15",uitest.src.test.java.com.vaadin.tests.components.table.ColumnCollapsingAndColumnExpansionTest.java,3,1,1,0,0,0,1,0,0,0,0,0,0,0,0.0,0.0,0,1,0,0,2,0,47,3,9,26,4,0.09,0,0,0,1,1,0,100.0,2,2,2,2,2,2,False
vaadin/framework,274dd18668f1ef253dd824f6463412f9d0a1e73e,"7.7.14, 7.7.15",uitest.src.test.java.com.vaadin.tests.components.menubar.MenuBarTooltipsNearEdgeTest.java,1,0,0,0,0,0,0,0,0,0,0,0,0,0,0.0,0.0,0,0,0,0,1,0,15,1,3,18,3,0.2,-3,-3,-3,1,1,0,100.0,18,18,18,21,21,21,False
vaadin/framework,274dd18668f1ef253dd824f6463412f9d0a1e73e,"7.7.14, 7.7.15",uitest.src.test.java.com.vaadin.tests.components.menubar.MenuBarSubmenusClosingValoTest.java,2,0,0,0,0,0,0,0,0,0,0,0,0,0,0.0,0.0,0,0,0,0,2,0,25,2,3,21,2,0.08,-1,-1,-1,1,1,0,100.0,6,6,6,7,7,7,False
vaadin/framework,274dd18668f1ef253dd824f6463412f9d0a1e73e,"7.7.14, 7.7.15",uitest.src.test.java.com.vaadin.tests.application.WebBrowserTimeZoneTest.java,2,0,0,0,0,0,0,0,0,0,0,0,0,0,0.0,0.0,0,0,0,0,1,0,13,2,4,15,3,0.23,9,9,9,1,1,0,100.0,15,15,15,6,6,6,False
vaadin/framework,274dd18668f1ef253dd824f6463412f9d0a1e73e,"7.7.14, 7.7.15",uitest.src.test.java.com.vaadin.tests.application.ReconnectDialogUITest.java,6,1,0,0,0,0,2,0,0,0,0,0,0,0,0.0,0.0,0,0,0,0,2,0,44,7,12,35,4,0.09,0,0,0,1,1,0,100.0,3,3,3,3,3,3,False
vaadin/framework,f1d5ddcf597caccfc2cc77f66f116754cf6105a5,"7.7.15, 7.7.16",uitest.src.test.java.com.vaadin.tests.requesthandlers.AppResource404Test.java,5,0,2,0,0,0,1,0,0,0,0,0,0,0,0.0,0.0,1,0,0,0,4,0,39,5,8,40,5,0.13,3,3,3,1,1,0,100.0,6,6,6,3,3,3,False
vaadin/framework,f1d5ddcf597caccfc2cc77f66f116754cf6105a5,"7.7.15, 7.7.16",uitest.src.test.java.com.vaadin.tests.components.menubar.MenuBarIconsTest.java,4,0,0,0,0,0,1,0,0,0,0,0,0,0,0.0,0.0,0,0,0,0,2,0,44,4,5,32,16,0.36,1,1,1,1,1,0,100.0,3,3,3,2,2,2,False
vaadin/framework,a279e1d424ade4608c10e56d3311ac4da3c76630,"7.7.18, 7.7.21",uitest.src.test.java.com.vaadin.tests.components.combobox.ComboboxPageLengthZeroFilterTest.java,2,0,0,0,0,0,0,0,0,0,0,0,0,0,0.0,0.0,0,0,0,0,1,0,12,2,3,10,1,0.08,2,2,2,1,1,0,100.0,3,3,3,1,1,1,False
vaadin/framework,a279e1d424ade4608c10e56d3311ac4da3c76630,"7.7.18, 7.7.21",server.src.test.java.com.vaadin.server.VaadinPortletServiceTest.java,22,0,0,0,0,0,1,11,0,0,0,0,0,0,0.0,0.0,0,0,0,0,11,0,116,22,29,78,11,0.09,2,2,2,1,1,0,100.0,4,4,4,2,2,2,False
vaadin/framework,a279e1d424ade4608c10e56d3311ac4da3c76630,"7.7.18, 7.7.21",uitest.src.test.java.com.vaadin.tests.contextclick.TreeContextClickTest.java,3,1,0,0,0,0,0,0,0,0,0,0,0,0,0.0,0.0,0,0,0,0,3,0,27,3,4,33,4,0.15,1,1,1,1,1,0,100.0,4,4,4,3,3,3,False
vaadin/framework,a279e1d424ade4608c10e56d3311ac4da3c76630,"7.7.18, 7.7.21",uitest.src.test.java.com.vaadin.tests.components.ui.TextAreaEventPropagationTest.java,4,1,0,0,0,0,3,0,0,0,0,0,0,0,0.0,0.0,0,0,0,0,4,0,53,4,11,33,5,0.09,2,2,2,1,1,0,100.0,6,6,6,4,4,4,False
vaadin/framework,a279e1d424ade4608c10e56d3311ac4da3c76630,"7.7.18, 7.7.21",uitest.src.test.java.com.vaadin.tests.components.tree.TreeHtmlContentAllowedTest.java,3,0,0,0,0,0,0,0,0,0,0,0,0,0,0.0,0.0,0,0,0,0,1,0,30,3,5,29,11,0.37,1,1,1,1,1,0,100.0,3,3,3,2,2,2,False
vaadin/framework,a279e1d424ade4608c10e56d3311ac4da3c76630,"7.7.18, 7.7.21",uitest.src.test.java.com.vaadin.tests.components.grid.GridHeightTest.java,10,0,1,0,0,0,3,0,0,0,0,0,0,0,0.0,0.0,0,0,1,0,3,0,123,10,31,47,9,0.07,1,1,1,1,1,0,100.0,7,7,7,6,6,6,False
vaadin/framework,a279e1d424ade4608c10e56d3311ac4da3c76630,"7.7.18, 7.7.21",uitest.src.test.java.com.vaadin.tests.components.abstractcomponent.ContextClickUITest.java,3,0,0,0,0,0,0,0,0,0,0,0,0,0,0.0,0.0,0,0,0,0,2,0,18,3,6,24,2,0.11,1,1,1,1,1,0,100.0,5,5,5,4,4,4,False
vaadin/framework,b4f011230fd5c9d56a0dd7ad7c00c584e25ee990,"7.7.22, 7.7.23",server.src.test.java.com.vaadin.tests.data.converter.LocalDateTimeToDateConverterTest.java,6,1,0,0,0,0,1,0,0,0,0,0,0,0,0.0,2.0,0,0,0,0,4,0,45,6,10,29,5,0.11,9,9,9,1,1,0,100.0,10,10,10,1,1,1,False
vaadin/framework,b4f011230fd5c9d56a0dd7ad7c00c584e25ee990,"7.7.22, 7.7.23",uitest.src.test.java.com.vaadin.tests.components.table.HeaderFooterClickLeftRightMiddleTest.java,5,0,0,0,0,0,1,0,0,0,0,0,0,0,0.0,0.0,0,0,0,0,3,0,44,5,10,32,8,0.18,17,17,17,1,1,0,100.0,31,31,31,14,14,14,False
vaadin/framework,9c6d8454800034d4eaed81c855b667567cf496d9,"7.7.24, 7.7.25",uitest.src.test.java.com.vaadin.tests.requesthandlers.AppResource404Test.java,5,0,1,0,0,0,1,0,0,0,0,0,0,0,0.0,0.0,1,0,0,0,4,0,39,5,7,38,6,0.15,2,2,2,1,1,0,100.0,7,7,7,5,5,5,False
vaadin/framework,9c6d8454800034d4eaed81c855b667567cf496d9,"7.7.24, 7.7.25",uitest.src.test.java.com.vaadin.tests.components.ui.TextAreaEventPropagationTest.java,4,4,0,0,0,0,2,0,0,0,0,0,0,0,0.0,0.0,1,0,0,0,4,0,56,4,10,45,10,0.18,11,11,11,1,1,0,100.0,36,36,36,25,25,25,False
vaadin/framework,9c6d8454800034d4eaed81c855b667567cf496d9,"7.7.24, 7.7.25",uitest.src.test.java.com.vaadin.tests.components.tree.TreeItemDoubleClickTest.java,5,0,0,0,0,0,1,0,0,0,0,0,0,0,0.0,0.0,0,0,0,0,1,0,38,5,11,21,7,0.18,11,11,11,1,1,0,100.0,15,15,15,4,4,4,False
vaadin/framework,9c6d8454800034d4eaed81c855b667567cf496d9,"7.7.24, 7.7.25",uitest.src.test.java.com.vaadin.tests.components.combobox.ComboboxMenuBarAutoopenTest.java,5,0,0,0,0,0,0,0,0,0,0,0,0,0,0.0,0.0,0,0,0,0,2,0,39,5,8,34,3,0.08,10,10,10,1,1,0,100.0,24,24,24,14,14,14,False
vaadin/framework,a6fd8bd06368da27bb97528da4a2cd7f864ea6d2,"8.0.0.alpha1, 8.0.0.alpha2",server.src.test.java.com.vaadin.ui.ComponentTest.java,4,0,0,0,0,0,0,0,0,0,0,0,0,0,,,0,0,0,0,0,0,45,4,13,18,0,0.0,90,98,45,2,2,0,74.24,111,98,56,21,21,10,False
vaadin/framework,a6fd8bd06368da27bb97528da4a2cd7f864ea6d2,"8.0.0.alpha1, 8.0.0.alpha2",server.src.test.java.com.vaadin.ui.AbstractListingTest.java,9,0,0,0,0,0,0,5,0,0,0,0,0,0,3.0,9.0,0,0,0,0,8,0,90,9,13,40,11,0.12,0,1,0,2,2,0,64.29,7,5,4,7,4,4,False
vaadin/framework,a6fd8bd06368da27bb97528da4a2cd7f864ea6d2,"8.0.0.alpha1, 8.0.0.alpha2",server.src.test.java.com.vaadin.server.data.datasource.ListDataSourceTest.java,10,6,3,0,0,0,0,0,0,0,0,0,0,0,8.0,26.0,0,0,0,0,9,0,106,10,17,95,25,0.24,90,90,90,1,1,0,100.0,92,92,92,2,2,2,False
vaadin/framework,a6fd8bd06368da27bb97528da4a2cd7f864ea6d2,"8.0.0.alpha1, 8.0.0.alpha2",server.src.test.java.com.vaadin.data.BinderTest.java,18,3,0,0,0,0,2,0,0,0,0,0,0,0,8.0,25.0,1,0,0,0,16,0,112,18,29,72,19,0.17,-885,110,-148,6,3,1,70.13,413,208,69,1298,1167,216,False
vaadin/framework,a6fd8bd06368da27bb97528da4a2cd7f864ea6d2,"8.0.0.alpha1, 8.0.0.alpha2",uitest.src.test.java.com.vaadin.tests.contextclick.GridContextClickTest.java,5,2,0,0,0,0,0,0,0,0,0,0,0,0,0.0,0.0,0,0,1,0,3,0,36,5,6,30,7,0.19,1,1,0,2,2,0,89.47,10,9,5,9,8,4,False
vaadin/framework,a6fd8bd06368da27bb97528da4a2cd7f864ea6d2,"8.0.0.alpha1, 8.0.0.alpha2",server.src.test.java.com.vaadin.data.BeanBinderTest.java,18,0,0,0,0,0,1,0,0,0,0,0,0,0,10.0,32.0,0,0,0,0,16,0,96,18,30,61,15,0.16,-7,1,-4,2,2,0,86.79,23,19,12,30,27,15,False
vaadin/framework,a6fd8bd06368da27bb97528da4a2cd7f864ea6d2,"8.0.0.alpha1, 8.0.0.alpha2",uitest.src.test.java.com.vaadin.tests.components.combobox.ComboBoxSelectingTest.java,23,4,1,0,0,0,0,0,0,0,0,0,0,0,0.0,0.0,2,0,0,0,12,0,140,25,38,80,21,0.15,4,4,4,1,1,0,100.0,6,6,6,2,2,2,False
vaadin/framework,c4b17ca879c0bb51c7da390fcbd25c96b73486fb,"8.0.0.alpha2, 8.0.0.alpha3",uitest.src.test.java.com.vaadin.tests.components.datefield.PopupDateFieldInputPromptTest.java,3,1,0,0,0,0,0,0,0,0,0,0,0,0,0.0,0.0,0,0,0,0,1,0,35,5,11,21,3,0.09,-1,-1,-1,1,1,0,100.0,4,4,4,5,5,5,False
vaadin/framework,c4b17ca879c0bb51c7da390fcbd25c96b73486fb,"8.0.0.alpha2, 8.0.0.alpha3",uitest.src.test.java.com.vaadin.tests.components.datefield.DateFieldDayResolutionOffsetTest.java,3,0,0,0,0,0,1,0,0,0,0,0,0,0,0.0,0.0,0,0,0,0,1,0,21,3,7,18,1,0.05,0,0,0,1,1,0,100.0,2,2,2,2,2,2,False
vaadin/framework,c4b17ca879c0bb51c7da390fcbd25c96b73486fb,"8.0.0.alpha2, 8.0.0.alpha3",uitest.src.test.java.com.vaadin.tests.components.grid.GridClickableRenderersTest.java,3,3,0,0,0,0,0,0,0,0,0,0,0,0,0.0,0.0,0,0,0,0,3,0,28,3,3,20,7,0.25,16,16,16,1,1,0,100.0,21,21,21,5,5,5,False
vaadin/framework,0fa0160eb992ca68cf3bddffdfc838099c26e5f4,"8.0.0.alpha3, 8.0.0.alpha4",server.src.test.java.com.vaadin.server.data.AbstractDataSourceTest.java,2,1,0,0,0,0,0,0,0,0,0,0,0,0,2.0,4.0,0,0,0,0,2,0,32,2,4,11,3,0.09,0,0,0,1,1,0,100.0,1,1,1,1,1,1,False
vaadin/framework,0fa0160eb992ca68cf3bddffdfc838099c26e5f4,"8.0.0.alpha3, 8.0.0.alpha4",server.src.test.java.com.vaadin.tests.server.navigator.NavigatorTest.java,1,0,0,0,0,0,0,0,0,0,0,0,0,0,0.0,0.0,0,0,0,0,0,0,565,35,68,195,33,0.06,2,2,2,1,1,0,100.0,3,3,3,1,1,1,False
vaadin/framework,de98281e5c37598454c79c7673fb11ada13eea33,"8.0.0.alpha5, 8.0.0.alpha6",server.src.test.java.com.vaadin.data.ValidatorTest.java,3,1,1,0,0,0,0,0,0,0,0,0,0,0,0.0,0.0,0,0,0,0,3,0,29,3,3,12,6,0.21,-17,28,-6,3,2,0,91.21,37,29,12,54,48,18,False
vaadin/framework,de98281e5c37598454c79c7673fb11ada13eea33,"8.0.0.alpha5, 8.0.0.alpha6",server.src.test.java.com.vaadin.ui.RichTextAreaTest.java,8,2,0,0,0,0,1,0,0,0,0,0,0,0,4.0,15.0,0,0,0,0,7,0,53,8,14,38,8,0.15,3,4,2,2,2,0,54.55,7,5,4,4,3,2,False
vaadin/framework,de98281e5c37598454c79c7673fb11ada13eea33,"8.0.0.alpha5, 8.0.0.alpha6",server.src.test.java.com.vaadin.ui.AbstractSingleSelectTest.java,13,10,0,0,0,0,0,12,0,0,0,0,0,0,11.0,38.0,0,2,0,0,12,0,158,16,24,116,47,0.3,120,115,40,3,1,0,100.0,137,125,46,17,10,6,False
vaadin/framework,de98281e5c37598454c79c7673fb11ada13eea33,"8.0.0.alpha5, 8.0.0.alpha6",server.src.test.java.com.vaadin.ui.AbstractMultiSelectTest.java,16,5,0,0,0,0,0,8,0,0,0,0,0,0,6.0,25.0,3,1,0,0,8,0,192,20,32,80,49,0.26,120,115,40,3,1,0,100.0,128,115,43,8,7,3,False
vaadin/framework,de98281e5c37598454c79c7673fb11ada13eea33,"8.0.0.alpha5, 8.0.0.alpha6",server.src.test.java.com.vaadin.ui.AbstractFieldTest.java,9,0,0,0,0,0,0,4,0,0,0,0,0,0,6.0,19.0,0,2,0,0,6,0,69,9,15,40,9,0.13,0,0,0,1,1,0,100.0,4,4,4,4,4,4,False
vaadin/framework,de98281e5c37598454c79c7673fb11ada13eea33,"8.0.0.alpha5, 8.0.0.alpha6",server.src.test.java.com.vaadin.event.selection.SelectionEventTest.java,2,2,0,0,0,0,0,0,0,0,0,0,0,0,0.0,0.0,0,0,0,0,2,0,25,2,4,26,4,0.16,69,68,34,2,1,0,100.0,70,68,35,1,1,0,False
vaadin/framework,de98281e5c37598454c79c7673fb11ada13eea33,"8.0.0.alpha5, 8.0.0.alpha6",server.src.test.java.com.vaadin.tests.data.converter.ConverterTest.java,1,1,0,0,0,0,0,0,0,0,0,0,0,0,0.0,0.0,0,0,0,0,1,0,9,1,1,4,2,0.22,0,0,0,2,2,0,57.14,7,4,4,7,4,4,False
vaadin/framework,49b766285f4e6cbc81e85847cc5a0078665f05ce,"8.0.0.alpha6, 8.0.0.alpha7",uitest.src.test.java.com.vaadin.tests.data.DummyDataTest.java,6,0,0,0,0,0,0,0,0,0,0,0,0,0,0.0,0.0,1,0,0,0,5,0,36,6,7,37,11,0.31,0,0,0,1,1,0,100.0,6,6,6,6,6,6,False
vaadin/framework,49b766285f4e6cbc81e85847cc5a0078665f05ce,"8.0.0.alpha6, 8.0.0.alpha7",server.src.test.java.com.vaadin.ui.AbstractListingTest.java,9,0,0,0,0,0,0,5,0,0,0,0,0,0,3.0,9.0,0,0,0,0,8,0,87,9,13,40,11,0.13,-4,0,-2,2,2,0,90.48,19,19,10,23,19,12,False
vaadin/framework,49b766285f4e6cbc81e85847cc5a0078665f05ce,"8.0.0.alpha6, 8.0.0.alpha7",server.src.test.java.com.vaadin.server.data.DataCommunicatorTest.java,2,2,0,0,0,0,0,0,0,0,0,0,0,0,1.0,2.0,0,0,0,0,2,0,60,2,3,13,4,0.07,0,0,0,2,2,0,93.33,15,14,8,15,14,8,False
vaadin/framework,49b766285f4e6cbc81e85847cc5a0078665f05ce,"8.0.0.alpha6, 8.0.0.alpha7",server.src.test.java.com.vaadin.ui.AbstractSingleSelectTest.java,11,9,0,0,0,0,0,5,0,0,0,0,0,0,10.0,55.0,2,1,0,0,10,0,124,13,18,85,41,0.33,-55,0,-18,3,3,1,60.1,74,53,25,129,69,43,False
vaadin/framework,49b766285f4e6cbc81e85847cc5a0078665f05ce,"8.0.0.alpha6, 8.0.0.alpha7",server.src.test.java.com.vaadin.event.selection.SelectionEventTest.java,2,2,0,0,0,0,0,0,0,0,0,0,0,0,0.0,0.0,0,0,0,0,2,0,25,2,4,26,4,0.16,0,0,0,1,1,0,100.0,2,2,2,2,2,2,False
vaadin/framework,49b766285f4e6cbc81e85847cc5a0078665f05ce,"8.0.0.alpha6, 8.0.0.alpha7",server.src.test.java.com.vaadin.tests.server.navigator.NavigatorTest.java,1,0,0,0,0,0,0,0,0,0,0,0,0,0,0.0,0.0,0,0,0,0,0,0,565,35,68,195,33,0.06,0,0,0,2,1,0,100.0,2,1,1,2,1,1,False
vaadin/framework,49b766285f4e6cbc81e85847cc5a0078665f05ce,"8.0.0.alpha6, 8.0.0.alpha7",server.src.test.java.com.vaadin.tests.server.component.customlayout.CustomLayoutTest.java,2,0,1,0,0,0,1,0,0,0,0,0,0,0,0.0,0.0,0,0,0,0,1,0,90,2,10,18,3,0.03,0,0,0,2,1,0,100.0,3,2,2,3,2,2,False
vaadin/framework,49b766285f4e6cbc81e85847cc5a0078665f05ce,"8.0.0.alpha6, 8.0.0.alpha7",server.src.test.java.com.vaadin.tests.data.converter.StringToBooleanConverterTest.java,5,3,0,0,0,0,0,0,0,0,0,0,0,0,0.0,0.0,0,0,0,0,4,0,40,7,12,22,14,0.35,0,0,0,1,1,0,100.0,1,1,1,1,1,1,False
vaadin/framework,49b766285f4e6cbc81e85847cc5a0078665f05ce,"8.0.0.alpha6, 8.0.0.alpha7",server.src.test.java.com.vaadin.server.communication.FileUploadHandlerTest.java,9,0,0,0,0,0,4,0,0,0,0,0,0,0,0.0,3.0,0,0,0,0,4,0,80,10,27,48,0,0.0,0,0,0,1,1,0,100.0,1,1,1,1,1,1,False
vaadin/framework,49b766285f4e6cbc81e85847cc5a0078665f05ce,"8.0.0.alpha6, 8.0.0.alpha7",server.src.test.java.com.vaadin.server.DownloadStreamTest.java,2,0,0,0,0,0,1,0,0,0,0,0,0,0,0.0,0.0,0,1,0,0,1,0,14,2,6,9,0,0.0,0,0,0,1,1,0,100.0,1,1,1,1,1,1,False
vaadin/framework,49b766285f4e6cbc81e85847cc5a0078665f05ce,"8.0.0.alpha6, 8.0.0.alpha7",server.src.test.java.com.vaadin.server.AbstractDeploymentConfigurationTest.java,7,0,0,0,0,0,0,0,0,0,0,0,0,0,0.0,2.0,0,0,0,0,6,0,79,7,15,31,6,0.08,0,0,0,1,1,0,100.0,1,1,1,1,1,1,False
vaadin/framework,49b766285f4e6cbc81e85847cc5a0078665f05ce,"8.0.0.alpha6, 8.0.0.alpha7",server.src.test.java.com.vaadin.data.validator.StringLengthValidatorTest.java,5,0,0,0,0,0,0,0,0,0,0,0,0,0,0.0,0.0,0,0,0,0,5,0,18,5,5,5,5,0.28,0,0,0,1,1,0,100.0,1,1,1,1,1,1,False
vaadin/framework,49b766285f4e6cbc81e85847cc5a0078665f05ce,"8.0.0.alpha6, 8.0.0.alpha7",server.src.test.java.com.vaadin.tests.server.component.button.ButtonClickTest.java,1,0,0,0,0,0,0,0,0,0,0,0,0,0,0.0,0.0,0,0,0,0,1,0,9,1,2,8,1,0.11,-7,-7,-7,1,1,0,100.0,4,4,4,11,11,11,False
vaadin/framework,49b766285f4e6cbc81e85847cc5a0078665f05ce,"8.0.0.alpha6, 8.0.0.alpha7",server.src.test.java.com.vaadin.server.VaadinSessionTest.java,7,3,0,0,0,0,5,6,0,0,0,0,0,1,6.0,24.0,1,1,0,0,6,0,167,12,36,70,15,0.09,-7,3,-4,2,1,0,100.0,32,27,16,39,37,20,False
vaadin/framework,49b766285f4e6cbc81e85847cc5a0078665f05ce,"8.0.0.alpha6, 8.0.0.alpha7",server.src.test.java.com.vaadin.tests.server.component.tabsheet.TabSheetTest.java,10,0,0,0,0,0,0,0,0,0,0,0,0,0,,,0,0,0,0,0,0,176,9,9,57,75,0.43,1,1,1,1,1,0,100.0,7,7,7,6,6,6,False
vaadin/framework,49b766285f4e6cbc81e85847cc5a0078665f05ce,"8.0.0.alpha6, 8.0.0.alpha7",server.src.test.java.com.vaadin.tests.design.DesignFormatterTest.java,20,12,3,0,0,0,1,1,0,0,0,0,0,0,13.0,76.0,3,0,0,2,17,0,211,21,49,65,80,0.38,0,0,0,1,1,0,100.0,9,9,9,9,9,9,False
vaadin/framework,49b766285f4e6cbc81e85847cc5a0078665f05ce,"8.0.0.alpha6, 8.0.0.alpha7",server.src.test.java.com.vaadin.ui.AbstractMultiSelectTest.java,16,5,0,0,0,0,0,8,0,0,0,0,0,0,5.0,18.0,3,1,0,0,8,0,185,19,29,76,49,0.26,-8,0,-4,2,2,1,95.16,58,55,29,66,63,33,False
vaadin/framework,e4fbf7a5f2ab83d613100ec83aac99a3f88bf8b9,"8.0.0.alpha7, 8.0.0.alpha8",server.src.test.java.com.vaadin.server.data.provider.ListDataProviderTest.java,6,0,0,0,0,0,0,0,0,0,0,0,0,0,2.0,7.0,0,0,0,0,4,0,29,7,15,32,7,0.24,-107,60,-27,4,1,0,100.0,144,67,36,251,220,63,False
vaadin/framework,e4fbf7a5f2ab83d613100ec83aac99a3f88bf8b9,"8.0.0.alpha7, 8.0.0.alpha8",uitest.src.test.java.com.vaadin.tests.components.grid.GridMultiSelectionOnInitTest.java,4,0,0,0,0,0,1,0,0,0,0,0,0,0,0.0,0.0,0,0,0,0,4,0,23,4,6,34,5,0.22,30,30,15,2,1,0,100.0,37,33,18,7,4,4,False
vaadin/framework,e4fbf7a5f2ab83d613100ec83aac99a3f88bf8b9,"8.0.0.alpha7, 8.0.0.alpha8",server.src.test.java.com.vaadin.server.data.AbstractDataProviderTest.java,2,1,0,0,0,0,0,0,0,0,0,0,0,0,2.0,4.0,0,0,0,0,2,0,32,2,4,11,3,0.09,1,1,0,2,1,0,100.0,8,6,4,7,5,4,False
vaadin/framework,e4fbf7a5f2ab83d613100ec83aac99a3f88bf8b9,"8.0.0.alpha7, 8.0.0.alpha8",server.src.test.java.com.vaadin.data.BinderValidationStatusTest.java,20,9,0,0,0,0,0,0,0,0,0,0,0,0,2.0,26.0,7,0,0,0,19,0,258,20,40,160,80,0.31,1,1,0,2,2,1,96.97,17,16,8,16,16,8,False
vaadin/framework,e4fbf7a5f2ab83d613100ec83aac99a3f88bf8b9,"8.0.0.alpha7, 8.0.0.alpha8",server.src.test.java.com.vaadin.data.BinderTest.java,28,10,2,0,0,0,2,0,0,0,0,1,0,0,19.0,71.0,5,0,0,0,26,0,250,29,50,178,62,0.25,41,41,20,2,2,0,91.11,43,41,22,2,2,1,False
vaadin/framework,e4fbf7a5f2ab83d613100ec83aac99a3f88bf8b9,"8.0.0.alpha7, 8.0.0.alpha8",server.src.test.java.com.vaadin.ui.AbstractSingleSelectTest.java,11,9,0,0,0,0,0,5,0,0,0,0,0,0,10.0,55.0,2,1,0,0,10,0,142,15,22,85,41,0.29,39,22,20,2,2,0,51.11,42,22,21,3,3,2,False
vaadin/framework,e4fbf7a5f2ab83d613100ec83aac99a3f88bf8b9,"8.0.0.alpha7, 8.0.0.alpha8",server.src.test.java.com.vaadin.ui.AbstractMultiSelectTest.java,16,5,0,0,0,0,0,8,0,0,0,0,0,0,5.0,18.0,3,1,0,0,8,0,185,19,29,76,49,0.26,1,1,1,1,1,0,100.0,5,5,5,4,4,4,False
vaadin/framework,e4fbf7a5f2ab83d613100ec83aac99a3f88bf8b9,"8.0.0.alpha7, 8.0.0.alpha8",server.src.test.java.com.vaadin.ui.AbstractListingTest.java,9,0,0,0,0,0,0,5,0,0,0,0,0,0,2.0,5.0,0,0,0,0,8,0,99,9,13,40,11,0.11,26,14,13,2,2,0,55.0,33,17,16,7,5,4,False
vaadin/framework,e4fbf7a5f2ab83d613100ec83aac99a3f88bf8b9,"8.0.0.alpha7, 8.0.0.alpha8",uitest.src.test.java.com.vaadin.tests.components.grid.InitiallyDisabledGridTest.java,2,1,0,0,0,0,0,0,0,0,0,0,0,0,0.0,0.0,0,0,0,0,2,0,18,2,2,15,3,0.17,-7,-7,-7,1,1,0,100.0,0,0,0,7,7,7,False
vaadin/framework,d0184c4ccdbf8fac8b15898a37a409a718c7eb7f,"8.0.0.alpha8, 8.0.0.alpha9",uitest.src.test.java.com.vaadin.tests.components.combobox.ComboBoxSelectingWithNewItemsAllowedTest.java,28,4,0,0,0,0,0,0,0,0,0,0,0,0,0.0,0.0,2,0,0,0,15,0,182,32,49,110,45,0.25,0,8,0,2,1,0,100.0,12,10,6,12,10,6,False
vaadin/framework,d0184c4ccdbf8fac8b15898a37a409a718c7eb7f,"8.0.0.alpha8, 8.0.0.alpha9",uitest.src.test.java.com.vaadin.tests.components.tree.TreeHtmlContentAllowedTest.java,3,0,0,0,0,0,0,0,0,0,0,0,0,0,0.0,0.0,0,0,0,0,1,0,29,3,4,24,11,0.38,13,13,13,1,1,0,100.0,17,17,17,4,4,4,False
vaadin/framework,d0184c4ccdbf8fac8b15898a37a409a718c7eb7f,"8.0.0.alpha8, 8.0.0.alpha9",server.src.test.java.com.vaadin.data.BinderValidationStatusTest.java,20,9,0,0,0,0,0,0,0,0,0,0,0,0,2.0,26.0,7,0,0,0,19,0,253,20,40,160,80,0.32,-1,-1,-1,1,1,0,100.0,20,20,20,21,21,21,False
vaadin/framework,d0184c4ccdbf8fac8b15898a37a409a718c7eb7f,"8.0.0.alpha8, 8.0.0.alpha9",server.src.test.java.com.vaadin.data.BinderTest.java,28,10,2,0,0,0,2,0,0,0,0,1,0,0,19.0,71.0,5,0,0,0,26,0,250,29,50,173,62,0.25,0,0,0,2,2,0,72.73,11,8,6,11,8,6,False
vaadin/framework,80a406c075ecdc91c1c439a04796e72a7642bf23,"8.0.0.alpha9, 8.0.0.alpha10",uitest.src.test.java.com.vaadin.tests.components.grid.GridClickableRenderersTest.java,3,3,0,0,0,0,0,0,0,0,0,0,0,0,0.0,0.0,0,0,0,0,3,0,27,3,3,20,6,0.22,-2,-2,-2,1,1,0,100.0,11,11,11,13,13,13,False
vaadin/framework,80a406c075ecdc91c1c439a04796e72a7642bf23,"8.0.0.alpha9, 8.0.0.alpha10",server.src.test.java.com.vaadin.data.ResultTest.java,6,6,0,0,0,0,1,0,0,0,0,0,0,0,,,0,0,0,0,6,0,58,8,16,37,14,0.24,-1,-1,-1,1,1,0,100.0,3,3,3,4,4,4,False
vaadin/framework,80a406c075ecdc91c1c439a04796e72a7642bf23,"8.0.0.alpha9, 8.0.0.alpha10",server.src.test.java.com.vaadin.data.BinderValidationStatusTest.java,20,9,0,0,0,0,0,0,0,0,0,0,0,0,2.0,26.0,7,0,0,0,19,0,253,20,40,160,80,0.32,0,0,0,1,1,0,100.0,9,9,9,9,9,9,False
vaadin/framework,80a406c075ecdc91c1c439a04796e72a7642bf23,"8.0.0.alpha9, 8.0.0.alpha10",server.src.test.java.com.vaadin.data.BeanBinderTest.java,21,0,1,0,0,0,2,0,0,0,0,0,0,0,5.0,27.0,0,1,0,0,19,0,135,21,39,84,17,0.13,28,28,14,2,2,0,93.33,29,28,14,1,1,0,False
vaadin/framework,80a406c075ecdc91c1c439a04796e72a7642bf23,"8.0.0.alpha9, 8.0.0.alpha10",uitest.src.test.java.com.vaadin.tests.components.radiobuttongroup.RadioButtonGroupFocusBlurTest.java,1,1,0,0,0,0,0,0,0,0,0,0,0,0,0.0,0.0,1,0,0,0,1,0,26,1,2,19,7,0.27,1,1,1,1,1,0,100.0,7,7,7,6,6,6,False
vaadin/framework,80a406c075ecdc91c1c439a04796e72a7642bf23,"8.0.0.alpha9, 8.0.0.alpha10",server.src.test.java.com.vaadin.util.CurrentInstanceTest.java,12,2,0,0,0,1,7,0,0,0,0,0,0,0,6.0,22.0,0,1,0,0,8,0,92,14,32,43,12,0.13,-57,-57,-57,1,1,0,100.0,33,33,33,90,90,90,False
vaadin/framework,9784301cbc94d0463d6007579e947d552cd753a6,"8.0.0.alpha10, 8.0.0.beta1",uitest.src.test.java.com.vaadin.tests.push.PushRemoveConnectorsTest.java,2,0,1,0,0,0,1,0,0,1,0,0,0,1,0.0,0.0,0,0,1,0,1,0,23,2,7,11,1,0.04,4,4,4,1,1,0,100.0,5,5,5,1,1,1,False
vaadin/framework,9784301cbc94d0463d6007579e947d552cd753a6,"8.0.0.alpha10, 8.0.0.beta1",uitest.src.test.java.com.vaadin.tests.components.grid.HorizontalScrollAfterResizeTest.java,2,1,0,0,0,0,0,0,0,0,0,0,0,0,0.0,0.0,0,0,0,0,1,0,25,2,4,15,2,0.08,3,3,3,1,1,0,100.0,8,8,8,5,5,5,False
vaadin/framework,ab207e8bbeb6f3bf5b6a45e01ca5a4fb0e0c4f6a,"8.0.0.beta1, 8.0.0.beta2",uitest.src.test.java.com.vaadin.tests.application.ReconnectDialogUITest.java,6,1,0,0,0,0,2,0,0,0,0,0,0,0,0.0,0.0,0,0,0,0,2,0,44,7,12,35,4,0.09,0,0,0,1,1,0,100.0,1,1,1,1,1,1,False
vaadin/framework,ab207e8bbeb6f3bf5b6a45e01ca5a4fb0e0c4f6a,"8.0.0.beta1, 8.0.0.beta2",server.src.test.java.com.vaadin.tests.server.component.grid.GridTest.java,32,11,1,0,0,0,1,26,0,0,0,0,0,0,18.0,61.0,3,0,0,0,30,0,259,32,41,187,75,0.29,209,116,35,6,3,0,84.98,231,120,38,22,11,4,False
vaadin/framework,ab207e8bbeb6f3bf5b6a45e01ca5a4fb0e0c4f6a,"8.0.0.beta1, 8.0.0.beta2",server.src.test.java.com.vaadin.data.provider.DataCommunicatorTest.java,3,2,0,0,0,0,0,0,0,0,0,0,0,0,2.0,3.0,1,0,0,0,3,0,94,3,5,20,8,0.09,59,64,20,3,2,0,86.08,69,66,23,10,5,3,False
vaadin/framework,ab207e8bbeb6f3bf5b6a45e01ca5a4fb0e0c4f6a,"8.0.0.beta1, 8.0.0.beta2",server.src.test.java.com.vaadin.data.provider.AbstractDataProviderTest.java,2,1,0,0,0,0,0,0,0,0,0,0,0,0,2.0,4.0,0,0,0,0,2,0,32,2,4,11,3,0.09,-2,1,-1,2,2,0,62.5,3,3,2,5,3,2,False
vaadin/framework,ab207e8bbeb6f3bf5b6a45e01ca5a4fb0e0c4f6a,"8.0.0.beta1, 8.0.0.beta2",server.src.test.java.com.vaadin.data.provider.ListDataProviderTest.java,20,6,0,0,0,0,0,0,0,0,0,0,0,0,12.0,27.0,0,0,0,0,18,0,107,20,24,68,27,0.25,139,112,20,7,2,1,99.28,208,112,30,69,60,10,False
vaadin/framework,ab207e8bbeb6f3bf5b6a45e01ca5a4fb0e0c4f6a,"8.0.0.beta1, 8.0.0.beta2",server.src.test.java.com.vaadin.data.provider.ConfigurableFilterDataProviderWrapperTest.java,5,0,0,0,0,0,0,0,0,0,0,0,0,0,3.0,6.0,0,0,0,0,5,0,31,5,9,14,8,0.26,102,96,51,2,1,0,100.0,112,96,56,10,10,5,False
vaadin/framework,ab207e8bbeb6f3bf5b6a45e01ca5a4fb0e0c4f6a,"8.0.0.beta1, 8.0.0.beta2",server.src.test.java.com.vaadin.ui.AbstractListingTest.java,9,0,0,0,0,0,0,5,0,0,0,0,0,0,2.0,5.0,0,0,0,0,8,0,98,9,13,41,11,0.11,0,2,0,4,2,0,88.46,13,7,3,13,5,3,False
vaadin/framework,ab207e8bbeb6f3bf5b6a45e01ca5a4fb0e0c4f6a,"8.0.0.beta1, 8.0.0.beta2",server.src.test.java.com.vaadin.data.BinderTest.java,32,13,2,0,0,0,2,0,0,0,0,1,0,0,22.0,95.0,6,0,0,0,30,0,285,33,58,196,74,0.26,68,63,34,2,2,0,87.5,70,63,35,2,2,1,False
vaadin/framework,ab207e8bbeb6f3bf5b6a45e01ca5a4fb0e0c4f6a,"8.0.0.beta1, 8.0.0.beta2",uitest.src.test.java.com.vaadin.tests.components.datefield.DateFieldChangeResolutionTest.java,13,0,0,0,0,0,3,0,0,0,0,0,0,0,0.0,0.0,0,2,0,0,3,0,97,13,24,50,12,0.12,0,0,0,1,1,0,100.0,10,10,10,10,10,10,False
vaadin/framework,ab207e8bbeb6f3bf5b6a45e01ca5a4fb0e0c4f6a,"8.0.0.beta1, 8.0.0.beta2",server.src.test.java.com.vaadin.server.VaadinServiceTest.java,12,0,0,0,0,0,1,0,0,0,0,0,0,0,2.0,0.0,0,0,0,0,10,0,78,12,27,41,12,0.15,29,29,29,1,1,0,100.0,33,33,33,4,4,4,False
vaadin/framework,6cc8e72c472cba569e5dc1f326fa9c2ef8d44d90,"8.0.0.beta2, 8.0.0.rc1",server.src.test.java.com.vaadin.tests.server.component.grid.GridTest.java,43,11,1,0,0,0,1,35,0,0,0,0,0,0,20.0,65.0,3,0,1,0,39,0,310,43,54,225,87,0.28,102,41,34,3,2,0,66.98,104,43,35,2,2,1,False
vaadin/framework,6cc8e72c472cba569e5dc1f326fa9c2ef8d44d90,"8.0.0.beta2, 8.0.0.rc1",uitest.src.test.java.com.vaadin.tests.elements.combobox.ComboBoxInputNotAllowedTest.java,2,1,1,0,0,0,0,0,0,0,0,0,0,0,0.0,0.0,0,0,1,0,1,0,17,2,3,12,2,0.12,2,2,2,1,1,0,100.0,2,2,2,0,0,0,False
vaadin/framework,016e7ef8abe046255fbabd1afcb6a202074b1103,"8.0.0, 8.0.1",server.src.test.java.com.vaadin.server.DownloadStreamTest.java,2,0,0,0,0,0,1,0,0,0,0,0,0,0,0.0,0.0,0,1,0,0,1,0,14,2,6,8,0,0.0,2,2,2,1,1,0,100.0,5,5,5,3,3,3,False
vaadin/framework,9709373f6dcf0a64f2e400ccc9c75ed9649285ad,"8.0.1, 8.0.2",compatibility-server.src.test.java.com.vaadin.v7.tests.server.component.fieldgroup.BeanFieldGroupTest.java,6,2,0,0,0,0,1,0,0,0,0,2,0,0,3.0,6.0,0,0,0,0,6,0,35,1,1,2,3,0.09,0,0,0,1,1,0,100.0,1,1,1,1,1,1,False
vaadin/framework,9709373f6dcf0a64f2e400ccc9c75ed9649285ad,"8.0.1, 8.0.2",compatibility-server.src.test.java.com.vaadin.v7.tests.data.converter.ConverterFactoryTest.java,3,0,0,0,0,0,0,0,0,0,0,0,0,0,,,0,0,0,0,3,0,58,5,10,15,3,0.05,0,0,0,1,1,0,100.0,2,2,2,2,2,2,False
vaadin/framework,6ffa47ec8bf79b607f9fa6a6cbff9fc7a9c87509,"8.0.2, 8.0.3",uitest.src.test.java.com.vaadin.tests.components.grid.GridClickableRenderersTest.java,3,3,0,0,0,0,0,0,0,0,0,0,0,0,0.0,0.0,0,0,0,0,3,0,34,3,3,20,10,0.29,12,12,12,1,1,0,100.0,20,20,20,8,8,8,False
vaadin/framework,1f83a7d55c2531411478c815c90aef5e9d717184,"8.0.4, 8.0.5",uitest.src.test.java.com.vaadin.tests.components.grid.GridAddColumnTest.java,7,1,0,0,0,0,0,2,0,0,0,0,0,0,0.0,0.0,0,0,0,0,4,0,51,7,9,29,29,0.57,24,15,12,2,1,0,100.0,26,15,13,2,2,1,False
vaadin/framework,52c14408e390035e79cef3a5de8b0d91b5c59bcf,"8.0.6, 8.0.7",uitest.src.test.java.com.vaadin.tests.components.grid.GridSortIndicatorTest.java,1,0,0,0,0,0,1,0,0,0,0,0,0,0,0.0,0.0,1,0,0,0,1,0,14,1,2,11,6,0.43,-4,-4,-4,1,1,0,100.0,24,24,24,28,28,28,False
vaadin/framework,52c14408e390035e79cef3a5de8b0d91b5c59bcf,"8.0.6, 8.0.7",uitest.src.test.java.com.vaadin.tests.components.grid.GridRowHeightChangeTest.java,3,0,1,0,0,0,0,0,0,0,0,0,0,0,0.0,0.0,0,1,0,0,1,0,20,3,7,13,1,0.05,6,6,6,1,1,0,100.0,14,14,14,8,8,8,False
vaadin/framework,400b4eedcbb8cc3e1bd6e4861a0620978509c932,"8.1.0.alpha2, 8.1.0.alpha3",uitest.src.test.java.com.vaadin.tests.components.grid.GridAddColumnTest.java,7,1,0,0,0,0,0,2,0,0,0,0,0,0,0.0,0.0,0,0,0,0,4,0,51,7,9,29,29,0.57,24,15,12,2,1,0,100.0,26,15,13,2,2,1,False
vaadin/framework,fa8de08888889ea26262cd15b4016994a95178e1,"8.1.0.alpha3, 8.1.0.alpha4",uitest.src.test.java.com.vaadin.tests.components.treegrid.TreeGridBasicFeaturesTest.java,11,5,0,0,0,0,0,0,0,0,0,0,0,0,0.0,0.0,5,0,0,0,6,0,143,11,18,55,75,0.52,117,76,58,2,2,0,55.02,173,101,86,56,31,28,False
vaadin/framework,d25697a1230d24886b8d2219039fcb2dd38bd17c,"8.1.0.alpha6, 8.1.0.alpha7",uitest.src.test.java.com.vaadin.tests.components.datefield.DateFieldWhenChangingValueAndEnablingParentTest.java,4,0,0,0,0,0,0,0,0,0,1,0,0,0,0.0,0.0,0,0,0,0,1,0,42,4,8,17,17,0.4,1,1,1,1,1,0,100.0,5,5,5,4,4,4,False
vaadin/framework,d25697a1230d24886b8d2219039fcb2dd38bd17c,"8.1.0.alpha6, 8.1.0.alpha7",uitest.src.test.java.com.vaadin.tests.components.datefield.DateFieldPopupClosingTest.java,6,1,0,0,0,0,1,0,0,0,0,0,0,0,0.0,0.0,0,0,0,0,1,0,41,8,16,27,5,0.12,0,0,0,1,1,0,100.0,3,3,3,3,3,3,False
vaadin/framework,d25697a1230d24886b8d2219039fcb2dd38bd17c,"8.1.0.alpha6, 8.1.0.alpha7",uitest.src.test.java.com.vaadin.tests.components.datefield.DateFieldPopupClosingOnDetachTest.java,1,0,0,0,0,0,1,0,0,0,0,0,0,0,0.0,0.0,0,0,0,0,1,0,9,1,2,9,1,0.11,-1,-1,-1,1,1,0,100.0,2,2,2,3,3,3,False
vaadin/framework,d25697a1230d24886b8d2219039fcb2dd38bd17c,"8.1.0.alpha6, 8.1.0.alpha7",uitest.src.test.java.com.vaadin.tests.components.tree.TreeBasicFeaturesTest.java,7,2,0,0,0,0,2,0,0,0,0,0,0,0,0.0,0.0,0,0,0,0,4,0,74,7,17,43,22,0.3,130,133,65,2,1,0,100.0,133,133,66,3,3,2,False
vaadin/framework,46422df01b69f1b6a8c2780257a6968a6a5cd9df,"8.1.0.alpha7, 8.1.0.alpha8",uitest.src.test.java.com.vaadin.tests.application.MissingHierarchyDetectionTest.java,1,1,0,0,0,0,0,0,0,0,0,0,0,0,0.0,0.0,0,0,0,0,1,0,17,1,3,12,6,0.35,4,4,4,1,1,0,100.0,7,7,7,3,3,3,False
vaadin/framework,46422df01b69f1b6a8c2780257a6968a6a5cd9df,"8.1.0.alpha7, 8.1.0.alpha8",server.src.test.java.com.vaadin.util.CurrentInstanceTest.java,12,2,0,0,0,1,7,0,0,0,0,0,0,0,6.0,22.0,0,1,0,0,8,0,92,14,32,43,12,0.13,0,0,0,1,1,0,100.0,1,1,1,1,1,1,False
vaadin/framework,46422df01b69f1b6a8c2780257a6968a6a5cd9df,"8.1.0.alpha7, 8.1.0.alpha8",server.src.test.java.com.vaadin.tests.components.treegrid.TreeGridTest.java,2,1,0,0,0,0,0,0,0,0,0,0,0,0,0.0,0.0,0,0,0,0,2,0,25,2,2,13,4,0.16,0,0,0,1,1,0,100.0,7,7,7,7,7,7,False
vaadin/framework,46422df01b69f1b6a8c2780257a6968a6a5cd9df,"8.1.0.alpha7, 8.1.0.alpha8",server.src.test.java.com.vaadin.tests.components.TreeTest.java,1,1,0,0,0,0,0,0,0,0,0,0,0,0,1.0,0.0,0,0,0,0,1,0,43,1,1,10,4,0.09,0,0,0,1,1,0,100.0,7,7,7,7,7,7,False
vaadin/framework,2c5dd49f00672b8df3c81609a9e82a04b9aabd03,"8.1.0.beta1, 8.1.0.beta2",server.src.test.java.com.vaadin.tests.components.treegrid.TreeGridTest.java,2,1,0,0,0,0,0,0,0,0,0,0,0,0,0.0,0.0,0,1,0,0,2,0,25,2,2,13,4,0.16,-2,-2,-2,1,1,0,100.0,2,2,2,4,4,4,False
vaadin/framework,2c5dd49f00672b8df3c81609a9e82a04b9aabd03,"8.1.0.beta1, 8.1.0.beta2",uitest.src.test.java.com.vaadin.tests.components.grid.GridRowHeightChangeTest.java,3,0,1,0,0,0,0,0,0,0,0,0,0,0,0.0,0.0,0,1,0,0,1,0,20,3,7,13,1,0.05,6,6,6,1,1,0,100.0,14,14,14,8,8,8,False
vaadin/framework,c7148ce6cf7ff03cd922036c50a271e4bf10b782,"8.1.0.beta2, 8.1.0.beta3",server.src.test.java.com.vaadin.tests.server.KeyMapperTest.java,6,1,0,0,0,0,0,0,0,0,0,0,0,0,3.0,17.0,0,0,0,0,3,0,76,6,9,26,20,0.26,8,8,8,1,1,0,100.0,30,30,30,22,22,22,False
vaadin/framework,c7148ce6cf7ff03cd922036c50a271e4bf10b782,"8.1.0.beta2, 8.1.0.beta3",server.src.test.java.com.vaadin.tests.server.navigator.NavigatorTest.java,1,0,0,0,0,0,0,0,0,0,0,0,0,0,0.0,0.0,0,0,0,0,0,0,756,64,118,277,65,0.09,85,85,85,1,1,0,100.0,142,142,142,57,57,57,False
vaadin/framework,c7148ce6cf7ff03cd922036c50a271e4bf10b782,"8.1.0.beta2, 8.1.0.beta3",uitest.src.test.java.com.vaadin.tests.components.grid.GridSortIndicatorTest.java,1,0,0,0,0,0,1,0,0,0,0,0,0,0,0.0,0.0,1,0,0,0,1,0,14,1,2,11,6,0.43,-4,-4,-4,1,1,0,100.0,24,24,24,28,28,28,False
vaadin/framework,684c75ef76344ebfc38980494057c69d6238d09e,"8.1.0.beta3, 8.1.0.rc1",server.src.test.java.com.vaadin.data.provider.DataCommunicatorTest.java,4,2,0,0,0,0,0,0,0,0,0,0,0,0,3.0,9.0,1,0,0,0,4,0,111,4,7,35,9,0.08,29,23,14,2,1,0,100.0,36,23,18,7,7,4,False
vaadin/framework,e8f7de722a7561e25c6bfd1fb007f498db22b1c7,"8.1.0.rc1, 8.1.0.rc2",server.src.test.java.com.vaadin.tests.components.treegrid.TreeGridTest.java,3,1,0,0,0,0,0,0,0,0,0,0,0,0,0.0,0.0,0,1,0,0,3,0,32,3,4,19,7,0.22,12,12,12,1,1,0,100.0,12,12,12,0,0,0,False
vaadin/framework,6154f3a9cbabd458510f2aad2a3e6f58a8478a87,"8.1.0, 8.1.1",uitest.src.test.java.com.vaadin.tests.fields.TabIndexesTest.java,9,0,4,0,0,0,0,0,0,0,0,0,0,0,0.0,0.0,0,0,0,0,4,0,68,9,18,41,11,0.16,-39,-39,-39,1,1,0,100.0,57,57,57,96,96,96,False
vaadin/framework,df9522213560171e8a623cea31d824a52dea5dfa,"8.1.1, 8.1.2",uitest.src.test.java.com.vaadin.tests.CurrentTimeMillisTest.java,2,0,1,0,0,0,0,0,0,0,0,0,0,0,0.0,0.0,1,0,0,0,1,0,44,2,8,29,4,0.09,3,3,3,1,1,0,100.0,8,8,8,5,5,5,False
vaadin/framework,83efc2d77e6cee5cc49eb1480577a1bfdc6b35b0,"8.1.5, 8.1.6",server.src.test.java.com.vaadin.tests.server.component.grid.GridTest.java,53,11,1,0,0,0,1,44,0,0,0,0,0,0,25.0,85.0,3,16,1,0,48,0,395,53,82,289,95,0.24,63,63,63,1,1,0,100.0,81,81,81,18,18,18,False
vaadin/framework,1277ebb76ff4fe269c56ba829e1df7d7dafaeec1,"8.1.6, 8.1.7",uitest.src.test.java.com.vaadin.tests.components.window.BackspaceKeyWithModalOpenedTest.java,6,0,0,0,0,0,2,0,0,0,0,0,0,0,0.0,0.0,0,2,1,0,3,0,44,6,14,24,2,0.05,6,6,6,1,1,0,100.0,7,7,7,1,1,1,False
vaadin/framework,5b69c166f29d228581f23d5e21ba41366336fc07,"8.2.0.alpha1, 8.2.0.alpha2",server.src.test.java.com.vaadin.tests.server.KeyMapperTest.java,6,1,0,0,0,0,0,0,0,0,0,0,0,0,3.0,17.0,0,0,0,0,3,0,76,6,9,26,20,0.26,2,2,2,1,1,0,100.0,10,10,10,8,8,8,False
vaadin/framework,5b69c166f29d228581f23d5e21ba41366336fc07,"8.2.0.alpha1, 8.2.0.alpha2",server.src.test.java.com.vaadin.server.JSONSerializerTest.java,8,0,0,0,0,0,3,0,0,0,0,0,0,0,,,0,2,0,0,4,0,100,8,24,38,2,0.02,0,0,0,1,1,0,100.0,2,2,2,2,2,2,False
vaadin/framework,5b69c166f29d228581f23d5e21ba41366336fc07,"8.2.0.alpha1, 8.2.0.alpha2",compatibility-server.src.test.java.com.vaadin.v7.data.util.sqlcontainer.query.QueryBuilderTest.java,29,0,0,0,0,0,0,0,0,0,0,0,0,0,1.0,28.0,0,0,0,0,28,0,189,29,59,123,28,0.15,1,1,1,1,1,0,100.0,12,12,12,11,11,11,False
vaadin/framework,5b69c166f29d228581f23d5e21ba41366336fc07,"8.2.0.alpha1, 8.2.0.alpha2",compatibility-server.src.test.java.com.vaadin.v7.data.util.sqlcontainer.query.FreeformQueryTest.java,63,6,5,0,0,0,45,0,0,0,0,0,0,0,39.0,126.0,3,0,0,0,61,0,584,63,212,356,53,0.09,0,0,0,2,1,0,100.0,2,1,1,2,1,1,False
vaadin/framework,5b69c166f29d228581f23d5e21ba41366336fc07,"8.2.0.alpha1, 8.2.0.alpha2",compatibility-server.src.test.java.com.vaadin.v7.data.util.sqlcontainer.SQLContainerTest.java,116,70,19,0,0,0,114,0,0,0,0,5,0,0,93.0,388.0,5,1,0,0,114,0,1604,152,623,976,226,0.14,0,0,0,2,1,0,100.0,10,9,5,10,9,5,False
vaadin/framework,5b69c166f29d228581f23d5e21ba41366336fc07,"8.2.0.alpha1, 8.2.0.alpha2",compatibility-server.src.test.java.com.vaadin.v7.data.util.sqlcontainer.ColumnPropertyTest.java,27,4,0,0,0,0,1,0,0,0,0,0,0,0,11.0,36.0,0,0,0,0,27,0,182,27,46,103,28,0.15,1,1,1,1,1,0,100.0,2,2,2,1,1,1,False
vaadin/framework,5b69c166f29d228581f23d5e21ba41366336fc07,"8.2.0.alpha1, 8.2.0.alpha2",server.src.test.java.com.vaadin.tests.server.navigator.NavigatorTest.java,1,0,0,0,0,0,0,0,0,0,0,0,0,0,0.0,0.0,0,0,0,0,0,0,818,65,122,287,70,0.09,93,93,46,2,2,1,98.17,101,100,50,8,7,4,False
vaadin/framework,5b69c166f29d228581f23d5e21ba41366336fc07,"8.2.0.alpha1, 8.2.0.alpha2",server.src.test.java.com.vaadin.server.VaadinSessionTest.java,7,3,0,0,0,0,5,6,0,0,0,0,0,1,6.0,24.0,1,1,0,0,6,0,177,13,39,77,15,0.08,17,17,17,1,1,0,100.0,23,23,23,6,6,6,False
vaadin/framework,5b69c166f29d228581f23d5e21ba41366336fc07,"8.2.0.alpha1, 8.2.0.alpha2",compatibility-server.src.test.java.com.vaadin.v7.data.util.BeanItemTest.java,20,14,0,0,0,0,4,0,0,0,0,0,0,0,1.0,8.0,1,0,0,0,20,0,258,20,25,119,60,0.23,0,0,0,1,1,0,100.0,1,1,1,1,1,1,False
vaadin/framework,5b69c166f29d228581f23d5e21ba41366336fc07,"8.2.0.alpha1, 8.2.0.alpha2",uitest.src.test.java.com.vaadin.tests.components.table.DisabledSortingTableTest.java,9,1,0,0,0,0,0,0,0,0,0,0,0,0,0.0,0.0,1,0,0,0,1,0,48,11,19,34,5,0.1,0,0,0,1,1,0,100.0,1,1,1,1,1,1,False
vaadin/framework,ed57efc07e97b14ba19a60ba523328dda16ada50,"8.2.0.alpha2, 8.2.0.alpha3",uitest.src.test.java.com.vaadin.tests.components.window.BackspaceKeyWithModalOpenedTest.java,6,0,0,0,0,0,2,0,0,0,0,0,0,0,0.0,0.0,0,2,1,0,3,0,44,6,14,24,2,0.05,6,6,6,1,1,0,100.0,7,7,7,1,1,1,False
vaadin/framework,ed57efc07e97b14ba19a60ba523328dda16ada50,"8.2.0.alpha2, 8.2.0.alpha3",uitest.src.test.java.com.vaadin.tests.urifragments.FragmentHandlingAndAsynchUIUpdateTest.java,4,0,2,0,0,0,2,0,0,0,0,0,0,0,0.0,0.0,0,0,0,0,2,0,39,4,10,12,4,0.1,-18,-18,-18,1,1,0,100.0,22,22,22,40,40,40,False
vaadin/framework,ed57efc07e97b14ba19a60ba523328dda16ada50,"8.2.0.alpha2, 8.2.0.alpha3",uitest.src.test.java.com.vaadin.tests.themes.valo.NotificationStyleTest.java,3,0,0,0,0,0,0,0,0,0,0,0,0,0,0.0,0.0,0,0,0,0,2,0,31,3,9,29,2,0.06,-6,1,-3,2,1,0,100.0,5,4,2,11,8,6,False
vaadin/framework,ed57efc07e97b14ba19a60ba523328dda16ada50,"8.2.0.alpha2, 8.2.0.alpha3",uitest.src.test.java.com.vaadin.tests.push.BasicPushTest.java,11,0,0,0,0,0,1,0,0,0,0,0,0,0,0.0,0.0,0,1,0,0,1,0,47,11,20,27,0,0.0,-12,-12,-12,1,1,0,100.0,6,6,6,18,18,18,False
vaadin/framework,ed57efc07e97b14ba19a60ba523328dda16ada50,"8.2.0.alpha2, 8.2.0.alpha3",uitest.src.test.java.com.vaadin.tests.extensions.NotificationCloseListenerTest.java,1,0,0,0,0,0,1,0,0,0,0,0,0,0,0.0,0.0,0,1,0,0,1,0,7,1,3,5,0,0.0,-7,-7,-7,1,1,0,100.0,6,6,6,13,13,13,False
vaadin/framework,ed57efc07e97b14ba19a60ba523328dda16ada50,"8.2.0.alpha2, 8.2.0.alpha3",uitest.src.test.java.com.vaadin.tests.components.window.WindowMoveListenerTest.java,2,0,0,0,0,0,1,0,0,0,0,0,0,0,0.0,0.0,0,0,0,0,1,0,18,2,4,15,2,0.11,-7,-7,-7,1,1,0,100.0,2,2,2,9,9,9,False
vaadin/framework,ed57efc07e97b14ba19a60ba523328dda16ada50,"8.2.0.alpha2, 8.2.0.alpha3",uitest.src.test.java.com.vaadin.tests.components.ui.ComboboxSelectedItemTextTest.java,5,0,0,0,0,0,2,0,0,0,0,0,0,0,0.0,0.0,0,2,1,0,2,0,37,5,10,14,0,0.0,-5,-5,-5,1,1,0,100.0,3,3,3,8,8,8,False
vaadin/framework,ed57efc07e97b14ba19a60ba523328dda16ada50,"8.2.0.alpha2, 8.2.0.alpha3",uitest.src.test.java.com.vaadin.tests.components.table.TableScrollUpOnSelectTest.java,1,0,0,0,0,0,0,0,0,0,0,0,0,0,0.0,0.0,0,0,0,0,1,0,16,1,1,12,1,0.06,-7,1,-4,2,1,0,100.0,4,3,2,11,9,6,False
vaadin/framework,ed57efc07e97b14ba19a60ba523328dda16ada50,"8.2.0.alpha2, 8.2.0.alpha3",uitest.src.test.java.com.vaadin.tests.components.table.TableNavigationPageDownTest.java,15,0,0,0,0,0,0,0,0,0,0,0,0,0,0.0,0.0,0,0,0,0,3,0,126,17,40,72,4,0.03,-5,-5,-5,1,1,0,100.0,1,1,1,6,6,6,False
vaadin/framework,ed57efc07e97b14ba19a60ba523328dda16ada50,"8.2.0.alpha2, 8.2.0.alpha3",uitest.src.test.java.com.vaadin.tests.components.table.SelectAllRowsTest.java,11,0,0,0,0,0,0,0,0,0,0,0,0,0,0.0,0.0,0,0,0,0,1,0,47,11,20,37,1,0.02,-5,-5,-5,1,1,0,100.0,6,6,6,11,11,11,False
vaadin/framework,ed57efc07e97b14ba19a60ba523328dda16ada50,"8.2.0.alpha2, 8.2.0.alpha3",uitest.src.test.java.com.vaadin.tests.components.table.SelectAllConstantViewportTest.java,1,0,0,0,0,0,1,0,0,0,0,0,0,0,0.0,0.0,0,0,0,0,1,0,13,1,2,13,1,0.08,-8,-8,-8,1,1,0,100.0,2,2,2,10,10,10,False
vaadin/framework,ed57efc07e97b14ba19a60ba523328dda16ada50,"8.2.0.alpha2, 8.2.0.alpha3",uitest.src.test.java.com.vaadin.tests.components.combobox.ComboBoxScrollingWithArrowsTest.java,7,0,2,0,0,0,2,0,0,0,0,0,0,0,0.0,0.0,0,0,0,0,2,0,41,7,14,23,2,0.05,-7,0,-4,2,1,0,100.0,3,2,2,10,8,5,False
vaadin/framework,ed57efc07e97b14ba19a60ba523328dda16ada50,"8.2.0.alpha2, 8.2.0.alpha3",uitest.src.test.java.com.vaadin.tests.components.checkbox.CheckBoxRpcCountTest.java,2,0,0,0,0,0,0,0,0,0,0,0,0,0,0.0,0.0,0,1,0,0,1,0,18,2,2,9,0,0.0,-7,-7,-7,1,1,0,100.0,1,1,1,8,8,8,False
vaadin/framework,ed57efc07e97b14ba19a60ba523328dda16ada50,"8.2.0.alpha2, 8.2.0.alpha3",uitest.src.test.java.com.vaadin.tests.application.ReconnectDialogUITest.java,6,1,0,0,0,0,2,0,0,0,0,0,0,0,0.0,0.0,0,0,0,0,2,0,39,6,9,28,4,0.1,-6,2,-3,2,1,0,100.0,10,8,5,16,10,8,False
vaadin/framework,ed57efc07e97b14ba19a60ba523328dda16ada50,"8.2.0.alpha2, 8.2.0.alpha3",server.src.test.java.com.vaadin.ui.UITest.java,3,1,1,0,0,0,2,0,0,0,0,0,0,1,,,0,0,0,0,2,0,104,8,16,36,3,0.03,-20,3,-7,3,2,0,80.68,34,25,11,54,31,18,False
vaadin/framework,ed57efc07e97b14ba19a60ba523328dda16ada50,"8.2.0.alpha2, 8.2.0.alpha3",server.src.test.java.com.vaadin.server.communication.ServletUIInitHandlerTest.java,2,2,0,0,0,0,2,0,0,0,0,0,0,0,0.0,2.0,0,0,0,0,2,0,98,8,20,17,5,0.05,-6,1,-3,2,1,0,100.0,8,7,4,14,8,7,False
vaadin/framework,ed57efc07e97b14ba19a60ba523328dda16ada50,"8.2.0.alpha2, 8.2.0.alpha3",client.src.test.java.com.vaadin.client.ui.grid.ListDataSourceTest.java,9,5,0,0,0,0,6,0,0,0,0,0,0,0,8.0,45.0,1,0,0,0,9,0,95,9,15,62,32,0.34,-6,-6,-6,1,1,0,100.0,1,1,1,7,7,7,False
vaadin/framework,ed57efc07e97b14ba19a60ba523328dda16ada50,"8.2.0.alpha2, 8.2.0.alpha3",uitest.src.test.java.com.vaadin.tests.components.tree.TreeBasicFeaturesTest.java,17,4,0,0,0,0,2,0,0,0,0,0,0,0,0.0,0.0,1,0,0,0,13,0,149,17,32,127,42,0.28,-14,0,-4,4,1,0,100.0,65,43,16,79,54,20,False
vaadin/framework,ed57efc07e97b14ba19a60ba523328dda16ada50,"8.2.0.alpha2, 8.2.0.alpha3",uitest.src.main.java.com.vaadin.tests.components.tabsheet.TabSheetTest.java,10,0,0,0,0,0,0,0,0,0,0,0,0,0,,,0,0,0,0,0,0,207,10,10,67,81,0.39,-11,-11,-11,1,1,0,100.0,5,5,5,16,16,16,False
vaadin/framework,ed57efc07e97b14ba19a60ba523328dda16ada50,"8.2.0.alpha2, 8.2.0.alpha3",server.src.test.java.com.vaadin.ui.CheckBoxTest.java,5,3,0,0,0,0,0,0,0,0,0,0,0,0,3.0,10.0,2,0,0,0,5,0,43,5,6,21,7,0.16,0,2,0,3,1,0,100.0,16,10,5,16,8,5,False
vaadin/framework,ed57efc07e97b14ba19a60ba523328dda16ada50,"8.2.0.alpha2, 8.2.0.alpha3",server.src.test.java.com.vaadin.ui.AbstractSingleSelectTest.java,12,9,0,0,0,0,0,10,0,0,0,0,0,0,10.0,55.0,2,1,0,0,10,0,166,18,36,97,45,0.27,3,2,1,3,1,0,100.0,19,14,6,16,13,5,False
vaadin/framework,ed57efc07e97b14ba19a60ba523328dda16ada50,"8.2.0.alpha2, 8.2.0.alpha3",server.src.test.java.com.vaadin.tests.server.navigator.NavigatorTest.java,1,0,0,0,0,0,0,0,0,0,0,0,0,0,0.0,0.0,0,0,0,0,0,0,811,64,117,283,70,0.09,-6,-1,-2,3,1,0,100.0,44,39,15,50,40,17,False
vaadin/framework,ed57efc07e97b14ba19a60ba523328dda16ada50,"8.2.0.alpha2, 8.2.0.alpha3",server.src.test.java.com.vaadin.tests.server.component.grid.GridTest.java,54,12,1,0,0,0,1,45,0,0,0,0,0,0,26.0,85.0,3,16,1,0,49,0,400,54,83,292,97,0.24,62,62,21,3,2,1,96.93,145,79,48,83,66,28,False
vaadin/framework,ed57efc07e97b14ba19a60ba523328dda16ada50,"8.2.0.alpha2, 8.2.0.alpha3",uitest.src.test.java.com.vaadin.tests.widgetset.server.csrf.ui.AbstractCsrfTokenUITest.java,6,0,1,0,0,0,0,0,0,0,0,0,0,0,0.0,0.0,0,1,0,0,1,0,34,6,10,12,0,0.0,-7,-7,-7,1,1,0,100.0,11,11,11,18,18,18,False
vaadin/framework,ed57efc07e97b14ba19a60ba523328dda16ada50,"8.2.0.alpha2, 8.2.0.alpha3",uitest.src.test.java.com.vaadin.tests.urifragments.SettingNullFragmentTest.java,5,0,0,0,0,0,1,0,0,0,0,0,0,0,0.0,0.0,0,0,0,0,1,0,26,5,7,8,3,0.12,-6,-6,-6,1,1,0,100.0,6,6,6,12,12,12,False
vaadin/framework,ed57efc07e97b14ba19a60ba523328dda16ada50,"8.2.0.alpha2, 8.2.0.alpha3",uitest.src.test.java.com.vaadin.tests.push.PushFromInitTest.java,1,0,0,0,0,0,0,0,0,0,0,0,0,0,0.0,0.0,0,1,0,0,1,0,6,1,1,2,0,0.0,-7,-7,-7,1,1,0,100.0,2,2,2,9,9,9,False
vaadin/framework,ed57efc07e97b14ba19a60ba523328dda16ada50,"8.2.0.alpha2, 8.2.0.alpha3",uitest.src.test.java.com.vaadin.tests.push.PushConfigurationTest.java,9,0,0,0,0,0,0,0,0,0,0,0,0,0,0.0,0.0,0,0,0,0,0,0,38,9,17,22,1,0.03,-8,-8,-8,1,1,0,100.0,1,1,1,9,9,9,False
vaadin/framework,ed57efc07e97b14ba19a60ba523328dda16ada50,"8.2.0.alpha2, 8.2.0.alpha3",uitest.src.test.java.com.vaadin.tests.extensions.ResponsiveLayoutUpdateTest.java,1,0,0,0,0,0,1,0,0,0,0,0,0,0,0.0,0.0,0,1,0,0,1,0,12,1,2,10,0,0.0,-7,-7,-7,1,1,0,100.0,1,1,1,8,8,8,False
vaadin/framework,ed57efc07e97b14ba19a60ba523328dda16ada50,"8.2.0.alpha2, 8.2.0.alpha3",uitest.src.test.java.com.vaadin.tests.components.ui.UriFragmentTest.java,6,1,0,0,0,0,1,0,0,0,0,0,0,0,0.0,0.0,1,0,0,0,1,0,41,6,10,19,11,0.27,-8,1,-4,2,1,0,100.0,4,3,2,12,10,6,False
vaadin/framework,ed57efc07e97b14ba19a60ba523328dda16ada50,"8.2.0.alpha2, 8.2.0.alpha3",uitest.src.test.java.com.vaadin.tests.components.ui.UIAccessTest.java,9,4,0,0,0,0,0,0,0,0,0,0,0,0,0.0,0.0,0,2,0,0,7,0,52,9,16,39,13,0.25,-7,-7,-7,1,1,0,100.0,1,1,1,8,8,8,False
vaadin/framework,ed57efc07e97b14ba19a60ba523328dda16ada50,"8.2.0.alpha2, 8.2.0.alpha3",uitest.src.test.java.com.vaadin.tests.components.ui.PushStateAndReplaceStateTest.java,3,0,0,0,0,0,1,0,0,0,0,1,0,0,0.0,0.0,0,0,0,0,1,0,31,3,6,19,7,0.23,-8,-8,-8,1,1,0,100.0,1,1,1,9,9,9,False
vaadin/framework,ed57efc07e97b14ba19a60ba523328dda16ada50,"8.2.0.alpha2, 8.2.0.alpha3",uitest.src.test.java.com.vaadin.tests.components.textarea.TextAreaSizeResettedTest.java,14,2,0,0,0,0,0,0,0,0,0,0,0,0,0.0,0.0,0,0,0,0,2,0,60,14,22,50,6,0.1,-7,-7,-7,1,1,0,100.0,1,1,1,8,8,8,False
vaadin/framework,ed57efc07e97b14ba19a60ba523328dda16ada50,"8.2.0.alpha2, 8.2.0.alpha3",uitest.src.test.java.com.vaadin.tests.components.table.TableColumnResizeContentsWidthTest.java,5,1,0,0,0,0,1,0,0,0,0,0,0,0,0.0,0.0,0,0,0,0,1,0,34,5,9,23,3,0.09,-7,-7,-7,1,1,0,100.0,2,2,2,9,9,9,False
vaadin/framework,ed57efc07e97b14ba19a60ba523328dda16ada50,"8.2.0.alpha2, 8.2.0.alpha3",uitest.src.test.java.com.vaadin.tests.components.table.HeaderRightClickAfterDragTest.java,2,0,0,0,0,0,0,0,0,0,0,0,0,0,0.0,0.0,0,1,0,0,1,0,24,2,3,19,0,0.0,-7,-7,-7,1,1,0,100.0,1,1,1,8,8,8,False
vaadin/framework,ed57efc07e97b14ba19a60ba523328dda16ada50,"8.2.0.alpha2, 8.2.0.alpha3",uitest.src.test.java.com.vaadin.tests.components.notification.NotificationDelayTest.java,2,0,0,0,0,0,1,0,0,0,0,0,0,0,0.0,0.0,0,0,0,0,1,0,14,2,6,6,1,0.07,-5,1,-2,2,1,0,100.0,6,3,3,11,9,6,False
vaadin/framework,ed57efc07e97b14ba19a60ba523328dda16ada50,"8.2.0.alpha2, 8.2.0.alpha3",uitest.src.test.java.com.vaadin.tests.components.layout.EmptySpaceOnPageAfterExpandedComponentTest.java,1,0,0,0,0,0,0,0,0,0,0,0,0,0,0.0,0.0,0,1,0,0,1,0,12,1,1,3,0,0.0,-5,-5,-5,1,1,0,100.0,6,6,6,11,11,11,False
vaadin/framework,ed57efc07e97b14ba19a60ba523328dda16ada50,"8.2.0.alpha2, 8.2.0.alpha3",uitest.src.test.java.com.vaadin.tests.components.grid.GridApplyFilterWhenScrolledDownTest.java,1,1,0,0,0,0,1,0,0,0,0,0,0,0,0.0,0.0,0,0,0,0,1,0,15,1,2,16,2,0.13,-6,2,-3,2,1,0,100.0,7,5,4,13,10,6,False
vaadin/framework,ed57efc07e97b14ba19a60ba523328dda16ada50,"8.2.0.alpha2, 8.2.0.alpha3",uitest.src.test.java.com.vaadin.tests.components.combobox.ComboBoxSlowTest.java,10,2,0,0,0,0,2,0,0,0,0,0,0,0,0.0,0.0,2,0,0,0,3,0,63,10,17,54,9,0.14,-5,-5,-5,1,1,0,100.0,4,4,4,9,9,9,False
vaadin/framework,ed57efc07e97b14ba19a60ba523328dda16ada50,"8.2.0.alpha2, 8.2.0.alpha3",uitest.src.test.java.com.vaadin.tests.components.NoLayoutUpdateWhichNeedsLayoutTest.java,1,0,0,0,0,0,0,0,0,0,0,0,0,0,0.0,0.0,0,0,0,0,1,0,12,1,2,7,1,0.08,-5,-5,-5,1,1,0,100.0,4,4,4,9,9,9,False
vaadin/framework,ed57efc07e97b14ba19a60ba523328dda16ada50,"8.2.0.alpha2, 8.2.0.alpha3",compatibility-server.src.test.java.com.vaadin.v7.data.util.sqlcontainer.SQLContainerTest.java,116,70,19,0,0,0,114,0,0,0,0,5,0,0,93.0,388.0,5,1,0,0,114,0,1604,152,623,976,226,0.14,-2,0,-1,2,1,0,100.0,248,239,124,250,241,125,False
vaadin/framework,787a1f1a796a6f564303bc6c6ff322f3e9f57026,"8.3.0, 8.3.1",uitest.src.test.java.com.vaadin.tests.components.window.ModalWindowFocusTest.java,6,1,0,0,0,0,2,0,0,0,0,0,0,0,0.0,0.0,0,0,0,0,4,0,67,6,11,39,7,0.1,19,19,19,1,1,0,100.0,34,34,34,15,15,15,False
vaadin/framework,3a34a12da8bc08ff5ed151c7bde334c48b3192ee,"8.4.0.beta1, 8.4.0.rc1",uitest.src.test.java.com.vaadin.tests.components.window.ModalWindowFocusTest.java,6,1,0,0,0,0,2,0,0,0,0,0,0,0,0.0,0.0,0,0,0,0,4,0,67,6,11,39,7,0.1,-1,-1,-1,1,1,0,100.0,1,1,1,2,2,2,False
vaadin/framework,f7ca6cbe295974aa8dd175c8abd3b36b34d0b58e,"8.4.1, 8.4.2",server.src.test.java.com.vaadin.tests.server.component.grid.GridTest.java,55,13,1,0,0,0,2,46,0,0,0,0,0,0,27.0,86.0,4,16,1,0,50,0,423,55,85,307,109,0.26,7,7,7,1,1,0,100.0,9,9,9,2,2,2,False
vaadin/framework,f7ca6cbe295974aa8dd175c8abd3b36b34d0b58e,"8.4.1, 8.4.2",uitest.src.test.java.com.vaadin.tests.components.ui.WindowAndUIShortcutsTest.java,2,1,0,0,0,0,0,0,0,0,0,0,0,0,0.0,0.0,0,0,0,0,2,0,18,2,3,25,3,0.17,3,3,3,1,1,0,100.0,9,9,9,6,6,6,False
vaadin/framework,f7ca6cbe295974aa8dd175c8abd3b36b34d0b58e,"8.4.1, 8.4.2",uitest.src.test.java.com.vaadin.tests.components.ui.DynamicViewportTest.java,2,0,0,0,0,0,0,0,0,0,0,0,0,0,0.0,0.0,0,0,0,0,2,0,14,2,2,14,2,0.14,18,18,18,1,1,0,100.0,20,20,20,2,2,2,False
vaadin/framework,f7ca6cbe295974aa8dd175c8abd3b36b34d0b58e,"8.4.1, 8.4.2",uitest.src.test.java.com.vaadin.tests.components.grid.GridRendererSwitchTest.java,5,0,0,0,0,0,0,0,0,0,0,0,0,0,0.0,0.0,0,0,0,0,5,0,78,5,10,79,26,0.33,2,2,2,1,1,0,100.0,2,2,2,0,0,0,False
vaadin/framework,f7ca6cbe295974aa8dd175c8abd3b36b34d0b58e,"8.4.1, 8.4.2",uitest.src.test.java.com.vaadin.tests.components.datefield.DateTimeFieldZoneIdTest.java,11,0,0,0,0,0,0,0,0,0,0,0,0,0,0.0,0.0,0,0,0,0,6,0,94,11,16,72,14,0.15,3,3,3,1,1,0,100.0,21,21,21,18,18,18,False
vaadin/framework,f7ca6cbe295974aa8dd175c8abd3b36b34d0b58e,"8.4.1, 8.4.2",uitest.src.test.java.com.vaadin.tests.components.combobox.ComboBoxItemIconTest.java,4,0,0,0,0,0,1,0,0,0,0,0,0,0,0.0,0.0,0,1,0,0,3,0,46,4,7,31,9,0.2,2,2,2,1,1,0,100.0,2,2,2,0,0,0,False
vaadin/framework,f7ca6cbe295974aa8dd175c8abd3b36b34d0b58e,"8.4.1, 8.4.2",uitest.src.test.java.com.vaadin.tests.application.WebBrowserTimeZoneTest.java,2,0,0,0,0,0,1,0,0,0,0,0,0,0,0.0,0.0,0,0,0,0,1,0,13,2,5,15,3,0.23,11,11,11,1,1,0,100.0,16,16,16,5,5,5,False
vaadin/framework,82ca9f43d1697aefd9986594afe83f4d831f6e6c,"8.4.3, 8.4.4",server.src.test.java.com.vaadin.ui.AbstractListingTest.java,9,0,0,0,0,0,0,5,0,0,0,0,0,0,2.0,5.0,0,0,0,0,8,0,99,9,13,41,11,0.11,4,4,4,1,1,0,100.0,13,13,13,9,9,9,False
vaadin/framework,82ca9f43d1697aefd9986594afe83f4d831f6e6c,"8.4.3, 8.4.4",uitest.src.test.java.com.vaadin.tests.contextclick.GridContextClickTest.java,5,3,0,0,0,0,0,0,0,0,0,0,0,0,0.0,0.0,0,0,0,0,4,0,36,5,6,30,7,0.19,-1,-1,-1,1,1,0,100.0,2,2,2,3,3,3,False
vaadin/framework,37e42d097e8507b24a1edea2c97502971b98b68f,"8.4.4, 8.4.5",uitest.src.test.java.com.vaadin.tests.components.popupview.PopUpViewInTabsheetTest.java,2,0,0,0,0,0,0,0,0,0,0,0,0,0,0.0,0.0,0,1,1,0,1,0,13,2,3,9,2,0.15,2,2,2,1,1,0,100.0,2,2,2,0,0,0,False
vaadin/framework,1f28031c4bae8b58bf996a34717053c0a46e28d7,"8.5.0.alpha1, 8.5.0.alpha2",uitest.src.test.java.com.vaadin.tests.components.popupview.PopUpViewInTabsheetTest.java,2,0,0,0,0,0,0,0,0,0,0,0,0,0,0.0,0.0,0,1,1,0,1,0,13,2,3,9,2,0.15,2,2,2,1,1,0,100.0,2,2,2,0,0,0,False
vaadin/framework,1f28031c4bae8b58bf996a34717053c0a46e28d7,"8.5.0.alpha1, 8.5.0.alpha2",server.src.test.java.com.vaadin.ui.AbstractListingTest.java,9,0,0,0,0,0,0,5,0,0,0,0,0,0,2.0,5.0,0,0,0,0,8,0,99,9,13,41,11,0.11,4,4,4,1,1,0,100.0,13,13,13,9,9,9,False
vaadin/framework,1f28031c4bae8b58bf996a34717053c0a46e28d7,"8.5.0.alpha1, 8.5.0.alpha2",uitest.src.test.java.com.vaadin.tests.contextclick.GridContextClickTest.java,5,3,0,0,0,0,0,0,0,0,0,0,0,0,0.0,0.0,0,0,0,0,4,0,36,5,6,30,7,0.19,-1,-1,-1,1,1,0,100.0,2,2,2,3,3,3,False
vaadin/framework,1f28031c4bae8b58bf996a34717053c0a46e28d7,"8.5.0.alpha1, 8.5.0.alpha2",server.src.test.java.com.vaadin.tests.server.component.grid.GridTest.java,56,14,1,0,0,0,2,47,0,0,0,0,0,0,28.0,89.0,4,16,1,0,51,0,436,56,86,311,113,0.26,26,19,13,2,2,0,71.05,32,23,16,6,4,3,False
vaadin/framework,a6c6b5e0a207dd8ea5aa5ab0dc243ecbcfd52759,"8.5.0.alpha2, 8.5.0.beta1",uitest.src.test.java.com.vaadin.tests.tooltip.StationaryTooltipTest.java,4,0,0,0,0,0,1,0,0,0,0,0,0,0,0.0,0.0,0,0,0,0,1,0,22,4,9,17,2,0.09,-20,-20,-20,1,1,0,100.0,13,13,13,33,33,33,False
vaadin/framework,a6c6b5e0a207dd8ea5aa5ab0dc243ecbcfd52759,"8.5.0.alpha2, 8.5.0.beta1",uitest.src.test.java.com.vaadin.tests.tooltip.AdjacentElementsWithTooltipsTest.java,3,1,0,0,0,0,1,0,0,0,0,0,0,0,0.0,0.0,0,0,0,0,1,0,23,3,7,17,3,0.13,-5,-5,-5,1,1,0,100.0,10,10,10,15,15,15,False
vaadin/framework,a6c6b5e0a207dd8ea5aa5ab0dc243ecbcfd52759,"8.5.0.alpha2, 8.5.0.beta1",uitest.src.test.java.com.vaadin.tests.components.menubar.MenuBarTooltipsNearEdgeTest.java,1,0,0,0,0,0,0,0,0,0,0,0,0,0,0.0,0.0,0,0,0,0,1,0,15,1,3,18,3,0.2,6,6,6,1,1,0,100.0,17,17,17,11,11,11,False
vaadin/framework,a6c6b5e0a207dd8ea5aa5ab0dc243ecbcfd52759,"8.5.0.alpha2, 8.5.0.beta1",uitest.src.test.java.com.vaadin.tests.components.menubar.MenuBarSubmenusClosingValoTest.java,2,0,0,0,0,0,1,0,0,0,0,0,0,0,0.0,0.0,0,0,0,0,2,0,25,2,4,21,2,0.08,-2,-2,-2,1,1,0,100.0,9,9,9,11,11,11,False
vaadin/framework,48a6ade74d89eccbb10fe04be9f08276cca1beef,"8.5.0.beta1, 8.5.0.beta2",uitest.src.test.java.com.vaadin.tests.components.textarea.TextAreaSizeResettedTest.java,14,2,0,0,0,0,0,0,0,0,0,0,0,0,0.0,0.0,0,0,0,0,2,0,61,14,22,52,6,0.1,0,0,0,1,1,0,100.0,4,4,4,4,4,4,False
vaadin/framework,48a6ade74d89eccbb10fe04be9f08276cca1beef,"8.5.0.beta1, 8.5.0.beta2",uitest.src.test.java.com.vaadin.tests.components.table.ContextMenuSizeTest.java,8,2,0,0,0,0,0,0,0,0,0,0,0,0,0.0,0.0,0,0,0,0,2,0,48,8,13,34,4,0.08,6,6,6,1,1,0,100.0,7,7,7,1,1,1,False
vaadin/framework,48a6ade74d89eccbb10fe04be9f08276cca1beef,"8.5.0.beta1, 8.5.0.beta2",uitest.src.test.java.com.vaadin.tests.components.abstractcomponent.ContextClickUITest.java,2,0,0,0,0,0,0,0,0,0,0,0,0,0,0.0,0.0,0,0,0,0,2,0,15,2,4,23,2,0.13,1,1,1,1,1,0,100.0,3,3,3,2,2,2,False
vaadin/framework,7c9ffa48dc9c29d8db8043d446ae1b392c1b4a68,"8.5.1, 8.5.2",uitest.src.test.java.com.vaadin.tests.debug.PushVersionInfoTest.java,4,0,0,0,0,0,2,0,0,0,0,0,0,2,0.0,0.0,0,0,0,0,2,0,40,4,10,25,5,0.13,2,2,2,1,1,0,100.0,4,4,4,2,2,2,False
vaadin/framework,7c9ffa48dc9c29d8db8043d446ae1b392c1b4a68,"8.5.1, 8.5.2",uitest.src.test.java.com.vaadin.tests.application.ReconnectDialogUITest.java,6,1,0,0,0,0,2,0,0,0,0,0,0,0,0.0,0.0,0,0,0,0,2,0,39,6,9,28,4,0.1,-1,-1,-1,1,1,0,100.0,4,4,4,5,5,5,False
vaadin/framework,7c9ffa48dc9c29d8db8043d446ae1b392c1b4a68,"8.5.1, 8.5.2",uitest.src.test.java.com.vaadin.tests.components.upload.InterruptUploadTest.java,7,0,0,0,0,0,1,0,1,0,0,0,0,1,0.0,0.0,1,0,0,1,1,0,64,7,18,36,2,0.03,8,8,8,1,1,0,100.0,32,32,32,24,24,24,False
vaadin/framework,eebb0debc4cb02c1d6d83626f43e0535d07443f6,"8.6.0.alpha1, 8.6.0.alpha2",uitest.src.test.java.com.vaadin.tests.debug.PushVersionInfoTest.java,4,0,0,0,0,0,2,0,0,0,0,0,0,2,0.0,0.0,0,0,0,0,2,0,40,4,10,25,5,0.13,2,2,2,1,1,0,100.0,4,4,4,2,2,2,False
vaadin/framework,eebb0debc4cb02c1d6d83626f43e0535d07443f6,"8.6.0.alpha1, 8.6.0.alpha2",uitest.src.test.java.com.vaadin.tests.application.ReconnectDialogUITest.java,6,1,0,0,0,0,2,0,0,0,0,0,0,0,0.0,0.0,0,0,0,0,2,0,39,6,9,28,4,0.1,-1,-1,-1,1,1,0,100.0,4,4,4,5,5,5,False
vaadin/framework,eebb0debc4cb02c1d6d83626f43e0535d07443f6,"8.6.0.alpha1, 8.6.0.alpha2",uitest.src.test.java.com.vaadin.tests.components.upload.InterruptUploadTest.java,7,0,0,0,0,0,1,0,1,0,0,0,0,1,0.0,0.0,1,0,0,1,1,0,64,7,18,36,2,0.03,8,8,8,1,1,0,100.0,32,32,32,24,24,24,False
vaadin/framework,10a92e3dc44568d0ed9705cd40751b14c4c3741e,"8.6.1, 8.6.2",uitest.src.test.java.com.vaadin.tests.components.combobox.ComboBoxSelectingNewItemValueChangeTest.java,22,0,0,0,0,0,0,0,0,0,0,0,0,0,0.0,0.0,0,9,0,0,9,0,148,24,45,73,22,0.15,2,2,2,1,1,0,100.0,7,7,7,5,5,5,False
vaadin/framework,ddb4d9363df94090c5577e3b2c4146444b6fa6cc,"8.8.2, 8.8.3",uitest.src.test.java.com.vaadin.tests.components.table.TableItemDescriptionGeneratorUITest.java,3,0,0,0,0,0,2,0,0,0,0,0,0,0,0.0,0.0,0,0,0,0,2,0,117,3,8,41,2,0.02,6,6,6,1,1,0,100.0,12,12,12,6,6,6,False
vaadin/framework,ba158beabb86faf94a02dc0e8993b96871a7f756,"8.9.0.beta2, 8.9.0.beta3",uitest.src.test.java.com.vaadin.tests.components.treegrid.TreeGridBigDetailsManagerTest.java,24,0,3,0,0,0,0,0,0,0,0,0,0,0,0.0,0.0,0,0,0,0,14,0,528,26,52,250,162,0.31,360,360,360,1,1,0,100.0,426,426,426,66,66,66,False
vaadin/framework,ba158beabb86faf94a02dc0e8993b96871a7f756,"8.9.0.beta2, 8.9.0.beta3",uitest.src.test.java.com.vaadin.tests.components.grid.GridComponentsTest.java,18,1,0,0,0,0,0,0,0,0,0,0,0,0,0.0,0.0,1,1,0,0,13,0,154,18,27,152,40,0.26,23,23,23,1,1,0,100.0,36,36,36,13,13,13,False
vaadin/framework,dc4ce2ef4905ab0a4576411af0adb562940841a1,"8.9.2, 8.9.3",server.src.test.java.com.vaadin.server.VaadinPortletServiceTest.java,22,0,0,0,0,0,1,11,0,0,0,0,0,0,0.0,0.0,0,0,0,0,11,0,116,22,29,78,11,0.09,2,2,2,1,1,0,100.0,4,4,4,2,2,2,False
vaadin/framework,d32798bbdf6ffd49dc15ac1ca664eafcece04410,"8.10.0.alpha1, 8.10.0.beta1",uitest.src.test.java.com.vaadin.tests.components.datefield.DateTimeFieldReadOnlyTest.java,3,1,0,0,0,0,1,0,0,0,0,0,0,0,0.0,0.0,1,0,0,0,1,0,35,3,6,20,14,0.4,29,29,29,1,1,0,100.0,45,45,45,16,16,16,False
vaadin/framework,d32798bbdf6ffd49dc15ac1ca664eafcece04410,"8.10.0.alpha1, 8.10.0.beta1",uitest.src.test.java.com.vaadin.tests.components.datefield.DateFieldReadOnlyTest.java,3,1,0,0,0,0,1,0,0,0,0,0,0,0,0.0,0.0,1,0,0,0,1,0,35,3,6,20,14,0.4,29,29,29,1,1,0,100.0,45,45,45,16,16,16,False
vaadin/framework,d32798bbdf6ffd49dc15ac1ca664eafcece04410,"8.10.0.alpha1, 8.10.0.beta1",uitest.src.test.java.com.vaadin.tests.components.upload.InterruptUploadTest.java,7,0,0,0,0,0,1,0,1,0,0,0,0,0,0.0,0.0,0,1,0,1,1,0,73,9,25,43,0,0.0,6,6,6,1,1,0,100.0,27,27,27,21,21,21,False
vaadin/framework,b8c19e07f00e8b57278bbd18c8c7498c3740d865,"8.12.0.alpha2, 8.12.0.beta1",uitest.src.test.java.com.vaadin.tests.components.tabsheet.ScrolledTabSheetResizeTest.java,6,0,2,0,0,0,2,0,0,0,0,2,0,0,0.0,0.0,0,0,1,0,2,0,100,6,24,46,5,0.05,11,11,11,1,1,0,100.0,11,11,11,0,0,0,False
vaadin/framework,b8c19e07f00e8b57278bbd18c8c7498c3740d865,"8.12.0.alpha2, 8.12.0.beta1",uitest.src.test.java.com.vaadin.tests.components.MenuBarDownloadBrowserOpenerUITest.java,4,0,0,0,0,0,0,0,0,0,0,0,0,0,0.0,0.0,0,1,0,0,1,0,48,6,16,23,1,0.02,37,37,37,1,1,0,100.0,43,43,43,6,6,6,False
vaadin/framework,3e9873b1182f6b56403202ebe1556e685ded0ff8,"8.12.1, 8.12.2",uitest.src.test.java.com.vaadin.tests.components.table.HeaderFooterClickLeftRightMiddleTest.java,5,0,0,0,0,0,1,0,0,0,0,0,0,0,0.0,0.0,0,0,0,0,3,0,44,5,10,32,8,0.18,17,17,17,1,1,0,100.0,31,31,31,14,14,14,False
vaadin/framework,8c5e36b982d30c3881f149cffbed60c92e10249a,"8.13.0.alpha1, 8.13.0.beta1",uitest.src.test.java.com.vaadin.v7.tests.components.grid.basicfeatures.GridBasicFeaturesTest.java,29,0,0,0,0,0,0,0,0,0,0,0,0,0,0.0,0.0,0,0,0,0,0,0,169,29,66,125,9,0.05,50,50,50,1,1,0,100.0,73,73,73,23,23,23,False
vaadin/framework,8c5e36b982d30c3881f149cffbed60c92e10249a,"8.13.0.alpha1, 8.13.0.beta1",uitest.src.test.java.com.vaadin.tests.components.ui.TextAreaEventPropagationTest.java,4,4,0,0,0,0,2,0,0,0,0,0,0,0,0.0,0.0,1,0,0,0,4,0,56,4,10,45,10,0.18,-12,-12,-12,1,1,0,100.0,29,29,29,41,41,41,False
vaadin/framework,8c5e36b982d30c3881f149cffbed60c92e10249a,"8.13.0.alpha1, 8.13.0.beta1",uitest.src.test.java.com.vaadin.tests.components.combobox.ComboboxMenuBarAutoopenTest.java,5,0,0,0,0,0,0,0,0,0,0,0,0,0,0.0,0.0,0,0,0,0,2,0,37,5,8,32,3,0.08,9,9,9,1,1,0,100.0,20,20,20,11,11,11,False
vaadin/framework,9cfcb4fcd49fc0e2a1d451029c8863de7d2b6419,"8.13.0, 8.13.1",uitest.src.test.java.com.vaadin.tests.components.datefield.DateTimeFieldEventOrderTest.java,1,0,0,0,0,0,0,0,0,0,0,0,0,0,0.0,0.0,0,0,0,0,1,0,23,3,6,17,2,0.09,16,13,4,4,1,0,100.0,25,16,6,9,3,2,False
vaadin/framework,c30450f453165015d43e99ffe4a5fe57824a3202,"8.14.0, 8.14.1",uitest.src.test.java.com.vaadin.tests.components.ui.UIInitBrowserDetailsTest.java,5,0,0,0,0,0,0,0,0,0,0,0,0,0,0.0,0.0,0,0,0,0,1,0,31,5,9,14,12,0.39,3,3,3,1,1,0,100.0,4,4,4,1,1,1,False
vaadin/framework,6bb9177e697fcf1dabea54b523b8f2d7d5a1691c,"8.14.1, 8.14.2",server.src.test.java.com.vaadin.data.BinderTest.java,85,29,10,0,0,0,4,0,0,0,0,1,0,0,67.0,372.0,15,0,0,0,78,0,936,92,181,625,219,0.23,116,71,39,3,1,0,100.0,116,71,39,0,0,0,False
