App,SHA,Tag,TestFilePath,NumberOfMethods,Assertion Roulette,Conditional Test Logic,Constructor Initialization,Default Test,EmptyTest,Exception Catching Throwing,General Fixture,Mystery Guest,Print Statement,Redundant Assertion,Sensitive Equality,Verbose Test,Sleepy Test,Eager Test,Lazy Test,Duplicate Assert,Unknown Test,IgnoredTest,Resource Optimism,Magic Number Test,Dependent Test,LOC,NOM,WMC,RFC,NAs,AsD,codeChurnTotal,codeChurnMax,codeChurnAvg,commits,Contributors,minorContributors,contributorsExperience,addLinesCount,addLinesMax,addLinesAvg,removedLinesCount,removedLinesMax,removedLinesAvg,isPullUpMethod
graphhopper/graphhopper,64f05ca9697debe7408dfaa4ccf093879fbe1008,"0.10.alpha1, 0.10.alpha2-android",core.src.test.java.com.graphhopper.reader.dem.MultiSourceElevationProviderTest.java,3,0,0,0,0,0,0,0,0,0,0,0,0,0,1.0,0.0,1,0,0,0,1,0,47,5,8,5,21,0.45,91,55,46,2,2,0,52.38,98,55,49,7,7,4,False
graphhopper/graphhopper,64f05ca9697debe7408dfaa4ccf093879fbe1008,"0.10.alpha1, 0.10.alpha2-android",core.src.test.java.com.graphhopper.routing.ch.PrepareContractionHierarchiesTest.java,22,6,1,0,0,0,0,1,0,0,0,0,0,0,5.0,16.0,0,2,0,0,12,0,343,22,28,132,29,0.08,-184,-184,-184,1,1,0,100.0,6,6,6,190,190,190,False
graphhopper/graphhopper,64f05ca9697debe7408dfaa4ccf093879fbe1008,"0.10.alpha1, 0.10.alpha2-android",core.src.test.java.com.graphhopper.reader.dem.HeightTileTest.java,4,0,0,0,0,0,0,0,0,0,0,0,0,0,3.0,30.0,2,0,0,0,3,0,71,4,5,23,27,0.38,1,1,1,1,1,0,100.0,14,14,14,13,13,13,False
graphhopper/graphhopper,94a5972a983b3d888127030719ba161b595eb6ff,"0.10.alpha3, 0.10.alpha4",core.src.test.java.com.graphhopper.reader.dem.MultiSourceElevationProviderTest.java,3,0,0,0,0,0,0,0,0,0,0,0,0,0,1.0,0.0,1,0,0,0,1,0,47,5,8,5,21,0.45,36,36,36,1,1,0,100.0,43,43,43,7,7,7,False
graphhopper/graphhopper,94a5972a983b3d888127030719ba161b595eb6ff,"0.10.alpha3, 0.10.alpha4",core.src.test.java.com.graphhopper.routing.ch.PrepareContractionHierarchiesTest.java,22,6,1,0,0,0,0,1,0,0,0,0,0,0,5.0,16.0,0,2,0,0,12,0,343,22,28,132,29,0.08,-184,-184,-184,1,1,0,100.0,6,6,6,190,190,190,False
graphhopper/graphhopper,53f42a134007c2e5189f1bc52fa96d02ed8046ea,"0.11.0-pre3, 0.11.0-pre4",core.src.test.java.com.graphhopper.routing.util.NameSimilarityEdgeFilterTest.java,9,6,0,0,0,0,0,0,0,0,0,0,0,0,6.0,40.0,3,0,0,0,6,0,117,12,21,33,42,0.36,-58,-58,-58,1,1,0,100.0,45,45,45,103,103,103,False
graphhopper/graphhopper,d7396f9c7f1400dc28fd1059c28d26ecbc1a26c1,"0.11.0-pre4, 0.11.0-pre5",reader-osm.src.test.java.com.graphhopper.reader.osm.GraphHopperOSMTest.java,28,23,3,0,0,0,7,0,0,0,7,1,0,0,0.0,0.0,7,1,0,4,25,0,572,37,81,377,126,0.22,0,0,0,1,1,0,100.0,3,3,3,3,3,3,False
graphhopper/graphhopper,d7396f9c7f1400dc28fd1059c28d26ecbc1a26c1,"0.11.0-pre4, 0.11.0-pre5",core.src.test.java.com.graphhopper.routing.ch.PrepareContractionHierarchiesTest.java,22,6,1,0,0,0,0,1,0,0,0,0,0,0,5.0,16.0,0,2,0,0,12,0,343,22,28,132,29,0.08,0,0,0,1,1,0,100.0,1,1,1,1,1,1,False
graphhopper/graphhopper,2d93aa07f733f0acb47e33a13823a23fe4ae2667,"0.12.0-pre2, 0.12.0-pre3",core.src.test.java.com.graphhopper.routing.util.EncodingManagerTest.java,12,7,1,0,0,0,2,0,0,0,2,1,0,0,9.0,48.0,4,1,0,0,12,0,206,22,43,71,43,0.21,39,30,13,3,1,0,100.0,90,49,30,51,20,17,False
graphhopper/graphhopper,2d93aa07f733f0acb47e33a13823a23fe4ae2667,"0.12.0-pre2, 0.12.0-pre3",core.src.test.java.com.graphhopper.routing.util.CarFlagEncoderTest.java,21,12,0,0,0,0,3,0,0,0,3,0,0,0,9.0,75.0,11,0,0,0,21,0,471,21,31,138,132,0.28,10,10,3,3,1,0,100.0,202,136,67,192,126,64,False
graphhopper/graphhopper,2d93aa07f733f0acb47e33a13823a23fe4ae2667,"0.12.0-pre2, 0.12.0-pre3",core.src.test.java.com.graphhopper.routing.util.BikeFlagEncoderTest.java,14,9,0,0,0,0,1,0,0,0,1,0,0,0,0.0,0.0,9,0,0,0,13,0,511,14,18,86,177,0.35,-7,0,-2,3,1,0,100.0,106,75,35,113,77,38,False
graphhopper/graphhopper,2d93aa07f733f0acb47e33a13823a23fe4ae2667,"0.12.0-pre2, 0.12.0-pre3",core.src.test.java.com.graphhopper.routing.util.Bike2WeightFlagEncoderTest.java,7,2,0,0,0,0,0,0,0,0,0,0,0,0,0.0,2.0,1,0,0,0,4,0,69,7,11,46,11,0.16,3,2,2,2,1,0,100.0,26,23,13,23,21,12,False
graphhopper/graphhopper,2d93aa07f733f0acb47e33a13823a23fe4ae2667,"0.12.0-pre2, 0.12.0-pre3",reader-osm.src.test.java.com.graphhopper.reader.osm.OSMReaderTest.java,31,17,2,0,0,0,0,0,0,0,0,1,0,0,2.0,0.0,11,2,0,1,25,0,635,43,76,326,205,0.32,78,29,13,6,2,0,80.62,119,30,20,41,24,7,False
graphhopper/graphhopper,2d93aa07f733f0acb47e33a13823a23fe4ae2667,"0.12.0-pre2, 0.12.0-pre3",core.src.test.java.com.graphhopper.storage.GraphHopperStorageTest.java,15,7,0,0,0,0,4,0,0,0,0,1,0,0,12.0,56.0,3,1,0,0,12,0,235,28,46,128,58,0.25,61,61,15,4,1,0,100.0,90,64,22,29,25,7,False
graphhopper/graphhopper,2d93aa07f733f0acb47e33a13823a23fe4ae2667,"0.12.0-pre2, 0.12.0-pre3",core.src.test.java.com.graphhopper.routing.weighting.FastestWeightingTest.java,4,1,0,0,0,0,0,0,0,0,0,0,0,0,4.0,8.0,2,0,0,0,4,0,44,4,4,30,9,0.2,3,3,2,2,1,0,100.0,19,17,10,16,14,8,False
graphhopper/graphhopper,2d93aa07f733f0acb47e33a13823a23fe4ae2667,"0.12.0-pre2, 0.12.0-pre3",core.src.test.java.com.graphhopper.routing.util.RacingBikeFlagEncoderTest.java,8,3,0,0,0,0,0,0,0,0,0,0,0,0,0.0,0.0,4,0,0,0,7,0,189,8,9,43,63,0.33,11,14,6,2,1,0,100.0,54,42,27,43,28,22,False
graphhopper/graphhopper,2d93aa07f733f0acb47e33a13823a23fe4ae2667,"0.12.0-pre2, 0.12.0-pre3",core.src.test.java.com.graphhopper.routing.util.MountainBikeFlagEncoderTest.java,6,5,0,0,0,0,0,0,0,0,0,0,0,0,1.0,0.0,5,0,0,0,5,0,143,6,7,31,45,0.31,2,2,1,2,1,0,100.0,25,15,12,23,13,12,False
graphhopper/graphhopper,2d93aa07f733f0acb47e33a13823a23fe4ae2667,"0.12.0-pre2, 0.12.0-pre3",core.src.test.java.com.graphhopper.routing.util.MotorcycleFlagEncoderTest.java,6,3,0,0,0,0,0,0,0,0,0,0,0,0,2.0,17.0,3,0,0,0,4,0,115,6,10,55,27,0.23,-27,0,-9,3,1,0,100.0,45,24,15,72,48,24,False
graphhopper/graphhopper,2d93aa07f733f0acb47e33a13823a23fe4ae2667,"0.12.0-pre2, 0.12.0-pre3",core.src.test.java.com.graphhopper.routing.util.FootFlagEncoderTest.java,15,11,0,0,0,0,0,0,0,0,0,0,0,0,9.0,46.0,7,0,0,0,15,0,309,15,18,100,88,0.28,5,5,2,3,1,0,100.0,96,58,32,91,53,30,False
graphhopper/graphhopper,2d93aa07f733f0acb47e33a13823a23fe4ae2667,"0.12.0-pre2, 0.12.0-pre3",core.src.test.java.com.graphhopper.routing.util.DataFlagEncoderTest.java,18,8,0,1,0,0,1,0,0,0,0,1,0,0,12.0,93.0,8,0,0,0,18,0,317,24,42,135,87,0.27,1,2,0,3,1,0,100.0,91,58,30,90,56,30,False
graphhopper/graphhopper,2d93aa07f733f0acb47e33a13823a23fe4ae2667,"0.12.0-pre2, 0.12.0-pre3",core.src.test.java.com.graphhopper.routing.lm.PrepareLandmarksTest.java,3,2,1,0,0,0,0,2,0,0,0,2,0,0,2.0,5.0,2,0,0,1,2,0,94,3,6,39,19,0.2,6,6,3,2,1,0,100.0,12,11,6,6,5,3,False
graphhopper/graphhopper,2d93aa07f733f0acb47e33a13823a23fe4ae2667,"0.12.0-pre2, 0.12.0-pre3",core.src.test.java.com.graphhopper.routing.ch.PrepareEncoderTest.java,1,1,0,0,0,0,0,0,0,0,0,0,0,0,1.0,0.0,0,0,0,0,1,0,19,1,2,4,9,0.47,0,0,0,1,1,0,100.0,3,3,3,3,3,3,False
graphhopper/graphhopper,2d93aa07f733f0acb47e33a13823a23fe4ae2667,"0.12.0-pre2, 0.12.0-pre3",core.src.test.java.com.graphhopper.routing.ch.PrepareContractionHierarchiesTest.java,28,7,2,0,0,0,0,12,0,0,0,0,0,0,3.0,12.0,0,2,0,0,15,0,396,30,42,170,35,0.09,125,98,18,7,2,0,81.1,208,104,30,83,19,12,False
graphhopper/graphhopper,2d93aa07f733f0acb47e33a13823a23fe4ae2667,"0.12.0-pre2, 0.12.0-pre3",core.src.test.java.com.graphhopper.routing.ch.NodeBasedNodeContractorTest.java,18,1,0,0,0,0,0,0,0,0,0,0,0,0,0.0,7.0,1,7,0,0,10,0,229,18,25,116,7,0.03,-8,6,-1,6,2,0,65.62,28,23,5,36,17,6,False
graphhopper/graphhopper,2d93aa07f733f0acb47e33a13823a23fe4ae2667,"0.12.0-pre2, 0.12.0-pre3",core.src.test.java.com.graphhopper.routing.ch.EdgeBasedNodeContractorTest.java,85,0,0,0,0,0,0,0,0,0,0,0,0,0,1.0,0.0,0,60,1,0,61,0,907,85,109,398,3,0.0,3,6,1,5,2,0,80.0,19,10,4,16,8,3,False
graphhopper/graphhopper,2d93aa07f733f0acb47e33a13823a23fe4ae2667,"0.12.0-pre2, 0.12.0-pre3",core.src.test.java.com.graphhopper.routing.QueryGraphTest.java,26,11,0,0,0,0,0,17,0,0,0,1,0,0,15.0,87.0,8,0,0,0,17,0,447,27,43,258,117,0.26,2,2,1,2,1,0,100.0,28,26,14,26,24,13,False
graphhopper/graphhopper,2d93aa07f733f0acb47e33a13823a23fe4ae2667,"0.12.0-pre2, 0.12.0-pre3",core.src.test.java.com.graphhopper.routing.DijkstraBidirectionCHTest.java,11,4,1,0,0,0,0,0,0,0,0,3,0,0,3.0,9.0,1,2,0,0,6,0,156,11,19,104,22,0.14,6,4,1,6,2,0,50.0,33,14,6,27,10,4,False
graphhopper/graphhopper,2d93aa07f733f0acb47e33a13823a23fe4ae2667,"0.12.0-pre2, 0.12.0-pre3",reader-osm.src.test.java.com.graphhopper.reader.osm.GraphHopperOSMTest.java,28,23,3,0,0,0,7,0,0,0,0,1,0,0,0.0,0.0,7,1,0,4,25,0,572,37,81,401,111,0.19,0,0,0,5,2,0,68.42,38,26,8,38,26,8,False
graphhopper/graphhopper,2d93aa07f733f0acb47e33a13823a23fe4ae2667,"0.12.0-pre2, 0.12.0-pre3",core.src.test.java.com.graphhopper.routing.ch.WitnessPathSearcherTest.java,8,0,0,0,0,0,0,4,0,0,0,0,0,0,4.0,8.0,0,0,0,0,4,0,106,8,12,41,9,0.08,1,1,0,2,2,0,71.43,4,3,2,3,2,2,False
graphhopper/graphhopper,90226f432c4e0e7a880366db26dbe99445f05d65,"0.12.0-pre5, 0.12.0-pre6",core.src.test.java.com.graphhopper.routing.ch.NodeBasedNodeContractorTest.java,24,3,1,0,0,0,0,0,0,0,0,0,0,0,0.0,7.0,1,7,0,0,12,0,303,24,34,149,15,0.05,111,111,111,1,1,0,100.0,117,117,117,6,6,6,False
graphhopper/graphhopper,90226f432c4e0e7a880366db26dbe99445f05d65,"0.12.0-pre5, 0.12.0-pre6",core.src.test.java.com.graphhopper.routing.ch.EdgeBasedNodeContractorTest.java,85,0,0,0,0,0,0,0,0,0,0,0,0,0,1.0,0.0,0,61,0,0,62,0,907,85,109,398,3,0.0,-1,-1,-1,1,1,0,100.0,0,0,0,1,1,1,False
graphhopper/graphhopper,90226f432c4e0e7a880366db26dbe99445f05d65,"0.12.0-pre5, 0.12.0-pre6",reader-osm.src.test.java.com.graphhopper.reader.osm.OSMReaderTest.java,31,17,2,0,0,0,0,0,0,0,0,1,0,0,2.0,0.0,11,2,0,1,25,0,634,43,76,325,205,0.32,-1,-1,-1,1,1,0,100.0,7,7,7,8,8,8,False
graphhopper/graphhopper,e1c8d2278646a8ce92551d976804f166b6f646bb,"0.13.0-pre1, 0.13.0-pre2",core.src.test.java.com.graphhopper.routing.PathTest.java,31,29,2,0,0,0,0,0,0,1,0,1,0,0,,,3,0,0,0,29,0,676,31,42,344,152,0.22,11,11,11,1,1,0,100.0,77,77,77,66,66,66,False
graphhopper/graphhopper,e1c8d2278646a8ce92551d976804f166b6f646bb,"0.13.0-pre1, 0.13.0-pre2",core.src.test.java.com.graphhopper.routing.ch.NodeBasedNodeContractorTest.java,27,3,1,0,0,0,0,0,0,0,0,0,0,0,1.0,9.0,1,8,0,0,13,0,327,27,38,160,15,0.05,33,32,11,3,1,0,100.0,37,34,12,4,2,1,False
graphhopper/graphhopper,e1c8d2278646a8ce92551d976804f166b6f646bb,"0.13.0-pre1, 0.13.0-pre2",core.src.test.java.com.graphhopper.routing.PathBidirRefTest.java,3,2,0,0,0,0,0,0,0,0,0,0,0,0,2.0,6.0,0,0,0,0,2,0,39,3,4,21,6,0.15,0,0,0,1,1,0,100.0,28,28,28,28,28,28,False
graphhopper/graphhopper,559f7c3cd1fad2bdf4426245880daf6c99d36686,"0.13.0-pre2, 0.13.0-pre3",core.src.test.java.com.graphhopper.storage.ShortcutUnpackerTest.java,7,2,1,1,0,0,0,3,0,0,0,0,0,0,,,3,0,0,0,3,0,253,8,15,47,64,0.25,338,189,169,2,1,0,100.0,373,189,186,35,35,18,False
graphhopper/graphhopper,559f7c3cd1fad2bdf4426245880daf6c99d36686,"0.13.0-pre2, 0.13.0-pre3",reader-gtfs.src.test.java.com.graphhopper.reader.gtfs.GraphExplorerTest.java,4,3,0,1,0,0,0,0,0,0,0,4,0,0,0.0,0.0,0,0,0,0,4,0,130,5,6,58,11,0.08,1,1,1,1,1,0,100.0,22,22,22,21,21,21,False
graphhopper/graphhopper,2f8072dd866018fe0ee5e3a36ac3ef2e72cf06f1,"0.13.0-pre3, 0.13.0-pre4",core.src.test.java.com.graphhopper.routing.subnetwork.PrepareRoutingSubnetworksTest.java,17,8,1,0,0,0,0,0,0,0,0,0,0,0,7.0,24.0,1,0,0,0,10,0,250,17,30,127,38,0.15,-1,-1,-1,1,1,0,100.0,6,6,6,7,7,7,False
graphhopper/graphhopper,3b9c0335aed6ade2aa74cb88fe8cdd98974bd145,"0.13.0-pre4, 0.13.0-pre5",core.src.test.java.com.graphhopper.routing.util.spatialrules.SpatialRuleLookupArrayTest.java,9,6,0,0,0,0,0,0,0,0,0,0,0,0,6.0,29.0,0,0,0,0,7,0,128,15,26,43,31,0.24,0,0,0,1,1,0,100.0,10,10,10,10,10,10,False
graphhopper/graphhopper,3b9c0335aed6ade2aa74cb88fe8cdd98974bd145,"0.13.0-pre4, 0.13.0-pre5",core.src.test.java.com.graphhopper.routing.util.DataFlagEncoderTest.java,18,8,0,1,0,0,1,0,0,0,0,5,0,0,7.0,20.0,8,0,0,0,18,0,333,25,44,132,86,0.26,18,18,18,1,1,0,100.0,148,148,148,130,130,130,False
graphhopper/graphhopper,3b9c0335aed6ade2aa74cb88fe8cdd98974bd145,"0.13.0-pre4, 0.13.0-pre5",core.src.test.java.com.graphhopper.routing.ch.PrepareContractionHierarchiesTest.java,32,7,2,0,0,0,0,13,0,0,0,0,0,0,4.0,14.0,0,2,0,0,16,0,467,36,57,213,39,0.08,9,6,2,4,2,1,96.61,34,21,8,25,15,6,False
graphhopper/graphhopper,a8c654b05b2df1df0bf89f5dc2e17ee48bf2e1eb,"0.13.0-pre5, 0.13.0-pre6",core.src.test.java.com.graphhopper.routing.profiles.DefaultEncodedValueFactoryTest.java,3,0,0,0,0,0,0,0,0,0,0,0,0,0,0.0,3.0,0,0,0,0,3,0,18,3,3,9,3,0.17,0,0,0,1,1,0,100.0,1,1,1,1,1,1,False
graphhopper/graphhopper,0f7ed2bd287535c2ba79fe0511ee1ab763abfab4,"0.13.0-pre6, 0.13.0-pre7",core.src.test.java.com.graphhopper.routing.DijkstraTest.java,2,0,0,1,0,0,0,0,0,0,0,0,0,0,0.0,0.0,0,0,0,0,0,0,30,4,9,7,0,0.0,10,10,10,1,1,0,100.0,15,15,15,5,5,5,False
graphhopper/graphhopper,0f7ed2bd287535c2ba79fe0511ee1ab763abfab4,"0.13.0-pre6, 0.13.0-pre7",core.src.test.java.com.graphhopper.routing.DijkstraBidirectionRefTest.java,2,0,0,1,0,0,0,0,0,0,0,0,0,0,0.0,0.0,0,0,0,0,0,0,30,4,9,7,0,0.0,10,10,10,1,1,0,100.0,15,15,15,5,5,5,False
graphhopper/graphhopper,0f7ed2bd287535c2ba79fe0511ee1ab763abfab4,"0.13.0-pre6, 0.13.0-pre7",core.src.test.java.com.graphhopper.routing.AlternativeRouteTest.java,6,3,0,1,0,0,0,0,0,0,0,0,0,0,3.0,14.0,0,0,0,0,3,0,94,7,12,47,14,0.15,-2,-2,-2,1,1,0,100.0,11,11,11,13,13,13,False
graphhopper/graphhopper,0f7ed2bd287535c2ba79fe0511ee1ab763abfab4,"0.13.0-pre6, 0.13.0-pre7",core.src.test.java.com.graphhopper.routing.AStarTest.java,2,0,0,1,0,0,0,0,0,0,0,0,0,0,0.0,0.0,0,0,0,0,0,0,30,4,9,7,0,0.0,10,10,10,1,1,0,100.0,17,17,17,7,7,7,False
graphhopper/graphhopper,0f7ed2bd287535c2ba79fe0511ee1ab763abfab4,"0.13.0-pre6, 0.13.0-pre7",core.src.test.java.com.graphhopper.routing.AStarBidirectionTest.java,3,0,0,1,0,0,0,0,0,0,0,0,0,0,0.0,0.0,0,0,0,0,1,0,51,6,11,15,4,0.08,10,10,10,1,1,0,100.0,15,15,15,5,5,5,False
graphhopper/graphhopper,653b108dfab2eed33483f6520b0f4ca1b1a5bc59,"0.13.0-pre8, 0.13.0-pre9",reader-osm.src.test.java.com.graphhopper.reader.osm.GraphHopperOSMTest.java,29,24,4,0,0,0,7,0,0,0,0,1,0,0,0.0,0.0,8,1,0,4,26,0,613,42,94,437,114,0.19,7,7,7,1,1,0,100.0,8,8,8,1,1,1,False
graphhopper/graphhopper,405ea0800bf6366a42f160918e831fbdf7e6fb48,"0.13.0-pre12, 0.13.0-pre13",reader-osm.src.test.java.com.graphhopper.reader.osm.GraphHopperOSMTest.java,30,25,4,0,0,0,8,0,0,0,0,1,0,0,0.0,0.0,8,1,0,4,27,0,650,44,98,456,118,0.18,68,68,68,1,1,0,100.0,69,69,69,1,1,1,False
graphhopper/graphhopper,b6ebc9b9e09a8865e1e8f9109f710e0b68baecc6,"0.13.0-pre13, 0.13.0-pre14",core.src.test.java.com.graphhopper.storage.GraphHopperStorageTest.java,15,7,0,0,0,0,4,0,0,0,0,1,0,0,12.0,56.0,3,1,0,0,12,0,234,28,45,127,58,0.25,-1,-1,-1,1,1,0,100.0,8,8,8,9,9,9,False
graphhopper/graphhopper,b6ebc9b9e09a8865e1e8f9109f710e0b68baecc6,"0.13.0-pre13, 0.13.0-pre14",core.src.test.java.com.graphhopper.routing.DijkstraBidirectionCHTest.java,11,4,1,0,0,0,0,0,0,0,0,3,0,0,3.0,9.0,1,2,0,0,6,0,156,11,19,104,22,0.14,-1,-1,-1,1,1,0,100.0,4,4,4,5,5,5,False
graphhopper/graphhopper,03d4737983322c3588499842f2a22b291cfae0d7,"0.13.0-pre14, 0.13.0-pre16",core.src.test.java.com.graphhopper.routing.util.NameSimilarityEdgeFilterTest.java,9,7,0,0,0,0,0,0,0,0,0,0,0,0,7.0,43.0,3,0,0,0,7,0,117,11,19,32,43,0.37,-2,-2,-2,1,1,0,100.0,5,5,5,7,7,7,False
graphhopper/graphhopper,03d4737983322c3588499842f2a22b291cfae0d7,"0.13.0-pre14, 0.13.0-pre16",reader-osm.src.test.java.com.graphhopper.reader.osm.GraphHopperOSMTest.java,30,25,4,0,0,0,8,0,0,0,0,1,0,0,0.0,0.0,8,1,0,4,27,0,650,44,98,458,118,0.18,0,0,0,1,1,0,100.0,18,18,18,18,18,18,False
graphhopper/graphhopper,03d4737983322c3588499842f2a22b291cfae0d7,"0.13.0-pre14, 0.13.0-pre16",core.src.test.java.com.graphhopper.routing.ch.PrepareContractionHierarchiesTest.java,33,7,2,0,0,0,0,13,0,0,0,0,0,0,4.0,17.0,0,2,0,0,16,0,461,37,59,216,39,0.08,-1,3,0,3,1,0,100.0,56,35,19,57,32,19,False
graphhopper/graphhopper,03d4737983322c3588499842f2a22b291cfae0d7,"0.13.0-pre14, 0.13.0-pre16",core.src.test.java.com.graphhopper.routing.ch.EdgeBasedNodeContractorTest.java,84,0,0,0,0,0,0,0,0,0,0,0,0,0,1.0,0.0,0,61,0,0,62,0,901,84,107,395,3,0.0,-13,-13,-13,1,1,0,100.0,8,8,8,21,21,21,False
graphhopper/graphhopper,03d4737983322c3588499842f2a22b291cfae0d7,"0.13.0-pre14, 0.13.0-pre16",core.src.test.java.com.graphhopper.routing.ch.CHAlgoFactoryDecoratorTest.java,8,1,1,0,0,0,0,6,0,0,0,0,0,0,5.0,23.0,0,0,0,0,6,0,74,8,15,28,3,0.04,-13,-13,-13,1,1,0,100.0,45,45,45,58,58,58,False
graphhopper/graphhopper,03d4737983322c3588499842f2a22b291cfae0d7,"0.13.0-pre14, 0.13.0-pre16",core.src.test.java.com.graphhopper.routing.DijkstraBidirectionCHTest.java,11,4,1,0,0,0,0,0,0,0,0,3,0,0,3.0,9.0,1,2,0,0,6,0,150,11,19,103,22,0.15,-10,-4,-5,2,1,0,100.0,11,9,6,21,13,10,False
graphhopper/graphhopper,03d4737983322c3588499842f2a22b291cfae0d7,"0.13.0-pre14, 0.13.0-pre16",core.src.test.java.com.graphhopper.routing.util.DefaultEdgeFilterTest.java,2,0,1,0,0,0,0,0,0,0,0,0,0,0,1.0,0.0,0,0,0,0,1,0,32,2,3,15,2,0.06,-1,1,0,2,1,0,100.0,5,3,2,6,5,3,False
graphhopper/graphhopper,03d4737983322c3588499842f2a22b291cfae0d7,"0.13.0-pre14, 0.13.0-pre16",core.src.test.java.com.graphhopper.routing.ch.NodeBasedNodeContractorTest.java,28,4,1,0,0,0,0,0,0,0,0,0,0,0,1.0,9.0,1,8,0,0,14,0,359,28,40,175,18,0.05,-16,-1,-5,3,1,0,100.0,10,5,3,26,16,9,False
graphhopper/graphhopper,3e7a773d12b366122357933e169ea603464f3cf5,"0.13.0-pre16, 0.13.0-pre17",core.src.test.java.com.graphhopper.routing.util.NameSimilarityEdgeFilterTest.java,10,8,0,0,0,0,0,0,0,0,0,0,0,0,7.0,45.0,3,0,0,0,8,0,127,12,20,36,51,0.4,18,18,18,1,1,0,100.0,21,21,21,3,3,3,False
graphhopper/graphhopper,9fb8650714b390c72f1db433efc2c4a8f9ffa9a3,"0.13.0-pre17, 0.13.0-pre18",core.src.test.java.com.graphhopper.routing.util.DataFlagEncoderTest.java,14,8,0,1,0,0,1,0,0,0,0,5,0,0,7.0,20.0,6,0,0,0,14,0,296,21,40,126,60,0.2,-37,-2,-18,2,1,0,100.0,28,28,14,65,35,32,False
graphhopper/graphhopper,9fb8650714b390c72f1db433efc2c4a8f9ffa9a3,"0.13.0-pre17, 0.13.0-pre18",core.src.test.java.com.graphhopper.routing.weighting.TurnWeightingTest.java,5,0,0,0,0,0,0,3,0,0,0,0,0,0,2.0,5.0,0,0,0,0,3,0,39,5,6,18,5,0.13,-1,-1,-1,1,1,0,100.0,1,1,1,2,2,2,False
graphhopper/graphhopper,d093043e33921b0e80aba3651fab15956d964e70,"0.13.0-pre18, 0.13.0-pre19",core.src.test.java.com.graphhopper.routing.ch.Path4CHTest.java,10,0,0,0,0,0,0,2,0,0,0,0,0,0,0.0,0.0,0,2,0,0,2,0,106,10,15,36,3,0.03,0,0,0,1,1,0,100.0,16,16,16,16,16,16,False
graphhopper/graphhopper,d093043e33921b0e80aba3651fab15956d964e70,"0.13.0-pre18, 0.13.0-pre19",core.src.test.java.com.graphhopper.routing.ch.NodeBasedNodeContractorTest.java,29,4,1,0,0,0,0,0,0,0,0,0,0,0,1.0,9.0,1,8,0,0,14,0,365,29,44,175,18,0.05,4,4,4,1,1,0,100.0,18,18,18,14,14,14,False
graphhopper/graphhopper,9a5efe6e2b7332495709cfc42674017d7d047cfc,"0.13.0, 0.14.0-pre1",reader-osm.src.test.java.com.graphhopper.reader.osm.OSMReaderTest.java,32,19,2,0,0,0,0,0,0,0,0,2,0,0,1.0,2.0,12,2,0,1,27,0,704,45,83,364,232,0.33,64,64,64,1,1,0,100.0,74,74,74,10,10,10,False
graphhopper/graphhopper,65fbc7af6a2205b0a4e12baa79f41b6d2834f02b,"0.14.0-pre1, 1.0-pre1",reader-osm.src.test.java.com.graphhopper.reader.osm.OSMTurnRelationTest.java,1,1,0,0,0,0,0,0,0,0,0,0,0,0,1.0,0.0,1,0,0,0,1,0,47,3,8,12,11,0.23,-1,-1,-1,1,1,0,100.0,6,6,6,7,7,7,False
graphhopper/graphhopper,65fbc7af6a2205b0a4e12baa79f41b6d2834f02b,"0.14.0-pre1, 1.0-pre1",reader-osm.src.test.java.com.graphhopper.reader.osm.OSMReaderTest.java,31,18,2,0,0,0,0,0,0,0,0,2,0,0,2.0,2.0,11,2,0,1,26,0,656,44,82,352,208,0.32,-64,-64,-64,1,1,0,100.0,10,10,10,74,74,74,False
graphhopper/graphhopper,ad58bfc6e9a45743ef7fddcb07c6fd158e7d528b,"1.0-pre1, 1.0-pre2",core.src.test.java.com.graphhopper.routing.QueryGraphTest.java,32,14,2,0,0,0,0,21,0,0,0,1,0,0,19.0,121.0,10,0,0,0,21,0,541,33,55,331,156,0.29,-15,-15,-15,1,1,0,100.0,46,46,46,61,61,61,False
graphhopper/graphhopper,ad58bfc6e9a45743ef7fddcb07c6fd158e7d528b,"1.0-pre1, 1.0-pre2",reader-osm.src.test.java.com.graphhopper.reader.osm.OSMReaderTest.java,33,20,2,0,0,0,0,0,0,0,0,2,0,0,1.0,2.0,12,2,0,1,28,0,730,46,84,375,242,0.33,104,104,52,2,2,0,93.94,118,114,59,14,10,7,False
graphhopper/graphhopper,ad58bfc6e9a45743ef7fddcb07c6fd158e7d528b,"1.0-pre1, 1.0-pre2",core.src.test.java.com.graphhopper.routing.template.RoundTripRoutingTemplateTest.java,6,2,0,0,0,0,0,0,0,0,0,0,0,0,2.0,9.0,1,0,0,0,4,0,84,6,11,37,16,0.19,-3,0,-1,3,1,0,100.0,13,10,4,16,10,5,False
graphhopper/graphhopper,ad58bfc6e9a45743ef7fddcb07c6fd158e7d528b,"1.0-pre1, 1.0-pre2",api.src.test.java.com.graphhopper.util.AngleCalcTest.java,11,1,0,0,0,0,0,0,0,0,0,0,0,0,7.0,40.0,3,0,0,0,10,0,97,11,12,31,48,0.49,28,28,28,1,1,0,100.0,31,31,31,3,3,3,False
graphhopper/graphhopper,9a88313e903219d1c8452ef9de985f14c312d812,"1.0-pre2, 1.0-pre3",core.src.test.java.com.graphhopper.routing.PathTest.java,32,29,2,0,0,0,0,0,0,0,0,1,0,0,,,3,0,0,0,29,0,697,32,44,341,152,0.22,29,28,10,3,1,0,100.0,123,91,41,94,63,31,False
graphhopper/graphhopper,9a88313e903219d1c8452ef9de985f14c312d812,"1.0-pre2, 1.0-pre3",core.src.test.java.com.graphhopper.util.PathSimplificationTest.java,2,1,0,0,0,0,0,0,0,0,0,0,0,0,1.0,0.0,0,0,0,0,1,0,97,2,4,28,3,0.03,3,2,2,2,1,0,100.0,6,4,3,3,2,2,False
graphhopper/graphhopper,9a88313e903219d1c8452ef9de985f14c312d812,"1.0-pre2, 1.0-pre3",reader-gtfs.src.test.java.com.graphhopper.reader.gtfs.GraphExplorerTest.java,4,3,0,1,0,0,0,0,0,0,0,4,0,0,0.0,0.0,0,0,0,0,4,0,126,5,6,61,11,0.09,-1,0,0,3,2,0,53.85,6,3,2,7,3,2,False
graphhopper/graphhopper,5092c50bd70a8b70958c1f76658ed6f26a734354,"1.0-pre3, 1.0-pre4",core.src.test.java.com.graphhopper.routing.querygraph.QueryGraphTest.java,32,14,2,0,0,0,0,21,0,0,0,2,0,0,18.0,80.0,10,0,0,0,21,0,546,32,49,334,159,0.29,11,11,11,1,1,0,100.0,40,40,40,29,29,29,False
graphhopper/graphhopper,adcca066d736ef890542774eca1b10b16425aa8f,"1.0-pre4, 1.0-pre5",core.src.test.java.com.graphhopper.routing.ch.CHProfileSelectorTest.java,17,0,1,0,0,0,0,11,0,0,0,0,0,0,0.0,0.0,0,0,0,0,11,0,135,17,25,70,52,0.39,112,112,112,1,1,0,100.0,144,144,144,32,32,32,False
graphhopper/graphhopper,adcca066d736ef890542774eca1b10b16425aa8f,"1.0-pre4, 1.0-pre5",core.src.test.java.com.graphhopper.routing.template.RoundTripRoutingTemplateTest.java,6,2,0,0,0,0,0,0,0,0,0,0,0,0,2.0,9.0,1,0,0,0,4,0,86,6,11,38,16,0.19,1,1,0,2,1,0,100.0,6,5,3,5,4,2,False
graphhopper/graphhopper,adcca066d736ef890542774eca1b10b16425aa8f,"1.0-pre4, 1.0-pre5",core.src.test.java.com.graphhopper.routing.AlternativeRouteTest.java,6,3,0,1,0,0,0,0,0,0,0,0,0,0,3.0,14.0,0,0,0,0,3,0,94,7,10,48,14,0.15,-1,-1,-1,1,1,0,100.0,20,20,20,21,21,21,False
graphhopper/graphhopper,adcca066d736ef890542774eca1b10b16425aa8f,"1.0-pre4, 1.0-pre5",core.src.test.java.com.graphhopper.routing.util.parsers.OSMTollParserTest.java,2,1,0,0,0,0,0,0,0,0,0,0,0,0,1.0,0.0,1,0,0,0,1,0,46,2,3,8,6,0.13,1,1,1,1,1,0,100.0,9,9,9,8,8,8,False
graphhopper/graphhopper,adcca066d736ef890542774eca1b10b16425aa8f,"1.0-pre4, 1.0-pre5",core.src.test.java.com.graphhopper.routing.util.CarFlagEncoderTest.java,21,13,1,0,0,0,3,0,0,0,3,0,0,0,6.0,47.0,11,0,0,0,21,0,477,21,31,139,133,0.28,13,12,6,2,2,0,62.32,41,22,20,28,21,14,False
graphhopper/graphhopper,adcca066d736ef890542774eca1b10b16425aa8f,"1.0-pre4, 1.0-pre5",core.src.test.java.com.graphhopper.routing.PathTest.java,32,29,2,0,0,0,0,0,0,0,0,1,0,0,,,3,0,0,0,29,0,699,32,44,340,152,0.22,2,2,2,1,1,0,100.0,12,12,12,10,10,10,False
graphhopper/graphhopper,adcca066d736ef890542774eca1b10b16425aa8f,"1.0-pre4, 1.0-pre5",core.src.test.java.com.graphhopper.routing.AStarTest.java,2,0,0,1,0,0,0,0,0,0,0,0,0,0,0.0,0.0,0,0,0,0,0,0,30,4,9,7,0,0.0,-1,0,0,2,1,0,100.0,2,1,1,3,2,2,False
graphhopper/graphhopper,adcca066d736ef890542774eca1b10b16425aa8f,"1.0-pre4, 1.0-pre5",core.src.test.java.com.graphhopper.routing.AStarBidirectionTest.java,3,0,0,1,0,0,0,0,0,0,0,0,0,0,0.0,0.0,0,0,0,0,1,0,51,6,11,15,4,0.08,-1,0,0,2,1,0,100.0,2,1,1,3,2,2,False
graphhopper/graphhopper,adcca066d736ef890542774eca1b10b16425aa8f,"1.0-pre4, 1.0-pre5",core.src.test.java.com.graphhopper.util.GHUtilityTest.java,9,4,0,0,0,0,0,0,0,0,0,0,0,0,4.0,10.0,1,1,0,0,6,0,135,9,13,68,50,0.37,-1,1,0,2,2,0,69.7,16,12,8,17,11,8,False
graphhopper/graphhopper,adcca066d736ef890542774eca1b10b16425aa8f,"1.0-pre4, 1.0-pre5",core.src.test.java.com.graphhopper.util.CHEdgeIteratorTest.java,1,1,0,0,0,0,0,0,0,0,0,0,0,0,,,1,0,0,0,1,0,38,1,1,26,16,0.42,-2,-2,-2,1,1,0,100.0,11,11,11,13,13,13,False
graphhopper/graphhopper,adcca066d736ef890542774eca1b10b16425aa8f,"1.0-pre4, 1.0-pre5",core.src.test.java.com.graphhopper.routing.ch.PrepareContractionHierarchiesTest.java,33,7,2,0,0,0,0,13,0,0,0,0,0,0,4.0,17.0,0,2,0,0,16,0,458,37,59,213,39,0.09,0,0,0,2,1,0,100.0,21,18,10,21,18,10,False
graphhopper/graphhopper,adcca066d736ef890542774eca1b10b16425aa8f,"1.0-pre4, 1.0-pre5",core.src.test.java.com.graphhopper.routing.DijkstraBidirectionCHTest.java,11,4,1,0,0,0,0,0,0,0,0,3,0,0,3.0,9.0,1,2,0,0,6,0,153,11,20,106,22,0.14,0,0,0,2,1,0,100.0,28,27,14,28,27,14,False
graphhopper/graphhopper,781b1dbd3c4201d536ad507e0e2b72ff7ba190ed,"1.0-pre5, 1.0-pre6",core.src.test.java.com.graphhopper.util.DouglasPeuckerTest.java,5,4,1,0,0,0,0,0,0,0,0,2,0,0,3.0,9.0,1,0,0,0,5,0,84,5,9,36,19,0.23,41,41,41,1,1,0,100.0,43,43,43,2,2,2,False
graphhopper/graphhopper,781b1dbd3c4201d536ad507e0e2b72ff7ba190ed,"1.0-pre5, 1.0-pre6",core.src.test.java.com.graphhopper.storage.GraphHopperStorageTest.java,15,7,0,0,0,0,4,0,0,0,0,1,0,0,11.0,54.0,3,1,0,0,11,0,192,15,22,128,57,0.3,3,3,3,1,1,0,100.0,7,7,7,4,4,4,False
graphhopper/graphhopper,781b1dbd3c4201d536ad507e0e2b72ff7ba190ed,"1.0-pre5, 1.0-pre6",core.src.test.java.com.graphhopper.routing.ch.PrepareContractionHierarchiesTest.java,32,7,2,0,0,0,0,13,0,0,0,0,0,0,4.0,17.0,0,2,0,0,16,0,455,36,57,210,39,0.09,-4,-4,-4,1,1,0,100.0,33,33,33,37,37,37,False
graphhopper/graphhopper,781b1dbd3c4201d536ad507e0e2b72ff7ba190ed,"1.0-pre5, 1.0-pre6",core.src.test.java.com.graphhopper.routing.DijkstraBidirectionCHTest.java,11,4,1,0,0,0,0,0,0,0,0,3,0,0,3.0,9.0,1,2,0,0,6,0,153,11,20,106,22,0.14,4,4,4,1,1,0,100.0,8,8,8,4,4,4,False
graphhopper/graphhopper,6cc92dfb1ab36057354f16524160e84554d21f63,"1.0-pre6, 1.0-pre7",core.src.test.java.com.graphhopper.util.DouglasPeuckerTest.java,4,3,0,0,0,0,0,0,0,0,0,2,0,0,3.0,9.0,1,0,0,0,4,0,51,4,7,28,15,0.29,-41,-41,-41,1,1,0,100.0,2,2,2,43,43,43,False
graphhopper/graphhopper,0a967b3dd4f8a78d3cbe3bc0b64e820b950995d4,"1.0-pre9, 1.0-pre10",core.src.test.java.com.graphhopper.routing.util.DataFlagEncoderTest.java,12,7,0,1,0,0,1,0,0,0,0,5,0,0,9.0,37.0,6,0,0,0,12,0,223,13,18,99,54,0.24,-108,-108,-108,1,1,0,100.0,4,4,4,112,112,112,False
graphhopper/graphhopper,1e1469d86964a63b5bc9fe52904505767b1274d6,"1.0-pre10, 1.0-pre11",core.src.test.java.com.graphhopper.routing.ch.NodeBasedNodeContractorTest.java,28,4,1,0,0,0,0,0,0,0,0,0,0,0,1.0,9.0,1,8,0,0,14,0,363,28,42,170,18,0.05,-2,-2,-2,1,1,0,100.0,31,31,31,33,33,33,False
graphhopper/graphhopper,1e1469d86964a63b5bc9fe52904505767b1274d6,"1.0-pre10, 1.0-pre11",core.src.test.java.com.graphhopper.routing.ch.EdgeBasedWitnessPathSearcherTest.java,8,0,0,0,0,0,0,4,0,0,0,0,0,0,4.0,8.0,0,0,0,0,4,0,107,8,12,42,9,0.08,1,1,0,2,1,0,100.0,12,7,6,11,7,6,False
graphhopper/graphhopper,1e1469d86964a63b5bc9fe52904505767b1274d6,"1.0-pre10, 1.0-pre11",core.src.test.java.com.graphhopper.routing.ch.EdgeBasedNodeContractorTest.java,84,0,0,0,0,0,0,0,0,0,0,0,0,0,1.0,0.0,0,62,0,0,63,0,906,84,105,399,3,0.0,0,0,0,1,1,0,100.0,3,3,3,3,3,3,False
graphhopper/graphhopper,1e1469d86964a63b5bc9fe52904505767b1274d6,"1.0-pre10, 1.0-pre11",core.src.test.java.com.graphhopper.routing.ch.PrepareContractionHierarchiesTest.java,31,7,2,0,0,0,0,7,0,0,0,0,0,0,4.0,17.0,0,2,0,0,16,0,424,35,54,189,42,0.1,-41,3,-20,2,1,0,100.0,35,26,18,76,70,38,False
graphhopper/graphhopper,1e1469d86964a63b5bc9fe52904505767b1274d6,"1.0-pre10, 1.0-pre11",core.src.test.java.com.graphhopper.storage.index.LocationIndexTreeTest.java,20,11,3,0,0,0,0,0,0,0,0,0,0,0,6.0,16.0,3,0,0,0,14,0,389,22,36,180,56,0.14,3,3,3,1,1,0,100.0,5,5,5,2,2,2,False
graphhopper/graphhopper,e2141489dae0c37764a2346e8dfe43f1d36d9186,"1.0-pre12, 1.0-pre13",core.src.test.java.com.graphhopper.routing.DijkstraOneToManyTest.java,11,6,0,1,0,0,0,0,0,0,0,0,0,0,5.0,11.0,2,0,0,0,6,0,130,14,21,56,19,0.15,-35,-35,-35,1,1,0,100.0,45,45,45,80,80,80,False
graphhopper/graphhopper,e2141489dae0c37764a2346e8dfe43f1d36d9186,"1.0-pre12, 1.0-pre13",core.src.test.java.com.graphhopper.routing.DijkstraBidirectionCHTest.java,10,4,1,1,0,0,0,0,0,0,0,3,0,0,3.0,9.0,1,2,0,0,6,0,160,11,18,103,22,0.14,-3,0,-1,3,1,0,100.0,68,61,23,71,62,24,False
graphhopper/graphhopper,e2141489dae0c37764a2346e8dfe43f1d36d9186,"1.0-pre12, 1.0-pre13",core.src.test.java.com.graphhopper.routing.AStarBidirectionTest.java,2,0,0,0,0,0,0,0,0,0,0,0,0,0,0.0,0.0,0,1,0,0,1,0,35,3,3,9,4,0.11,-29,-29,-29,1,1,0,100.0,16,16,16,45,45,45,False
graphhopper/graphhopper,e2141489dae0c37764a2346e8dfe43f1d36d9186,"1.0-pre12, 1.0-pre13",core.src.test.java.com.graphhopper.storage.GraphHopperStorageTest.java,15,7,0,0,0,0,4,0,0,0,0,1,0,0,11.0,51.0,3,1,0,0,11,0,192,15,22,127,57,0.3,0,0,0,1,1,0,100.0,3,3,3,3,3,3,False
graphhopper/graphhopper,03dd6d4ec9320a9ec11677006777b5e3a63ae6b2,"1.0-pre13, 1.0-pre14",reader-osm.src.test.java.com.graphhopper.reader.osm.OSMReaderTest.java,33,20,1,0,0,0,0,0,0,0,0,2,0,0,2.0,2.0,13,2,0,1,28,0,707,46,78,390,232,0.33,-1,-1,-1,1,1,0,100.0,2,2,2,3,3,3,False
graphhopper/graphhopper,7acdcf934c362ec956e2d0bc1978d5dc1df17afa,"1.0-pre18, 1.0-pre19",core.src.test.java.com.graphhopper.storage.GraphEdgeIdFinderTest.java,3,2,0,0,0,0,0,0,0,0,0,2,0,0,2.0,4.0,1,0,0,0,2,0,39,3,5,17,8,0.21,1,1,1,1,1,0,100.0,27,27,27,26,26,26,False
graphhopper/graphhopper,7acdcf934c362ec956e2d0bc1978d5dc1df17afa,"1.0-pre18, 1.0-pre19",core.src.test.java.com.graphhopper.routing.weighting.FastestWeightingTest.java,8,1,0,0,0,0,0,0,0,0,0,0,0,0,4.0,8.0,2,0,0,0,7,0,71,8,8,53,14,0.2,43,43,43,1,1,0,100.0,45,45,45,2,2,2,False
graphhopper/graphhopper,7acdcf934c362ec956e2d0bc1978d5dc1df17afa,"1.0-pre18, 1.0-pre19",core.src.test.java.com.graphhopper.routing.querygraph.QueryGraphTest.java,30,12,1,0,0,0,0,19,0,0,0,2,0,0,16.0,64.0,10,0,0,0,19,0,508,30,46,312,153,0.3,0,0,0,2,1,0,100.0,8,7,4,8,7,4,False
graphhopper/graphhopper,76f768c68bf2cbd43e665480c23db2406adfdcdf,"1.0-pre20, 1.0-pre21",reader-osm.src.test.java.com.graphhopper.reader.osm.GraphHopperOSMTest.java,30,24,4,0,0,0,8,0,0,0,0,1,0,0,0.0,0.0,8,1,0,4,26,0,595,37,85,425,111,0.19,-61,1,-12,5,1,0,100.0,90,45,18,151,82,30,False
graphhopper/graphhopper,76f768c68bf2cbd43e665480c23db2406adfdcdf,"1.0-pre20, 1.0-pre21",core.src.test.java.com.graphhopper.routing.util.spatialrules.SpatialRuleLookupBuilderTest.java,6,2,1,0,0,0,5,0,0,0,0,0,0,0,,,0,0,0,0,6,0,110,12,31,55,16,0.15,76,64,38,2,2,0,53.01,121,76,60,45,33,22,False
graphhopper/graphhopper,76f768c68bf2cbd43e665480c23db2406adfdcdf,"1.0-pre20, 1.0-pre21",core.src.test.java.com.graphhopper.storage.GraphHopperStorageTest.java,16,8,0,0,0,0,3,0,0,0,0,1,0,0,12.0,64.0,4,1,0,1,12,0,222,16,22,148,63,0.28,41,41,41,1,1,0,100.0,42,42,42,1,1,1,False
graphhopper/graphhopper,76f768c68bf2cbd43e665480c23db2406adfdcdf,"1.0-pre20, 1.0-pre21",core.src.test.java.com.graphhopper.routing.PathTest.java,34,31,2,0,0,0,0,0,0,0,0,1,0,0,,,5,0,0,0,31,0,727,34,44,375,163,0.22,30,41,15,2,2,0,53.75,55,42,28,25,24,12,False
graphhopper/graphhopper,76f768c68bf2cbd43e665480c23db2406adfdcdf,"1.0-pre20, 1.0-pre21",core.src.test.java.com.graphhopper.routing.lm.LandmarkStorageTest.java,9,6,0,0,0,0,0,7,0,0,0,4,0,0,7.0,23.0,2,0,0,0,7,0,142,19,36,58,17,0.12,0,0,0,1,1,0,100.0,3,3,3,3,3,3,False
graphhopper/graphhopper,65bea04dfa3c764e3f611224d097aafd1a5ba28c,"1.0-pre21, 1.0-pre22",core.src.test.java.com.graphhopper.routing.lm.PrepareLandmarksTest.java,3,2,1,0,0,0,0,2,0,0,0,2,0,0,2.0,5.0,2,0,0,1,2,0,92,3,6,39,19,0.21,2,2,2,1,1,0,100.0,6,6,6,4,4,4,False
graphhopper/graphhopper,65bea04dfa3c764e3f611224d097aafd1a5ba28c,"1.0-pre21, 1.0-pre22",core.src.test.java.com.graphhopper.routing.lm.LandmarkStorageTest.java,9,6,0,0,0,0,0,7,0,0,0,4,0,0,7.0,23.0,2,0,0,0,7,0,142,19,36,58,17,0.12,0,0,0,1,1,0,100.0,11,11,11,11,11,11,False
graphhopper/graphhopper,a05de4b10f1135a980e0c23dad41dec0899ca9ae,"1.0-pre23, 1.0-pre24",core.src.test.java.com.graphhopper.routing.ch.CHPreparationHandlerTest.java,8,1,1,0,0,0,0,6,0,0,0,0,0,0,5.0,23.0,0,0,0,0,6,0,75,8,15,30,3,0.04,0,0,0,1,1,0,100.0,4,4,4,4,4,4,False
graphhopper/graphhopper,a05de4b10f1135a980e0c23dad41dec0899ca9ae,"1.0-pre23, 1.0-pre24",reader-osm.src.test.java.com.graphhopper.reader.osm.GraphHopperOSMTest.java,30,24,4,0,0,0,8,0,0,0,0,1,0,0,0.0,0.0,8,1,0,4,26,0,618,37,85,444,111,0.18,29,55,14,2,1,0,100.0,147,134,74,118,79,59,False
graphhopper/graphhopper,e656101c0208f9b45d8d65486fff97c8c8b28e38,"1.0-pre24, 1.0-pre25",reader-osm.src.test.java.com.graphhopper.reader.osm.GraphHopperOSMTest.java,30,25,5,0,0,0,8,0,0,0,0,1,0,0,0.0,0.0,8,1,0,4,26,0,622,37,86,468,112,0.18,21,47,10,2,1,0,100.0,77,64,38,56,39,28,False
graphhopper/graphhopper,e656101c0208f9b45d8d65486fff97c8c8b28e38,"1.0-pre24, 1.0-pre25",core.src.test.java.com.graphhopper.routing.lm.LMPreparationHandlerTest.java,3,2,0,0,0,0,0,0,0,0,0,0,0,0,3.0,6.0,0,0,0,0,3,0,22,3,3,12,4,0.18,1,2,0,2,1,0,100.0,23,22,12,22,20,11,False
graphhopper/graphhopper,e656101c0208f9b45d8d65486fff97c8c8b28e38,"1.0-pre24, 1.0-pre25",core.src.test.java.com.graphhopper.routing.weighting.BlockAreaWeightingTest.java,4,1,1,0,0,0,0,3,0,0,0,0,0,0,3.0,6.0,1,0,0,0,3,0,53,4,7,25,7,0.13,25,25,25,1,1,0,100.0,32,32,32,7,7,7,False
graphhopper/graphhopper,4c29eeeb5030c60d4c917f56c3f1e26d7203a332,"1.0-pre25, 1.0-pre26",core.src.test.java.com.graphhopper.routing.util.NameSimilarityEdgeFilterTest.java,13,9,0,0,0,0,0,0,0,0,0,0,0,0,8.0,48.0,3,0,0,0,9,0,169,19,34,46,55,0.33,68,68,68,1,1,0,100.0,71,71,71,3,3,3,False
graphhopper/graphhopper,74df25083498c778554b16db19b51764a4ba8927,"1.0-pre27, 1.0-pre28",core.src.test.java.com.graphhopper.storage.TurnCostStorageTest.java,5,2,2,0,0,0,0,0,0,0,0,0,0,0,3.0,39.0,2,0,0,0,3,0,90,5,10,42,15,0.17,30,40,6,5,3,0,50.0,121,73,24,91,37,18,False
graphhopper/graphhopper,74df25083498c778554b16db19b51764a4ba8927,"1.0-pre27, 1.0-pre28",core.src.test.java.com.graphhopper.routing.ch.EdgeBasedNodeContractorTest.java,84,0,0,0,0,0,0,0,0,0,0,0,0,0,1.0,0.0,0,62,0,0,63,0,904,84,105,405,3,0.0,0,0,0,3,2,0,71.43,7,5,2,7,5,2,False
graphhopper/graphhopper,74df25083498c778554b16db19b51764a4ba8927,"1.0-pre27, 1.0-pre28",core.src.test.java.com.graphhopper.routing.util.Car4WDFlagEncoderTest.java,2,1,0,0,0,0,0,0,0,0,0,0,0,0,0.0,0.0,1,0,0,0,1,0,79,2,6,10,20,0.25,1,1,1,1,1,0,100.0,1,1,1,0,0,0,False
graphhopper/graphhopper,198c8ede19599dbe9fe92b9b6755dee3d348a244,"1.0-pre29, 1.0-pre30",core.src.test.java.com.graphhopper.routing.util.NameSimilarityEdgeFilterTest.java,12,9,0,0,0,0,0,0,0,0,0,0,0,0,8.0,48.0,3,0,0,0,9,0,165,17,30,48,55,0.33,-6,1,-3,2,1,0,100.0,15,13,8,21,20,10,False
graphhopper/graphhopper,198c8ede19599dbe9fe92b9b6755dee3d348a244,"1.0-pre29, 1.0-pre30",core.src.test.java.com.graphhopper.routing.querygraph.QueryGraphTest.java,30,12,1,0,0,0,0,19,0,0,0,2,0,0,16.0,64.0,10,0,0,0,19,0,506,30,46,310,153,0.3,0,0,0,2,2,0,85.19,27,23,14,27,23,14,False
graphhopper/graphhopper,198c8ede19599dbe9fe92b9b6755dee3d348a244,"1.0-pre29, 1.0-pre30",core.src.test.java.com.graphhopper.reader.dem.HeightTileTest.java,6,0,0,0,0,0,0,0,0,0,0,0,0,0,3.0,39.0,3,0,0,0,3,0,97,6,9,24,36,0.37,26,26,26,1,1,0,100.0,49,49,49,23,23,23,False
graphhopper/graphhopper,b27ced4b5d65432829c4b9e0d4512c5c129b423e,"1.0-pre33, 1.0-pre33.2",core.src.test.java.com.graphhopper.routing.AlternativeRouteTest.java,6,3,0,1,0,0,0,0,0,0,0,0,0,0,3.0,14.0,0,0,0,0,3,0,93,7,10,50,14,0.15,4,4,4,1,1,0,100.0,5,5,5,1,1,1,False
graphhopper/graphhopper,7bee0e42ac6b13fe707699964120ed081c6f3ff7,"1.0-pre33.3, 1.0-pre33.4",reader-gtfs.src.test.java.com.graphhopper.reader.gtfs.TransfersTest.java,3,2,0,0,0,0,0,0,0,0,0,0,0,0,1.0,0.0,0,0,0,0,2,0,37,3,8,13,17,0.46,81,75,40,2,1,0,100.0,102,75,51,21,21,10,False
graphhopper/graphhopper,7bee0e42ac6b13fe707699964120ed081c6f3ff7,"1.0-pre33.3, 1.0-pre33.4",isochrone.src.test.java.com.graphhopper.isochrone.algorithm.ShortestPathTreeTest.java,6,3,0,0,0,0,0,0,0,0,0,0,0,0,3.0,5.0,0,0,0,0,3,0,45,6,7,11,2,0.04,44,25,6,8,1,0,100.0,134,32,17,90,41,11,False
graphhopper/graphhopper,89014277adb6ee520e24183024e661701a62a0ea,"1.0-pre33.4, 1.0-pre34",core.src.test.java.com.graphhopper.routing.lm.LMApproximatorTest.java,3,0,0,0,0,0,0,0,0,0,0,0,0,0,0.0,0.0,0,1,0,0,1,0,106,3,7,29,2,0.02,-1,0,0,2,1,0,100.0,5,3,2,6,3,3,False
graphhopper/graphhopper,89014277adb6ee520e24183024e661701a62a0ea,"1.0-pre33.4, 1.0-pre34",reader-osm.src.test.java.com.graphhopper.reader.osm.GraphHopperOSMTest.java,30,25,5,0,0,0,8,0,0,0,0,2,0,0,0.0,0.0,8,1,0,4,26,0,639,39,92,496,112,0.18,-3,-3,-3,1,1,0,100.0,12,12,12,15,15,15,False
graphhopper/graphhopper,89014277adb6ee520e24183024e661701a62a0ea,"1.0-pre33.4, 1.0-pre34",core.src.test.java.com.graphhopper.routing.util.AbstractFlagEncoderTest.java,1,0,0,0,0,0,0,0,0,0,0,0,0,0,1.0,0.0,1,0,0,0,1,0,19,1,1,2,12,0.63,-1,-1,-1,1,1,0,100.0,16,16,16,17,17,17,False
graphhopper/graphhopper,89014277adb6ee520e24183024e661701a62a0ea,"1.0-pre33.4, 1.0-pre34",isochrone.src.test.java.com.graphhopper.isochrone.algorithm.ShortestPathTreeTest.java,8,5,0,0,0,0,0,0,0,0,0,0,0,0,5.0,9.0,0,0,0,0,5,0,87,11,18,32,8,0.09,92,95,46,2,1,0,100.0,128,128,64,36,33,18,False
graphhopper/graphhopper,89014277adb6ee520e24183024e661701a62a0ea,"1.0-pre33.4, 1.0-pre34",core.src.test.java.com.graphhopper.routing.ProfileResolverTest.java,7,5,0,0,0,0,0,0,0,0,0,0,0,0,5.0,12.0,0,0,0,0,5,0,77,7,13,59,28,0.36,0,0,0,1,1,0,100.0,21,21,21,21,21,21,False
graphhopper/graphhopper,89014277adb6ee520e24183024e661701a62a0ea,"1.0-pre33.4, 1.0-pre34",core.src.test.java.com.graphhopper.routing.util.spatialrules.SpatialRuleLookupJTSTest.java,8,5,0,0,0,0,0,0,0,0,0,0,0,0,3.0,11.0,0,0,0,0,5,0,152,17,34,45,29,0.19,53,53,53,1,1,0,100.0,90,90,90,37,37,37,False
graphhopper/graphhopper,89014277adb6ee520e24183024e661701a62a0ea,"1.0-pre33.4, 1.0-pre34",core.src.test.java.com.graphhopper.routing.util.spatialrules.SpatialRuleLookupBuilderTest.java,5,2,0,0,0,0,4,0,0,0,0,0,0,0,,,0,0,0,0,5,0,93,8,20,53,16,0.17,-18,-18,-18,1,1,0,100.0,17,17,17,35,35,35,False
graphhopper/graphhopper,9cd273de3ca26549e77d9b89fa7b881f3bfb63a0,"1.0-pre34, 1.0-pre35",api.src.test.java.com.graphhopper.util.GHRequestTest.java,4,1,0,0,0,0,0,0,0,0,0,0,0,0,1.0,0.0,0,1,0,0,2,0,48,4,5,18,5,0.1,-12,-12,-12,1,1,0,100.0,18,18,18,30,30,30,False
graphhopper/graphhopper,dfdd92cf5e0d7f2c6c2289b98b646dfb6cfd36c1,"1.0-pre40, 1.0-pre41",core.src.test.java.com.graphhopper.routing.lm.PrepareLandmarksTest.java,3,2,1,0,0,0,0,2,0,0,0,2,0,0,2.0,5.0,2,0,0,1,2,0,91,3,6,41,19,0.21,0,0,0,2,2,0,75.0,8,6,4,8,6,4,False
graphhopper/graphhopper,dfdd92cf5e0d7f2c6c2289b98b646dfb6cfd36c1,"1.0-pre40, 1.0-pre41",reader-osm.src.test.java.com.graphhopper.reader.osm.GraphHopperOSMTest.java,30,25,5,0,0,0,8,0,0,0,0,2,0,0,0.0,0.0,8,1,0,4,26,0,639,39,92,506,112,0.18,0,0,0,5,1,0,100.0,80,44,16,80,44,16,False
graphhopper/graphhopper,dfdd92cf5e0d7f2c6c2289b98b646dfb6cfd36c1,"1.0-pre40, 1.0-pre41",core.src.test.java.com.graphhopper.routing.ch.PrepareContractionHierarchiesTest.java,31,7,2,0,0,0,0,7,0,0,0,0,0,0,4.0,17.0,0,2,0,0,16,0,423,35,54,196,42,0.1,0,0,0,1,1,0,100.0,34,34,34,34,34,34,False
graphhopper/graphhopper,dfdd92cf5e0d7f2c6c2289b98b646dfb6cfd36c1,"1.0-pre40, 1.0-pre41",core.src.test.java.com.graphhopper.routing.ch.EdgeBasedNodeContractorTest.java,84,0,0,0,0,0,0,0,0,0,0,0,0,0,1.0,0.0,0,62,0,0,63,0,904,84,105,405,3,0.0,0,0,0,2,2,0,70.0,10,7,5,10,7,5,False
graphhopper/graphhopper,dfdd92cf5e0d7f2c6c2289b98b646dfb6cfd36c1,"1.0-pre40, 1.0-pre41",core.src.test.java.com.graphhopper.routing.ch.CHPreparationHandlerTest.java,8,1,1,0,0,0,0,6,0,0,0,0,0,0,5.0,23.0,0,0,0,0,6,0,75,8,15,30,3,0.04,0,0,0,2,1,0,100.0,43,41,22,43,41,22,False
graphhopper/graphhopper,dfdd92cf5e0d7f2c6c2289b98b646dfb6cfd36c1,"1.0-pre40, 1.0-pre41",core.src.test.java.com.graphhopper.routing.RoutingAlgorithmTest.java,53,17,2,1,0,0,1,0,0,0,0,17,0,0,,,2,1,2,0,29,0,824,63,103,339,99,0.12,0,0,0,2,2,0,83.33,12,10,6,12,10,6,False
graphhopper/graphhopper,dfdd92cf5e0d7f2c6c2289b98b646dfb6cfd36c1,"1.0-pre40, 1.0-pre41",core.src.test.java.com.graphhopper.routing.DijkstraBidirectionCHTest.java,10,4,1,1,0,0,0,0,0,0,0,3,0,0,0.0,0.0,1,2,0,0,6,0,160,11,18,105,22,0.14,0,0,0,2,2,0,90.91,11,10,6,11,10,6,False
graphhopper/graphhopper,dfdd92cf5e0d7f2c6c2289b98b646dfb6cfd36c1,"1.0-pre40, 1.0-pre41",core.src.test.java.com.graphhopper.routing.AlternativeRouteEdgeCHTest.java,4,3,0,0,0,0,0,0,0,0,0,0,0,0,0.0,0.0,0,0,0,0,3,0,75,4,5,47,11,0.15,0,0,0,2,2,0,60.0,5,3,2,5,3,2,False
graphhopper/graphhopper,dfdd92cf5e0d7f2c6c2289b98b646dfb6cfd36c1,"1.0-pre40, 1.0-pre41",core.src.test.java.com.graphhopper.routing.AlternativeRouteCHTest.java,3,0,0,0,0,0,0,0,0,0,0,0,0,0,0.0,0.0,0,0,0,0,2,0,59,5,8,25,2,0.03,0,0,0,1,1,0,100.0,4,4,4,4,4,4,False
graphhopper/graphhopper,f6d3f373d2b1cb06c2508768a872e9addf5617ce,"1.0-pre41, 1.0-pre42",reader-osm.src.test.java.com.graphhopper.reader.osm.GraphHopperOSMTest.java,32,27,5,0,0,0,10,0,0,0,0,2,0,0,0.0,0.0,9,1,0,4,28,0,699,41,96,542,120,0.17,89,89,30,3,2,0,89.9,94,89,31,5,4,2,False
graphhopper/graphhopper,f6d3f373d2b1cb06c2508768a872e9addf5617ce,"1.0-pre41, 1.0-pre42",core.src.test.java.com.graphhopper.util.PathSimplificationTest.java,4,3,0,0,0,0,0,2,0,0,0,0,0,0,,,0,0,0,0,3,0,210,4,8,44,11,0.05,-1,0,0,2,2,1,96.3,13,13,6,14,13,7,False
graphhopper/graphhopper,f6d3f373d2b1cb06c2508768a872e9addf5617ce,"1.0-pre41, 1.0-pre42",client-hc.src.test.java.com.graphhopper.api.GraphHopperWebTest.java,3,1,0,0,0,0,1,0,0,0,0,1,0,0,1.0,0.0,0,0,0,0,3,0,25,3,4,18,4,0.16,-2,-2,-2,1,1,0,100.0,4,4,4,6,6,6,False
graphhopper/graphhopper,f6d3f373d2b1cb06c2508768a872e9addf5617ce,"1.0-pre41, 1.0-pre42",core.src.test.java.com.graphhopper.routing.querygraph.QueryGraphTest.java,30,12,1,0,0,0,0,19,0,0,0,2,0,0,16.0,64.0,10,0,0,0,19,0,506,30,46,309,153,0.3,0,0,0,3,2,0,62.5,8,3,3,8,3,3,False
graphhopper/graphhopper,02ceb5361a721989f575c2f9fb9be3988b960c55,"1.0-pre42, 1.0-pre43",core.src.test.java.com.graphhopper.routing.subnetwork.TarjansSCCAlgorithmTest.java,3,3,0,0,0,0,0,0,0,0,0,0,0,0,0.0,3.0,0,0,0,0,3,0,77,3,3,25,12,0.16,322,161,161,2,1,0,100.0,322,161,161,0,0,0,False
graphhopper/graphhopper,02ceb5361a721989f575c2f9fb9be3988b960c55,"1.0-pre42, 1.0-pre43",core.src.test.java.com.graphhopper.routing.subnetwork.PrepareRoutingSubnetworksTest.java,10,5,1,0,0,0,0,0,0,0,0,0,0,0,5.0,16.0,1,0,0,0,6,0,161,10,20,84,23,0.14,-117,-117,-117,1,1,0,100.0,61,61,61,178,178,178,False
graphhopper/graphhopper,085b091be00f3b7f24c92803d9b98419f2a924b9,"2.0-pre1, 2.0-pre2",core.src.test.java.com.graphhopper.routing.ch.EdgeBasedNodeContractorTest.java,84,0,0,0,0,0,0,0,0,0,0,0,0,0,1.0,0.0,0,62,0,0,63,0,902,84,105,408,3,0.0,-7,-7,-7,1,1,0,100.0,8,8,8,15,15,15,False
graphhopper/graphhopper,085b091be00f3b7f24c92803d9b98419f2a924b9,"2.0-pre1, 2.0-pre2",core.src.test.java.com.graphhopper.routing.ch.NodeBasedNodeContractorTest.java,23,2,1,0,0,0,0,0,0,0,0,0,0,0,1.0,9.0,0,8,0,0,10,0,277,23,36,126,9,0.03,-68,0,-34,2,1,0,100.0,5,5,2,73,68,36,False
graphhopper/graphhopper,3546c2ef8bcd74c128f6598a2b2c775e2f5c8d65,"2.0-pre2, 2.0-pre3",core.src.test.java.com.graphhopper.routing.ch.NodeBasedWitnessPathSearcherTest.java,5,1,0,0,0,0,0,0,0,0,0,0,0,0,3.0,14.0,1,0,0,0,3,0,65,5,6,43,6,0.09,4,4,4,1,1,0,100.0,28,28,28,24,24,24,False
graphhopper/graphhopper,3546c2ef8bcd74c128f6598a2b2c775e2f5c8d65,"2.0-pre2, 2.0-pre3",core.src.test.java.com.graphhopper.routing.ch.NodeBasedNodeContractorTest.java,23,2,3,0,0,0,0,0,0,0,0,0,0,0,,,0,8,0,0,10,0,274,23,40,121,9,0.03,-1,-1,-1,1,1,0,100.0,68,68,68,69,69,69,False
graphhopper/graphhopper,3546c2ef8bcd74c128f6598a2b2c775e2f5c8d65,"2.0-pre2, 2.0-pre3",core.src.test.java.com.graphhopper.routing.ch.EdgeBasedWitnessPathSearcherTest.java,8,0,0,0,0,0,0,4,0,0,0,0,0,0,4.0,8.0,0,0,0,0,4,0,106,8,12,46,9,0.08,2,2,2,1,1,0,100.0,24,24,24,22,22,22,False
graphhopper/graphhopper,3546c2ef8bcd74c128f6598a2b2c775e2f5c8d65,"2.0-pre2, 2.0-pre3",core.src.test.java.com.graphhopper.routing.ch.EdgeBasedNodeContractorTest.java,84,0,0,0,0,0,0,0,0,0,0,0,0,0,,,0,61,0,0,62,0,917,84,107,418,4,0.0,24,24,24,1,1,0,100.0,166,166,166,142,142,142,False
graphhopper/graphhopper,3546c2ef8bcd74c128f6598a2b2c775e2f5c8d65,"2.0-pre2, 2.0-pre3",core.src.test.java.com.graphhopper.routing.ch.PrepareContractionHierarchiesTest.java,32,7,1,0,0,0,0,12,0,0,0,0,0,0,1.0,9.0,1,2,0,0,16,0,439,38,63,198,42,0.1,-12,-12,-12,1,1,0,100.0,25,25,25,37,37,37,False
graphhopper/graphhopper,9ba4f2d1df0c115299b031020f5069bb4e5ac034,"3.0-pre1, 3.0-pre2",reader-osm.src.test.java.com.graphhopper.reader.osm.GraphHopperOSMTest.java,33,27,5,0,0,0,10,0,0,0,0,4,0,0,0.0,0.0,9,1,0,4,28,0,700,42,96,575,117,0.17,-9,0,-4,2,1,0,100.0,58,31,29,67,40,34,False
graphhopper/graphhopper,af3307d90c2dfa7773d2697587dde16bbc5e3f80,"3.0-pre3, 3.0-pre4",core.src.test.java.com.graphhopper.routing.subnetwork.PrepareRoutingSubnetworksTest.java,10,5,0,0,0,0,0,0,0,0,0,0,0,0,5.0,20.0,3,0,0,0,5,0,160,10,23,107,24,0.15,-10,2,-3,3,2,1,96.39,175,153,58,185,164,62,False
graphhopper/graphhopper,af3307d90c2dfa7773d2697587dde16bbc5e3f80,"3.0-pre3, 3.0-pre4",core.src.test.java.com.graphhopper.routing.subnetwork.EdgeBasedTarjanSCCTest.java,13,9,3,0,0,0,0,0,0,0,0,0,0,0,,,1,0,0,0,9,0,197,13,19,171,67,0.34,22,25,4,6,2,0,75.0,101,44,17,79,32,13,False
graphhopper/graphhopper,af3307d90c2dfa7773d2697587dde16bbc5e3f80,"3.0-pre3, 3.0-pre4",core.src.test.java.com.graphhopper.util.DepthFirstSearchTest.java,3,2,0,0,0,0,0,0,0,0,0,2,0,0,0.0,2.0,0,0,0,0,2,0,65,7,14,34,8,0.12,-1,-1,-1,1,1,0,100.0,11,11,11,12,12,12,False
graphhopper/graphhopper,af3307d90c2dfa7773d2697587dde16bbc5e3f80,"3.0-pre3, 3.0-pre4",core.src.test.java.com.graphhopper.routing.util.WheelchairFlagEncoderTest.java,13,10,0,0,0,0,0,0,0,0,0,0,0,0,7.0,75.0,6,0,0,0,12,0,381,13,15,96,120,0.31,0,0,0,1,1,0,100.0,9,9,9,9,9,9,False
graphhopper/graphhopper,af3307d90c2dfa7773d2697587dde16bbc5e3f80,"3.0-pre3, 3.0-pre4",core.src.test.java.com.graphhopper.routing.util.FootFlagEncoderTest.java,15,11,0,0,0,0,0,0,0,0,0,0,0,0,7.0,65.0,7,0,0,0,15,0,313,15,18,102,86,0.27,0,0,0,1,1,0,100.0,14,14,14,14,14,14,False
graphhopper/graphhopper,af3307d90c2dfa7773d2697587dde16bbc5e3f80,"3.0-pre3, 3.0-pre4",core.src.test.java.com.graphhopper.routing.lm.LMApproximatorTest.java,2,0,0,0,0,0,0,0,0,0,0,0,0,0,0.0,0.0,0,0,0,0,0,0,103,2,5,30,2,0.02,-10,-10,-10,1,1,0,100.0,9,9,9,19,19,19,False
graphhopper/graphhopper,af3307d90c2dfa7773d2697587dde16bbc5e3f80,"3.0-pre3, 3.0-pre4",core.src.test.java.com.graphhopper.routing.ch.PrepareContractionHierarchiesTest.java,29,5,3,0,0,0,0,12,0,0,0,0,0,0,1.0,9.0,1,2,0,0,14,0,364,29,47,194,38,0.1,0,0,0,1,1,0,100.0,14,14,14,14,14,14,False
graphhopper/graphhopper,af3307d90c2dfa7773d2697587dde16bbc5e3f80,"3.0-pre3, 3.0-pre4",core.src.test.java.com.graphhopper.routing.DirectionResolverTest.java,24,0,0,0,0,0,0,0,0,0,0,0,0,0,0.0,0.0,0,17,0,0,17,0,240,24,31,106,1,0.0,1,1,1,1,1,0,100.0,7,7,7,6,6,6,False
graphhopper/graphhopper,af3307d90c2dfa7773d2697587dde16bbc5e3f80,"3.0-pre3, 3.0-pre4",core.src.test.java.com.graphhopper.routing.util.EncodingManagerTest.java,11,6,2,0,0,0,2,0,0,0,0,1,0,0,9.0,49.0,4,0,0,0,11,0,191,19,38,75,40,0.21,1,1,1,1,1,0,100.0,8,8,8,7,7,7,False
graphhopper/graphhopper,af3307d90c2dfa7773d2697587dde16bbc5e3f80,"3.0-pre3, 3.0-pre4",core.src.test.java.com.graphhopper.routing.DijkstraBidirectionCHTest.java,9,3,1,1,0,0,0,0,0,0,0,3,0,0,0.0,3.0,1,2,0,0,5,0,120,10,16,83,19,0.16,-2,-2,-2,1,1,0,100.0,7,7,7,9,9,9,False
graphhopper/graphhopper,af3307d90c2dfa7773d2697587dde16bbc5e3f80,"3.0-pre3, 3.0-pre4",core.src.test.java.com.graphhopper.storage.index.LocationIndexTreeTest.java,24,10,4,0,0,0,0,0,0,0,0,0,0,0,,,2,1,0,0,16,0,394,26,40,199,48,0.12,-1,0,0,2,1,0,100.0,17,14,8,18,15,9,False
graphhopper/graphhopper,af3307d90c2dfa7773d2697587dde16bbc5e3f80,"3.0-pre3, 3.0-pre4",core.src.test.java.com.graphhopper.routing.subnetwork.TarjanSCCTest.java,6,3,0,0,0,0,0,0,0,0,0,0,0,0,3.0,26.0,1,0,0,0,3,0,128,6,8,51,27,0.21,-7,0,-2,3,1,0,100.0,15,8,5,22,12,7,False
graphhopper/graphhopper,8aaafa8a43e719dc9b3bc9c9200655667098aec1,"3.0-pre4, 3.0-pre5",core.src.test.java.com.graphhopper.routing.weighting.custom.CustomModelParserTest.java,11,2,0,0,0,0,0,0,0,0,0,0,0,0,2.0,15.0,2,0,2,0,7,0,136,11,13,96,30,0.22,35,35,35,1,1,0,100.0,46,46,46,11,11,11,False
graphhopper/graphhopper,8aaafa8a43e719dc9b3bc9c9200655667098aec1,"3.0-pre4, 3.0-pre5",core.src.test.java.com.graphhopper.GraphHopperTest.java,73,31,4,0,0,0,0,0,0,0,0,17,0,0,53.0,383.0,17,9,2,0,61,0,1295,76,101,1108,413,0.32,45,26,15,3,3,0,52.63,51,28,17,6,4,2,False
graphhopper/graphhopper,8aaafa8a43e719dc9b3bc9c9200655667098aec1,"3.0-pre4, 3.0-pre5",core.src.test.java.com.graphhopper.routing.lm.LandmarkStorageTest.java,11,7,0,0,0,0,0,8,0,0,0,5,0,0,8.0,29.0,2,0,0,0,8,0,163,18,33,90,21,0.13,43,43,43,1,1,0,100.0,60,60,60,17,17,17,False
graphhopper/graphhopper,6285f81c9678c074336d0e5ca16687f46ffbee23,"4.0-pre1, 4.0-pre2",core.src.test.java.com.graphhopper.routing.util.EncodingManagerTest.java,11,6,2,0,0,0,2,0,0,0,0,1,0,0,9.0,49.0,4,0,0,0,11,0,188,18,36,75,40,0.21,-5,0,-2,2,2,0,69.23,4,2,2,9,7,4,False
graphhopper/graphhopper,6285f81c9678c074336d0e5ca16687f46ffbee23,"4.0-pre1, 4.0-pre2",core.src.test.java.com.graphhopper.GraphHopperTest.java,73,32,4,0,0,0,0,0,0,0,0,17,0,0,54.0,390.0,20,9,2,0,62,0,1295,76,101,1104,413,0.32,-1,0,0,3,1,0,100.0,36,16,12,37,17,12,False
graphhopper/graphhopper,6285f81c9678c074336d0e5ca16687f46ffbee23,"4.0-pre1, 4.0-pre2",core.src.test.java.com.graphhopper.routing.subnetwork.EdgeBasedTarjanSCCTest.java,14,10,3,0,0,0,0,0,0,0,0,0,0,0,,,2,0,0,0,10,0,217,14,20,181,73,0.34,33,33,33,1,1,0,100.0,34,34,34,1,1,1,False
graphhopper/graphhopper,5c06103bc65f315a59e2904e3429cb6af99fb5eb,"5.0-pre1, 5.0-pre2",core.src.test.java.com.graphhopper.routing.util.FerrySpeedCalculatorTest.java,2,0,0,0,0,0,0,0,0,0,0,0,0,0,0.0,0.0,0,0,1,0,0,0,30,2,3,5,1,0.03,70,70,35,2,1,0,100.0,82,70,41,12,12,6,False
graphhopper/graphhopper,5c06103bc65f315a59e2904e3429cb6af99fb5eb,"5.0-pre1, 5.0-pre2",core.src.test.java.com.graphhopper.reader.osm.OSMReaderUtilityTest.java,3,1,0,0,0,0,0,0,0,0,0,0,0,0,1.0,0.0,0,0,0,0,2,0,28,3,3,6,17,0.61,-11,-11,-11,1,1,0,100.0,8,8,8,19,19,19,False
graphhopper/graphhopper,5c06103bc65f315a59e2904e3429cb6af99fb5eb,"5.0-pre1, 5.0-pre2",core.src.test.java.com.graphhopper.GraphHopperTest.java,77,33,5,0,0,0,0,0,0,0,0,17,0,0,55.0,417.0,23,10,2,0,64,0,1400,80,108,1163,439,0.31,0,0,0,2,1,0,100.0,5,3,2,5,3,2,False
graphhopper/graphhopper,0930c1647c1a47a610b1933c3134c9452c32f787,"7.0-pre1, 7.0-pre2",core.src.test.java.com.graphhopper.GraphHopperTest.java,83,36,5,0,0,0,0,0,0,0,0,20,0,0,58.0,451.0,26,10,3,0,67,0,1513,87,119,1267,466,0.31,0,4,0,7,1,0,100.0,154,27,22,154,27,22,False
graphhopper/graphhopper,0930c1647c1a47a610b1933c3134c9452c32f787,"7.0-pre1, 7.0-pre2",core.src.test.java.com.graphhopper.reader.osm.OSMReaderTest.java,36,25,4,0,0,0,2,0,0,0,0,2,0,0,2.0,10.0,11,3,0,3,31,0,650,39,57,397,233,0.36,-20,1,-2,8,1,0,100.0,7,2,1,27,23,3,False
