App,SHA,Tag,TestFilePath,NumberOfMethods,Assertion Roulette,Conditional Test Logic,Constructor Initialization,Default Test,EmptyTest,Exception Catching Throwing,General Fixture,Mystery Guest,Print Statement,Redundant Assertion,Sensitive Equality,Verbose Test,Sleepy Test,Eager Test,Lazy Test,Duplicate Assert,Unknown Test,IgnoredTest,Resource Optimism,Magic Number Test,Dependent Test,LOC,NOM,WMC,RFC,NAs,AsD,codeChurnTotal,codeChurnMax,codeChurnAvg,commits,Contributors,minorContributors,contributorsExperience,addLinesCount,addLinesMax,addLinesAvg,removedLinesCount,removedLinesMax,removedLinesAvg,isPushDownMethod
FINRAOS/herd,eba45d2c719f8d65bb8f66b8234ee10d308ac338,"v0.1.0, v0.20.0",herd-code.herd-rest.src.test.java.org.finra.herd.rest.DateTimeEditorTest.java,1,1,0,0,0,0,0,0,0,0,0,0,0,0,1.0,0.0,1,0,0,0,1,0,15,1,2,8,4,0.27,52,49,17,3,2,0,74.24,59,49,20,7,5,2,False
FINRAOS/herd,eba45d2c719f8d65bb8f66b8234ee10d308ac338,"v0.1.0, v0.20.0",herd-code.herd-service.src.test.java.org.finra.herd.service.helper.StoragePolicyProcessorJmsMessageListenerTest.java,2,1,1,0,0,0,2,0,0,0,0,0,0,0,0.0,2.0,0,1,0,0,2,0,46,2,6,30,5,0.11,156,188,78,2,1,0,100.0,257,188,128,101,101,50,False
FINRAOS/herd,eba45d2c719f8d65bb8f66b8234ee10d308ac338,"v0.1.0, v0.20.0",herd-code.herd-service.src.test.java.org.finra.herd.service.helper.HerdJmsMessageListenerTest.java,5,0,0,0,0,0,5,0,0,0,0,0,0,0,0.0,5.0,0,5,0,0,5,0,51,5,13,35,0,0.0,-1,0,0,2,1,0,100.0,29,21,14,30,21,15,False
FINRAOS/herd,eba45d2c719f8d65bb8f66b8234ee10d308ac338,"v0.1.0, v0.20.0",herd-code.herd-service.src.test.java.org.finra.herd.service.StoragePolicyServiceTest.java,36,26,0,0,0,0,20,0,0,0,0,0,0,0,,,4,0,0,0,36,0,627,36,98,302,78,0.12,1424,736,712,2,1,0,100.0,1515,779,758,91,91,46,False
FINRAOS/herd,eba45d2c719f8d65bb8f66b8234ee10d308ac338,"v0.1.0, v0.20.0",herd-code.herd-service.src.test.java.org.finra.herd.service.StoragePolicyProcessorServiceTest.java,2,2,1,0,0,0,2,0,0,0,0,0,0,0,,,0,0,0,0,2,0,53,2,9,32,6,0.11,158,165,79,2,1,0,100.0,255,165,128,97,97,48,False
FINRAOS/herd,eba45d2c719f8d65bb8f66b8234ee10d308ac338,"v0.1.0, v0.20.0",herd-code.herd-service.src.test.java.org.finra.herd.service.StoragePolicyProcessorHelperServiceTest.java,32,30,3,0,0,0,28,0,0,0,0,0,0,0,,,2,1,0,0,32,0,544,32,120,339,47,0.09,1389,1285,694,2,1,0,100.0,1640,1285,820,251,251,126,False
FINRAOS/herd,eba45d2c719f8d65bb8f66b8234ee10d308ac338,"v0.1.0, v0.20.0",herd-code.herd-dao.src.test.java.org.finra.herd.dao.helper.HerdStringHelperTest.java,16,2,0,0,0,0,5,0,0,0,0,0,0,0,0.0,15.0,0,0,0,0,16,0,162,16,28,70,17,0.1,62,62,31,2,1,0,100.0,81,63,40,19,18,10,False
FINRAOS/herd,eba45d2c719f8d65bb8f66b8234ee10d308ac338,"v0.1.0, v0.20.0",herd-code.herd-dao.src.test.java.org.finra.herd.dao.BusinessObjectDataNotificationRegistrationDaoTest.java,7,6,1,0,0,0,0,0,0,0,0,0,0,0,,,0,0,0,0,7,0,92,7,15,55,40,0.43,295,238,148,2,1,0,100.0,332,238,166,37,37,18,False
FINRAOS/herd,eba45d2c719f8d65bb8f66b8234ee10d308ac338,"v0.1.0, v0.20.0",herd-code.herd-service.src.test.java.org.finra.herd.service.BusinessObjectDataStorageFileServiceTest.java,39,22,0,0,0,0,27,0,0,0,0,0,0,0,,,0,10,0,0,33,0,499,39,123,320,35,0.07,468,476,234,2,1,0,100.0,562,531,281,94,55,47,False
FINRAOS/herd,eba45d2c719f8d65bb8f66b8234ee10d308ac338,"v0.1.0, v0.20.0",herd-code.herd-service.src.test.java.org.finra.herd.service.BusinessObjectDataNotificationRegistrationServiceTest.java,47,20,4,0,0,0,14,0,0,0,0,0,0,0,,,1,0,0,0,47,0,588,47,134,380,88,0.15,1540,1379,770,2,1,0,100.0,2062,1379,1031,522,522,261,False
FINRAOS/herd,eba45d2c719f8d65bb8f66b8234ee10d308ac338,"v0.1.0, v0.20.0",herd-code.herd-rest.src.test.java.org.finra.herd.rest.BusinessObjectDataNotificationRegistrationRestControllerTest.java,8,1,1,0,0,0,0,0,0,0,0,0,0,0,0.0,2.0,0,0,0,0,7,0,63,8,18,48,9,0.14,215,153,108,2,1,0,100.0,269,153,134,54,54,27,False
FINRAOS/herd,eba45d2c719f8d65bb8f66b8234ee10d308ac338,"v0.1.0, v0.20.0",herd-code.herd-rest.src.test.java.org.finra.herd.rest.BusinessObjectDataAttributeRestControllerTest.java,9,4,5,0,0,0,2,0,0,0,0,0,0,0,4.0,24.0,0,5,0,0,9,0,160,9,27,69,6,0.04,-386,-5,-193,2,1,0,100.0,68,55,34,454,394,227,False
FINRAOS/herd,eba45d2c719f8d65bb8f66b8234ee10d308ac338,"v0.1.0, v0.20.0",herd-code.herd-tools.herd-tools-common.src.test.java.org.finra.herd.tools.common.databridge.DataBridgeControllerTest.java,6,0,0,0,0,0,0,0,0,0,0,0,0,0,0.0,4.0,0,1,1,0,5,0,65,6,16,14,5,0.08,55,45,28,2,1,0,100.0,67,46,34,12,11,6,False
FINRAOS/herd,eba45d2c719f8d65bb8f66b8234ee10d308ac338,"v0.1.0, v0.20.0",herd-code.herd-tools.herd-downloader.src.test.java.org.finra.herd.tools.downloader.DownloaderWebClientTest.java,11,6,0,0,0,0,9,0,0,0,0,0,0,0,0.0,8.0,0,2,0,0,10,0,235,16,51,180,17,0.07,408,223,204,2,1,0,100.0,426,241,213,18,18,9,False
FINRAOS/herd,eba45d2c719f8d65bb8f66b8234ee10d308ac338,"v0.1.0, v0.20.0",herd-code.herd-service.src.test.java.org.finra.herd.service.helper.Hive13DdlGeneratorTest.java,14,4,2,0,0,0,3,0,0,0,0,0,0,0,3.0,16.0,1,0,0,0,12,0,158,14,30,87,18,0.11,68,72,34,2,1,0,100.0,115,85,58,47,34,24,False
FINRAOS/herd,eba45d2c719f8d65bb8f66b8234ee10d308ac338,"v0.1.0, v0.20.0",herd-code.herd-service.src.test.java.org.finra.herd.service.helper.BusinessObjectDataInvalidateUnregisteredHelperTest.java,23,0,1,0,0,0,21,0,0,0,0,0,0,0,0.0,21.0,0,0,0,0,21,0,533,23,86,251,93,0.17,-180,1,-90,2,1,0,100.0,214,178,107,394,359,197,False
FINRAOS/herd,eba45d2c719f8d65bb8f66b8234ee10d308ac338,"v0.1.0, v0.20.0",herd-code.herd-service.src.test.java.org.finra.herd.service.activiti.task.ExecuteJdbcTest.java,6,0,0,0,0,0,4,0,0,0,0,0,0,0,0.0,0.0,0,3,0,0,4,0,101,6,18,59,2,0.02,64,77,32,2,1,0,100.0,149,90,74,85,72,42,False
FINRAOS/herd,eba45d2c719f8d65bb8f66b8234ee10d308ac338,"v0.1.0, v0.20.0",herd-code.herd-service.src.test.java.org.finra.herd.service.EmrClusterDefinitionServiceTest.java,46,21,4,0,0,0,40,0,0,0,0,0,0,0,,,0,13,0,0,40,0,663,46,155,355,56,0.08,111,111,56,2,1,0,100.0,332,310,166,221,199,110,False
FINRAOS/herd,eba45d2c719f8d65bb8f66b8234ee10d308ac338,"v0.1.0, v0.20.0",herd-code.herd-service.src.test.java.org.finra.herd.service.BusinessObjectFormatServiceTest.java,112,44,13,0,0,0,41,0,0,0,0,0,0,0,,,9,49,0,0,111,0,1616,116,264,1152,123,0.08,3546,2874,1773,2,1,0,100.0,3798,3126,1899,252,252,126,False
FINRAOS/herd,eba45d2c719f8d65bb8f66b8234ee10d308ac338,"v0.1.0, v0.20.0",herd-code.herd-rest.src.test.java.org.finra.herd.rest.EmrClusterDefinitionRestControllerTest.java,39,19,4,0,0,0,33,0,0,0,0,0,0,0,4.0,55.0,0,13,0,0,33,0,604,39,134,307,52,0.09,-19,0,-10,2,1,0,100.0,216,194,108,235,213,118,False
FINRAOS/herd,eba45d2c719f8d65bb8f66b8234ee10d308ac338,"v0.1.0, v0.20.0",herd-code.herd-dao.src.test.java.org.finra.herd.dao.S3DaoTest.java,95,41,10,0,0,0,62,0,7,0,0,2,0,0,,,0,3,0,10,93,0,1877,119,375,1226,187,0.1,2124,2117,1062,2,1,0,100.0,2239,2212,1120,115,95,58,False
FINRAOS/herd,eba45d2c719f8d65bb8f66b8234ee10d308ac338,"v0.1.0, v0.20.0",herd-code.herd-service.src.test.java.org.finra.herd.service.helper.BusinessObjectDataHelperTest.java,8,4,2,0,0,0,1,0,0,0,0,0,0,0,3.0,4.0,0,0,0,0,5,0,91,8,17,45,11,0.12,53,52,26,2,1,0,100.0,112,105,56,59,53,30,False
FINRAOS/herd,eba45d2c719f8d65bb8f66b8234ee10d308ac338,"v0.1.0, v0.20.0",herd-code.herd-service.src.test.java.org.finra.herd.service.SqsNotificationEventServiceTest.java,13,3,0,0,0,0,13,0,0,0,0,0,0,0,,,0,7,0,0,13,0,125,13,43,104,7,0.06,105,105,52,2,1,0,100.0,145,122,72,40,23,20,False
FINRAOS/herd,eba45d2c719f8d65bb8f66b8234ee10d308ac338,"v0.1.0, v0.20.0",herd-code.herd-service.src.test.java.org.finra.herd.service.JmsPublishingServiceTest.java,3,3,0,0,0,0,2,0,0,0,0,0,0,0,,,0,0,0,0,3,0,34,3,8,20,9,0.26,26,26,13,2,1,0,100.0,36,32,18,10,6,5,False
FINRAOS/herd,eba45d2c719f8d65bb8f66b8234ee10d308ac338,"v0.1.0, v0.20.0",herd-code.herd-service.src.test.java.org.finra.herd.service.EmrServiceTest.java,74,29,3,0,0,0,65,0,0,0,0,0,0,0,,,3,0,0,0,65,0,1423,74,214,1071,259,0.18,118,118,59,2,1,0,100.0,405,365,202,287,247,144,False
FINRAOS/herd,eba45d2c719f8d65bb8f66b8234ee10d308ac338,"v0.1.0, v0.20.0",herd-code.herd-rest.src.test.java.org.finra.herd.rest.EmrRestControllerTest.java,10,3,0,0,0,0,7,0,0,0,0,0,0,0,1.0,8.0,0,0,0,0,7,0,179,10,34,74,8,0.04,52,52,26,2,1,0,100.0,94,76,47,42,24,21,False
FINRAOS/herd,eba45d2c719f8d65bb8f66b8234ee10d308ac338,"v0.1.0, v0.20.0",herd-code.herd-dao.src.test.java.org.finra.herd.dao.ReloadablePropertySourceTest.java,18,0,0,0,0,0,5,5,0,0,0,0,0,0,0.0,0.0,0,5,2,0,5,0,192,23,70,63,1,0.01,40,40,20,2,1,0,100.0,46,45,23,6,5,3,False
FINRAOS/herd,eba45d2c719f8d65bb8f66b8234ee10d308ac338,"v0.1.0, v0.20.0",herd-code.herd-dao.src.test.java.org.finra.herd.dao.OozieDaoTest.java,7,2,2,0,0,0,7,0,0,0,0,0,0,0,,,0,0,0,0,7,0,115,7,25,36,17,0.15,7,7,4,2,1,0,100.0,79,70,40,72,63,36,False
FINRAOS/herd,eba45d2c719f8d65bb8f66b8234ee10d308ac338,"v0.1.0, v0.20.0",herd-code.herd-core.src.test.java.org.finra.herd.core.helper.ConfigurationHelperTest.java,13,2,0,0,0,0,6,0,0,0,0,0,0,0,0.0,13.0,3,0,0,0,13,0,112,13,26,57,17,0.15,50,49,25,2,1,0,100.0,88,72,44,38,23,19,False
