App,SHA,Tag,TestFilePath,isReplaceVariableWithAttribute,prediction
sonatype/nexus-public,0516fd788c5e39471f1a80d77e5130587a044b4c,"release-2.14.21-02, release-2.15.0-04",plugins.restlet1x.nexus-restlet-bridge.src.test.java.org.sonatype.plexus.rest.xstream.json.JsonOrgHierarchicalStreamWriterTest.java,False,True
sonatype/nexus-public,0516fd788c5e39471f1a80d77e5130587a044b4c,"release-2.14.21-02, release-2.15.0-04",plugins.restlet1x.nexus-restlet-bridge.src.test.java.org.sonatype.plexus.rest.xstream.json.JsonOrgHierarchicalStreamReaderTest.java,False,False
sonatype/nexus-public,8f9561b23afc6d29b1ae8004ab5a77edbd7dbebb,"release-3.4.0-02, release-3.5.0-02",components.nexus-core.src.test.java.org.sonatype.nexus.internal.system.FileDescriptorServiceImplTest.java,False,False
sonatype/nexus-public,8f9561b23afc6d29b1ae8004ab5a77edbd7dbebb,"release-3.4.0-02, release-3.5.0-02",components.nexus-pax-logging.src.test.java.org.sonatype.nexus.pax.logging.NexusLogFilterTest.java,False,True
sonatype/nexus-public,318b84d09149972cda42419fa9a1571b0334eee9,"release-3.7.0-04, release-3.7.1-02",components.nexus-repository.src.test.java.org.sonatype.nexus.repository.browse.internal.RebuildBrowseNodesManagerTest.java,False,False
sonatype/nexus-public,48e84756f098fa1483d38076c32f640a5691c8f2,"release-3.17.0-01, release-3.18.0-01",plugins.nexus-repository-npm.src.test.java.org.sonatype.nexus.repository.npm.internal.NpmBrowseNodeGeneratorTest.java,False,True
sonatype/nexus-public,48e84756f098fa1483d38076c32f640a5691c8f2,"release-3.17.0-01, release-3.18.0-01",plugins.nexus-repository-maven.src.test.java.org.sonatype.nexus.repository.maven.internal.Maven2BrowseNodeGeneratorTest.java,False,True
sonatype/nexus-public,48e84756f098fa1483d38076c32f640a5691c8f2,"release-3.17.0-01, release-3.18.0-01",plugins.nexus-repository-apt.src.test.java.org.sonatype.nexus.repository.apt.internal.AptBrowseNodeGeneratorTest.java,False,True
sonatype/nexus-public,48e84756f098fa1483d38076c32f640a5691c8f2,"release-3.17.0-01, release-3.18.0-01",components.nexus-repository.src.test.java.org.sonatype.nexus.repository.storage.BrowseNodeStoreImplTest.java,False,False
sonatype/nexus-public,48e84756f098fa1483d38076c32f640a5691c8f2,"release-3.17.0-01, release-3.18.0-01",components.nexus-repository.src.test.java.org.sonatype.nexus.repository.storage.BrowseNodeEntityAdapterTest.java,True,True
sonatype/nexus-public,48e84756f098fa1483d38076c32f640a5691c8f2,"release-3.17.0-01, release-3.18.0-01",components.nexus-repository.src.test.java.org.sonatype.nexus.repository.selector.internal.ContentAuthTest.java,False,True
sonatype/nexus-public,48e84756f098fa1483d38076c32f640a5691c8f2,"release-3.17.0-01, release-3.18.0-01",components.nexus-repository.src.test.java.org.sonatype.nexus.repository.browse.internal.DefaultBrowseNodeGeneratorTest.java,False,True
sonatype/nexus-public,48e84756f098fa1483d38076c32f640a5691c8f2,"release-3.17.0-01, release-3.18.0-01",components.nexus-repository.src.test.java.org.sonatype.nexus.repository.browse.internal.BrowseNodeManagerTest.java,False,True
sonatype/nexus-public,48e84756f098fa1483d38076c32f640a5691c8f2,"release-3.17.0-01, release-3.18.0-01",components.nexus-repository.src.test.java.org.sonatype.nexus.repository.browse.ComponentPathBrowseNodeGeneratorTest.java,False,True
sonatype/nexus-public,48e84756f098fa1483d38076c32f640a5691c8f2,"release-3.17.0-01, release-3.18.0-01",components.nexus-repository.src.test.java.org.sonatype.nexus.repository.browse.AssetPathBrowseNodeGeneratorTest.java,False,True
sonatype/nexus-public,9fb1dabc9572e4db97eeec5f411914e5ab59cf8d,"release-3.20.1-01, release-3.21.0-05",components.nexus-common.src.test.java.org.sonatype.nexus.common.io.ObjectInputStreamWithClassLoaderTest.java,False,False
sonatype/nexus-public,9fb1dabc9572e4db97eeec5f411914e5ab59cf8d,"release-3.20.1-01, release-3.21.0-05",components.nexus-security.src.test.java.org.sonatype.nexus.security.PasswordHelperTest.java,False,False
sonatype/nexus-public,9fb1dabc9572e4db97eeec5f411914e5ab59cf8d,"release-3.20.1-01, release-3.21.0-05",components.nexus-crypto.src.test.java.org.sonatype.nexus.crypto.internal.MavenCipherImplTest.java,False,False
sonatype/nexus-public,9fb1dabc9572e4db97eeec5f411914e5ab59cf8d,"release-3.20.1-01, release-3.21.0-05",plugins.nexus-ssl-plugin.src.test.java.com.sonatype.nexus.ssl.plugin.internal.TrustStoreImplTest.java,False,True
sonatype/nexus-public,9fb1dabc9572e4db97eeec5f411914e5ab59cf8d,"release-3.20.1-01, release-3.21.0-05",components.nexus-core.src.test.java.org.sonatype.nexus.internal.datastore.task.H2BackupTaskTest.java,False,False
sonatype/nexus-public,9fb1dabc9572e4db97eeec5f411914e5ab59cf8d,"release-3.20.1-01, release-3.21.0-05",components.nexus-core.src.test.java.org.sonatype.nexus.internal.capability.orient.OrientCapabilityStorageTest.java,False,False
sonatype/nexus-public,9fb1dabc9572e4db97eeec5f411914e5ab59cf8d,"release-3.20.1-01, release-3.21.0-05",plugins.nexus-repository-maven.src.test.java.org.sonatype.nexus.repository.maven.api.MavenApiRepositoryAdapterTest.java,False,False
sonatype/nexus-public,9fb1dabc9572e4db97eeec5f411914e5ab59cf8d,"release-3.20.1-01, release-3.21.0-05",plugins.nexus-repository-apt.src.test.java.org.sonatype.nexus.repository.apt.api.AptApiRepositoryAdapterTest.java,False,False
sonatype/nexus-public,2970940ed4e8286f2f7810d68fa1bda632626ec6,"release-3.22.0-02, release-3.22.1-02",plugins.nexus-repository-maven.src.test.java.org.sonatype.nexus.repository.maven.internal.PurgeUnusedSnapshotsFacetImplTest.java,False,False
sonatype/nexus-public,2970940ed4e8286f2f7810d68fa1bda632626ec6,"release-3.22.0-02, release-3.22.1-02",plugins.nexus-repository-maven.src.test.java.org.sonatype.nexus.repository.maven.internal.VersionPolicyHandlerTest.java,False,True
sonatype/nexus-public,8cb94096e435ce444b65ef98e55074635ab7307c,"release-3.22.1-02, release-3.23.0-03",plugins.nexus-repository-npm.src.test.java.org.sonatype.nexus.repository.npm.internal.NpmProxyCacheInvalidatorFacetImplTest.java,False,False
sonatype/nexus-public,8cb94096e435ce444b65ef98e55074635ab7307c,"release-3.22.1-02, release-3.23.0-03",testsuite.nexus-repository-testsupport.src.test.java.org.sonatype.nexus.testsuite.testsupport.performance.LoadExecutorTest.java,False,False
sonatype/nexus-public,8cb94096e435ce444b65ef98e55074635ab7307c,"release-3.22.1-02, release-3.23.0-03",components.nexus-transaction.src.test.java.org.sonatype.nexus.transaction.UnitOfWorkTest.java,False,False
sonatype/nexus-public,8cb94096e435ce444b65ef98e55074635ab7307c,"release-3.22.1-02, release-3.23.0-03",components.nexus-ssl.src.test.java.org.sonatype.nexus.ssl.KeyStoreManagerImplTest.java,False,False
sonatype/nexus-public,8cb94096e435ce444b65ef98e55074635ab7307c,"release-3.22.1-02, release-3.23.0-03",components.nexus-scheduling.src.test.java.org.sonatype.nexus.scheduling.internal.PeriodicJobServiceImplTest.java,False,False
sonatype/nexus-public,8cb94096e435ce444b65ef98e55074635ab7307c,"release-3.22.1-02, release-3.23.0-03",components.nexus-repository.src.test.java.org.sonatype.nexus.repository.rest.internal.resources.ComponentsResourceTest.java,False,False
sonatype/nexus-public,8cb94096e435ce444b65ef98e55074635ab7307c,"release-3.22.1-02, release-3.23.0-03",components.nexus-orient.src.test.java.org.sonatype.nexus.orient.DatabasePoolTest.java,False,False
sonatype/nexus-public,8cb94096e435ce444b65ef98e55074635ab7307c,"release-3.22.1-02, release-3.23.0-03",components.nexus-main.src.test.java.org.sonatype.nexus.karaf.NexusMainTest.java,False,False
sonatype/nexus-public,8cb94096e435ce444b65ef98e55074635ab7307c,"release-3.22.1-02, release-3.23.0-03",components.nexus-core.src.test.java.org.sonatype.nexus.internal.capability.DefaultCapabilityReferenceTest.java,False,False
sonatype/nexus-public,8cb94096e435ce444b65ef98e55074635ab7307c,"release-3.22.1-02, release-3.23.0-03",plugins.nexus-repository-maven.src.test.java.org.sonatype.nexus.repository.maven.internal.VersionPolicyHandlerTest.java,False,True
sonatype/nexus-public,8cb94096e435ce444b65ef98e55074635ab7307c,"release-3.22.1-02, release-3.23.0-03",components.nexus-repository.src.test.java.org.sonatype.nexus.repository.selector.internal.ContentExpressionFunctionTest.java,False,False
sonatype/nexus-public,8cb94096e435ce444b65ef98e55074635ab7307c,"release-3.22.1-02, release-3.23.0-03",components.nexus-repository.src.test.java.org.sonatype.nexus.repository.selector.internal.ContentAuthTest.java,False,False
sonatype/nexus-public,8cb94096e435ce444b65ef98e55074635ab7307c,"release-3.22.1-02, release-3.23.0-03",components.nexus-repository.src.test.java.org.sonatype.nexus.repository.browse.internal.BrowseAssetIteratorTest.java,False,False
sonatype/nexus-public,ee32590442ce92a6d5c5b49a5f01ef3600bc2d38,"release-3.23.0-03, release-3.24.0-02",components.nexus-repository-content.src.test.java.org.sonatype.nexus.repository.content.store.FormatStoreManagerTest.java,False,False
sonatype/nexus-public,ee32590442ce92a6d5c5b49a5f01ef3600bc2d38,"release-3.23.0-03, release-3.24.0-02",components.nexus-quartz.src.test.java.org.sonatype.nexus.quartz.internal.store.ConfigStoreConnectionProviderTest.java,False,False
sonatype/nexus-public,ee32590442ce92a6d5c5b49a5f01ef3600bc2d38,"release-3.23.0-03, release-3.24.0-02",plugins.nexus-repository-raw.src.test.java.org.sonatype.nexus.orient.raw.RawUploadHandlerTest.java,False,False
sonatype/nexus-public,ee32590442ce92a6d5c5b49a5f01ef3600bc2d38,"release-3.23.0-03, release-3.24.0-02",components.nexus-repository-content.src.test.java.org.sonatype.nexus.repository.content.store.ContentRepositoryDAOTest.java,False,False
sonatype/nexus-public,ee32590442ce92a6d5c5b49a5f01ef3600bc2d38,"release-3.23.0-03, release-3.24.0-02",components.nexus-repository-content.src.test.java.org.sonatype.nexus.repository.content.store.ComponentDAOTest.java,False,False
sonatype/nexus-public,ee32590442ce92a6d5c5b49a5f01ef3600bc2d38,"release-3.23.0-03, release-3.24.0-02",components.nexus-repository-content.src.test.java.org.sonatype.nexus.repository.content.store.AssetDAOTest.java,False,False
sonatype/nexus-public,ee32590442ce92a6d5c5b49a5f01ef3600bc2d38,"release-3.23.0-03, release-3.24.0-02",components.nexus-repository-content.src.test.java.org.sonatype.nexus.repository.content.browse.internal.BrowseNodeDAOTest.java,False,True
sonatype/nexus-public,2ffee6b136898702f5eda69aa63c024b2ebcb75c,"release-3.24.0-02, release-3.25.0-03",components.nexus-repository-content.src.test.java.org.sonatype.nexus.repository.content.store.ContentRepositoryDAOTest.java,False,False
sonatype/nexus-public,2ffee6b136898702f5eda69aa63c024b2ebcb75c,"release-3.24.0-02, release-3.25.0-03",components.nexus-repository-content.src.test.java.org.sonatype.nexus.repository.content.store.ComponentDAOTest.java,False,False
sonatype/nexus-public,2ffee6b136898702f5eda69aa63c024b2ebcb75c,"release-3.24.0-02, release-3.25.0-03",components.nexus-repository-content.src.test.java.org.sonatype.nexus.repository.content.store.AssetDAOTest.java,False,False
sonatype/nexus-public,2ffee6b136898702f5eda69aa63c024b2ebcb75c,"release-3.24.0-02, release-3.25.0-03",components.nexus-common.src.test.java.org.sonatype.nexus.common.time.DateHelperTest.java,False,False
sonatype/nexus-public,2ffee6b136898702f5eda69aa63c024b2ebcb75c,"release-3.24.0-02, release-3.25.0-03",plugins.nexus-repository-npm.src.test.java.org.sonatype.nexus.repository.npm.internal.tasks.OrientReindexNpmRepositoryTaskTest.java,False,False
sonatype/nexus-public,2ffee6b136898702f5eda69aa63c024b2ebcb75c,"release-3.24.0-02, release-3.25.0-03",components.nexus-cleanup.src.test.java.org.sonatype.nexus.cleanup.internal.search.elasticsearch.ElasticSearchCleanupComponentBrowseTest.java,False,True
sonatype/nexus-public,2ffee6b136898702f5eda69aa63c024b2ebcb75c,"release-3.24.0-02, release-3.25.0-03",components.nexus-common.src.test.java.org.sonatype.nexus.common.graph.GraphUtilTest.java,False,False
sonatype/nexus-public,2ffee6b136898702f5eda69aa63c024b2ebcb75c,"release-3.24.0-02, release-3.25.0-03",components.nexus-repository.src.test.java.org.sonatype.nexus.repository.browse.internal.orient.OrientBrowseNodeStoreImplTest.java,False,True
sonatype/nexus-public,2ffee6b136898702f5eda69aa63c024b2ebcb75c,"release-3.24.0-02, release-3.25.0-03",components.nexus-repository-content.src.test.java.org.sonatype.nexus.repository.content.browse.internal.DefaultDatastoreBrowseNodeGeneratorTest.java,False,False
sonatype/nexus-public,2ffee6b136898702f5eda69aa63c024b2ebcb75c,"release-3.24.0-02, release-3.25.0-03",components.nexus-repository-content.src.test.java.org.sonatype.nexus.repository.content.browse.internal.DatastoreBrowseNodeStoreImplTest.java,False,True
sonatype/nexus-public,2ffee6b136898702f5eda69aa63c024b2ebcb75c,"release-3.24.0-02, release-3.25.0-03",components.nexus-repository-content.src.test.java.org.sonatype.nexus.repository.content.browse.internal.DatastoreBrowseNodeManagerTest.java,False,True
sonatype/nexus-public,2ffee6b136898702f5eda69aa63c024b2ebcb75c,"release-3.24.0-02, release-3.25.0-03",components.nexus-repository-content.src.test.java.org.sonatype.nexus.repository.content.browse.ComponentPathBrowseNodeGeneratorTest.java,False,False
sonatype/nexus-public,2ffee6b136898702f5eda69aa63c024b2ebcb75c,"release-3.24.0-02, release-3.25.0-03",components.nexus-repository-content.src.test.java.org.sonatype.nexus.repository.content.browse.AssetPathBrowseNodeGeneratorTest.java,False,False
sonatype/nexus-public,2ffee6b136898702f5eda69aa63c024b2ebcb75c,"release-3.24.0-02, release-3.25.0-03",components.nexus-common.src.test.java.org.sonatype.nexus.common.io.SafeXmlTest.java,False,False
sonatype/nexus-public,6bd0470a879222218cbad765023d317d36fc1e0c,"release-3.25.1-02, release-3.26.0-04",components.nexus-repository-content.src.test.java.org.sonatype.nexus.repository.content.store.ComponentDAOTest.java,False,True
sonatype/nexus-public,6bd0470a879222218cbad765023d317d36fc1e0c,"release-3.25.1-02, release-3.26.0-04",components.nexus-repository-content.src.test.java.org.sonatype.nexus.repository.content.store.AssetDAOTest.java,False,True
sonatype/nexus-public,6bd0470a879222218cbad765023d317d36fc1e0c,"release-3.25.1-02, release-3.26.0-04",components.nexus-selector.src.test.java.org.sonatype.nexus.selector.internal.DatastoreCselToSqlTest.java,False,False
sonatype/nexus-public,6bd0470a879222218cbad765023d317d36fc1e0c,"release-3.25.1-02, release-3.26.0-04",components.nexus-repository-content.src.test.java.org.sonatype.nexus.repository.content.store.ContentRepositoryDAOTest.java,False,False
sonatype/nexus-public,6bd0470a879222218cbad765023d317d36fc1e0c,"release-3.25.1-02, release-3.26.0-04",components.nexus-repository-content.src.test.java.org.sonatype.nexus.repository.content.store.AssetBlobDAOTest.java,False,False
sonatype/nexus-public,6bd0470a879222218cbad765023d317d36fc1e0c,"release-3.25.1-02, release-3.26.0-04",components.nexus-repository.src.test.java.org.sonatype.nexus.repository.rest.internal.resources.ComponentsResourceTest.java,False,False
sonatype/nexus-public,6bd0470a879222218cbad765023d317d36fc1e0c,"release-3.25.1-02, release-3.26.0-04",components.nexus-repository.src.test.java.org.sonatype.nexus.repository.rest.internal.resources.AssetsResourceTest.java,False,False
sonatype/nexus-public,6bd0470a879222218cbad765023d317d36fc1e0c,"release-3.25.1-02, release-3.26.0-04",components.nexus-repository.src.test.java.org.sonatype.nexus.repository.browse.internal.BrowseServiceImplTest.java,False,True
sonatype/nexus-public,6bd0470a879222218cbad765023d317d36fc1e0c,"release-3.25.1-02, release-3.26.0-04",components.nexus-repository.src.test.java.org.sonatype.nexus.repository.maintenance.internal.DeleteFolderServiceImplTest.java,False,False
sonatype/nexus-public,6bd0470a879222218cbad765023d317d36fc1e0c,"release-3.25.1-02, release-3.26.0-04",components.nexus-repository.src.test.java.org.sonatype.nexus.repository.browse.internal.orient.OrientBrowseNodeManagerTest.java,False,False
sonatype/nexus-public,35e6fde2510dbdb62b591f9180346c6e8999ff2f,"release-3.26.1-02, release-3.27.0-03",plugins.nexus-repository-cocoapods.src.test.java.org.sonatype.nexus.repository.cocoapods.internal.CocoapodsFacetImplTest.java,False,False
sonatype/nexus-public,35e6fde2510dbdb62b591f9180346c6e8999ff2f,"release-3.26.1-02, release-3.27.0-03",components.nexus-repository-content.src.test.java.org.sonatype.nexus.repository.content.store.ComponentDAOTest.java,False,False
sonatype/nexus-public,35e6fde2510dbdb62b591f9180346c6e8999ff2f,"release-3.26.1-02, release-3.27.0-03",components.nexus-repository-content.src.test.java.org.sonatype.nexus.repository.content.store.AssetDAOTest.java,False,False
sonatype/nexus-public,35e6fde2510dbdb62b591f9180346c6e8999ff2f,"release-3.26.1-02, release-3.27.0-03",components.nexus-repository-content.src.test.java.org.sonatype.nexus.repository.content.rest.internal.resources.ComponentsResourceTest.java,False,False
sonatype/nexus-public,35e6fde2510dbdb62b591f9180346c6e8999ff2f,"release-3.26.1-02, release-3.27.0-03",components.nexus-repository-content.src.test.java.org.sonatype.nexus.repository.content.rest.internal.resources.AssetsResourceTest.java,False,False
sonatype/nexus-public,35e6fde2510dbdb62b591f9180346c6e8999ff2f,"release-3.26.1-02, release-3.27.0-03",plugins.nexus-repository-npm.src.test.java.org.sonatype.nexus.repository.npm.orient.OrientNpmUploadHandlerTest.java,False,False
sonatype/nexus-public,35e6fde2510dbdb62b591f9180346c6e8999ff2f,"release-3.26.1-02, release-3.27.0-03",plugins.nexus-repository-npm.src.test.java.org.sonatype.nexus.repository.npm.internal.orient.OrientNpmHostedFacetTest.java,False,False
sonatype/nexus-public,35e6fde2510dbdb62b591f9180346c6e8999ff2f,"release-3.26.1-02, release-3.27.0-03",plugins.nexus-repository-npm.src.test.java.org.sonatype.nexus.repository.npm.internal.orient.NpmFormatAttributesExtractorTest.java,False,True
sonatype/nexus-public,b7afb071b7f76ca77596bad94c2caa17be3bfdcc,"release-3.27.0-03, release-3.28.0-01",plugins.nexus-repository-helm.src.test.java.org.sonatype.repository.helm.internal.orient.metadata.IndexYamlAbsoluteUrlRewriterTest.java,False,False
sonatype/nexus-public,b7afb071b7f76ca77596bad94c2caa17be3bfdcc,"release-3.27.0-03, release-3.28.0-01",plugins.nexus-restore-maven.src.test.java.org.sonatype.nexus.blobstore.restore.maven.internal.MavenRestoreBlobStrategyTest.java,False,False
sonatype/nexus-public,b7afb071b7f76ca77596bad94c2caa17be3bfdcc,"release-3.27.0-03, release-3.28.0-01",plugins.nexus-repository-maven.src.test.java.org.sonatype.nexus.repository.maven.tasks.RemoveSnapshotsTaskTest.java,False,False
sonatype/nexus-public,b7afb071b7f76ca77596bad94c2caa17be3bfdcc,"release-3.27.0-03, release-3.28.0-01",plugins.nexus-repository-maven.src.test.java.org.sonatype.nexus.repository.maven.internal.orient.PurgeUnusedSnapshotsFacetImplTest.java,False,False
sonatype/nexus-public,b7afb071b7f76ca77596bad94c2caa17be3bfdcc,"release-3.27.0-03, release-3.28.0-01",plugins.nexus-repository-maven.src.test.java.org.sonatype.nexus.repository.maven.internal.orient.OrientMetadataRebuilderTest.java,False,False
sonatype/nexus-public,b7afb071b7f76ca77596bad94c2caa17be3bfdcc,"release-3.27.0-03, release-3.28.0-01",plugins.nexus-repository-pypi.src.test.java.org.sonatype.nexus.repository.pypi.internal.orient.OrientPyPiGroupFacetTest.java,False,False
sonatype/nexus-public,10bb9a4931b9edd28932accd058d1e41c45227cd,"release-3.28.1-01, release-3.29.0-02",plugins.nexus-restore-raw.src.test.java.org.sonatype.nexus.blobstore.restore.raw.internal.RawRestoreBlobStrategyTest.java,False,False
sonatype/nexus-public,10bb9a4931b9edd28932accd058d1e41c45227cd,"release-3.28.1-01, release-3.29.0-02",plugins.nexus-repository-maven.src.test.java.org.sonatype.nexus.content.maven.MavenUploadHandlerTest.java,False,False
sonatype/nexus-public,1bd3054e424d2502e28f487246af90168ef9e24c,"release-3.29.0-02, release-3.29.1-01",components.nexus-repository-config.src.test.java.org.sonatype.nexus.repository.config.ConfigurationExportTest.java,False,False
sonatype/nexus-public,1bd3054e424d2502e28f487246af90168ef9e24c,"release-3.29.0-02, release-3.29.1-01",components.nexus-base.src.test.java.org.sonatype.nexus.internal.security.anonymous.AnonymousConfigurationExportTest.java,False,False
sonatype/nexus-public,1bd3054e424d2502e28f487246af90168ef9e24c,"release-3.29.0-02, release-3.29.1-01",components.nexus-security.src.test.java.org.sonatype.nexus.security.authc.AntiCsrfHelperTest.java,False,True
sonatype/nexus-public,1bd3054e424d2502e28f487246af90168ef9e24c,"release-3.29.0-02, release-3.29.1-01",plugins.nexus-restore-maven.src.test.java.org.sonatype.nexus.blobstore.restore.maven.internal.MavenRestoreBlobStrategyTest.java,False,False
sonatype/nexus-public,6ec9d8e5b6944d9ad294c42c70c46fa55eb3ba4c,"release-3.29.2-02, release-3.30.0-01",plugins.nexus-repository-maven.src.test.java.org.sonatype.nexus.repository.maven.internal.MavenContentValidatorTest.java,False,False
sonatype/nexus-public,6ec9d8e5b6944d9ad294c42c70c46fa55eb3ba4c,"release-3.29.2-02, release-3.30.0-01",plugins.nexus-repository-maven.src.test.java.org.sonatype.nexus.repository.maven.api.MavenApiRepositoryAdapterTest.java,False,False
sonatype/nexus-public,6ec9d8e5b6944d9ad294c42c70c46fa55eb3ba4c,"release-3.29.2-02, release-3.30.0-01",components.nexus-repository-services.src.test.java.org.sonatype.nexus.repository.rest.api.SimpleApiRepositoryAdapterTest.java,False,False
sonatype/nexus-public,6ec9d8e5b6944d9ad294c42c70c46fa55eb3ba4c,"release-3.29.2-02, release-3.30.0-01",components.nexus-repository-content.src.test.java.org.sonatype.nexus.repository.content.store.AssetDAOTest.java,False,False
sonatype/nexus-public,6ec9d8e5b6944d9ad294c42c70c46fa55eb3ba4c,"release-3.29.2-02, release-3.30.0-01",components.nexus-scheduling.src.test.java.org.sonatype.nexus.scheduling.TaskExportTest.java,False,False
sonatype/nexus-public,6ec9d8e5b6944d9ad294c42c70c46fa55eb3ba4c,"release-3.29.2-02, release-3.30.0-01",plugins.nexus-repository-maven.src.test.java.org.sonatype.nexus.content.maven.MavenUploadHandlerTest.java,False,False
sonatype/nexus-public,36fa58c8ef95423e70d950ced8e9deed0b213c86,"release-3.30.1-01, release-3.31.0-01",plugins.nexus-restore-r.src.test.java.org.sonatype.nexus.blobstore.restore.r.internal.RRestoreBlobStrategyTest.java,False,False
sonatype/nexus-public,36fa58c8ef95423e70d950ced8e9deed0b213c86,"release-3.30.1-01, release-3.31.0-01",plugins.nexus-repository-raw.src.test.java.org.sonatype.nexus.repository.raw.RawReplicationIngesterTest.java,False,False
sonatype/nexus-public,36fa58c8ef95423e70d950ced8e9deed0b213c86,"release-3.30.1-01, release-3.31.0-01",components.nexus-repository-services.src.test.java.org.sonatype.nexus.repository.json.MergeObjectMapperTest.java,False,False
sonatype/nexus-public,36fa58c8ef95423e70d950ced8e9deed0b213c86,"release-3.30.1-01, release-3.31.0-01",plugins.nexus-restore-p2.src.test.java.org.sonatype.nexus.blobstore.restore.p2.internal.P2RestoreBlobStrategyTest.java,False,False
sonatype/nexus-public,36fa58c8ef95423e70d950ced8e9deed0b213c86,"release-3.30.1-01, release-3.31.0-01",plugins.nexus-restore-maven.src.test.java.org.sonatype.nexus.blobstore.restore.maven.internal.orient.OrientMavenRestoreBlobStrategyTest.java,False,False
sonatype/nexus-public,36fa58c8ef95423e70d950ced8e9deed0b213c86,"release-3.30.1-01, release-3.31.0-01",plugins.nexus-restore-apt.src.test.java.org.sonatype.nexus.blobstore.restore.apt.orient.internal.OrientAptRestoreBlobStrategyTest.java,False,False
sonatype/nexus-public,36fa58c8ef95423e70d950ced8e9deed0b213c86,"release-3.30.1-01, release-3.31.0-01",components.nexus-repository-services.src.test.java.org.sonatype.nexus.repository.search.query.RepositorySearchContributionTest.java,False,False
sonatype/nexus-public,36fa58c8ef95423e70d950ced8e9deed0b213c86,"release-3.30.1-01, release-3.31.0-01",components.nexus-orient.src.test.java.org.sonatype.nexus.orient.entity.action.BrowseEntitiesByPropertyInSetActionTest.java,False,False
sonatype/nexus-public,36fa58c8ef95423e70d950ced8e9deed0b213c86,"release-3.30.1-01, release-3.31.0-01",components.nexus-repository-services.src.test.java.org.sonatype.nexus.repository.search.query.SearchUtilsTest.java,False,True
sonatype/nexus-public,36fa58c8ef95423e70d950ced8e9deed0b213c86,"release-3.30.1-01, release-3.31.0-01",plugins.nexus-repository-maven.src.test.java.org.sonatype.nexus.repository.maven.internal.MavenContentValidatorTest.java,False,False
sonatype/nexus-public,36fa58c8ef95423e70d950ced8e9deed0b213c86,"release-3.30.1-01, release-3.31.0-01",components.nexus-repository-services.src.test.java.org.sonatype.nexus.repository.upload.internal.UploadManagerImplTest.java,False,False
sonatype/nexus-public,36fa58c8ef95423e70d950ced8e9deed0b213c86,"release-3.30.1-01, release-3.31.0-01",components.nexus-core.src.test.java.org.sonatype.nexus.internal.datastore.task.H2BackupTaskTest.java,False,False
sonatype/nexus-public,eb0cfb0b686694a4e90ea4192866d294edbf9219,"release-3.32.0-03, release-3.33.0-01",plugins.nexus-repository-maven.src.test.java.org.sonatype.nexus.repository.maven.api.MavenApiRepositoryAdapterTest.java,False,False
sonatype/nexus-public,eb0cfb0b686694a4e90ea4192866d294edbf9219,"release-3.32.0-03, release-3.33.0-01",components.nexus-datastore.src.test.java.org.sonatype.nexus.datastore.DataStoreConfigurationManagerTest.java,False,False
sonatype/nexus-public,6cec2781c5bf73fd9e9db44f85f3ee2bae20ba79,"release-3.34.0-01, release-3.34.1-01",components.nexus-upgrade.src.test.java.org.sonatype.nexus.upgrade.internal.orient.OrientAnalyticsPermissionResetTest.java,False,False
sonatype/nexus-public,d53cb6d91ebde927d1ee24e3e693a06048f2d7ad,"release-3.34.1-01, release-3.35.0-02",plugins.nexus-repository-maven.src.test.java.org.sonatype.nexus.repository.maven.internal.orient.MavenFacetImplTest.java,False,False
sonatype/nexus-public,d53cb6d91ebde927d1ee24e3e693a06048f2d7ad,"release-3.34.1-01, release-3.35.0-02",components.nexus-upgrade.src.test.java.org.sonatype.nexus.upgrade.internal.orient.OrientAnalyticsPermissionResetTest.java,False,False
sonatype/nexus-public,cf5b4c353da4f51690cd213ad867be76b1af31b0,"release-3.35.0-02, release-3.36.0-01",components.nexus-repository-services.src.test.java.org.sonatype.nexus.repository.security.RepositoryPermissionCheckerTest.java,False,False
sonatype/nexus-public,869084386150ff2bbc0edb1068c034608af3670d,"release-3.36.0-01, release-3.37.0-01",plugins.nexus-repository-maven.src.test.java.org.sonatype.nexus.content.maven.MavenUploadHandlerTest.java,False,False
sonatype/nexus-public,869084386150ff2bbc0edb1068c034608af3670d,"release-3.36.0-01, release-3.37.0-01",components.nexus-base.src.test.java.org.sonatype.nexus.internal.orient.PasswordSanitizedJsonSourceTest.java,True,False
sonatype/nexus-public,869084386150ff2bbc0edb1068c034608af3670d,"release-3.36.0-01, release-3.37.0-01",components.nexus-base.src.test.java.org.sonatype.nexus.internal.log.LogbackLoggerOverridesTest.java,False,False
sonatype/nexus-public,869084386150ff2bbc0edb1068c034608af3670d,"release-3.36.0-01, release-3.37.0-01",components.nexus-repository-services.src.test.java.org.sonatype.nexus.repository.search.index.IndexStartupRebuildManagerTest.java,False,False
sonatype/nexus-public,967780bde7b91b2858df835ee4d3963fd7c10b4b,"release-3.37.3-02, release-3.38.0-01",components.nexus-repository-services.src.test.java.org.sonatype.nexus.repository.search.index.IndexStartupRebuildManagerTest.java,False,True
sonatype/nexus-public,967780bde7b91b2858df835ee4d3963fd7c10b4b,"release-3.37.3-02, release-3.38.0-01",plugins.nexus-repository-maven.src.test.java.org.sonatype.nexus.content.maven.internal.MavenSearchDocumentProducerTest.java,False,True
sonatype/nexus-public,967780bde7b91b2858df835ee4d3963fd7c10b4b,"release-3.37.3-02, release-3.38.0-01",components.nexus-cleanup.src.test.java.org.sonatype.nexus.cleanup.internal.orient.service.OrientCleanupServiceImplTest.java,False,False
sonatype/nexus-public,967780bde7b91b2858df835ee4d3963fd7c10b4b,"release-3.37.3-02, release-3.38.0-01",components.nexus-cleanup.src.test.java.org.sonatype.nexus.cleanup.internal.orient.search.elasticsearch.OrientElasticSearchCleanupComponentBrowseTest.java,False,False
sonatype/nexus-public,967780bde7b91b2858df835ee4d3963fd7c10b4b,"release-3.37.3-02, release-3.38.0-01",components.nexus-base.src.test.java.org.sonatype.nexus.internal.jwt.datastore.JwtSecretDAOTest.java,False,True
sonatype/nexus-public,967780bde7b91b2858df835ee4d3963fd7c10b4b,"release-3.37.3-02, release-3.38.0-01",components.nexus-security.src.test.java.org.sonatype.nexus.security.JwtHelperTest.java,False,False
sonatype/nexus-public,967780bde7b91b2858df835ee4d3963fd7c10b4b,"release-3.37.3-02, release-3.38.0-01",components.nexus-repository-services.src.test.java.org.sonatype.nexus.repository.search.query.ElasticSearchUtilsTest.java,False,True
sonatype/nexus-public,e92e1d000ee34eae2b4ecad89fd974f6fff06c6a,"release-3.38.1-01, release-3.39.0-01",components.nexus-core.src.test.java.org.sonatype.nexus.internal.selector.SelectorManagerImplTest.java,False,True
sonatype/nexus-public,e92e1d000ee34eae2b4ecad89fd974f6fff06c6a,"release-3.38.1-01, release-3.39.0-01",components.nexus-base.src.test.java.org.sonatype.nexus.internal.security.model.CPrivilegeDAOTest.java,False,True
sonatype/nexus-public,e92e1d000ee34eae2b4ecad89fd974f6fff06c6a,"release-3.38.1-01, release-3.39.0-01",components.nexus-upgrade.src.test.java.org.sonatype.nexus.upgrade.internal.DistributedEventsUpgradeTest.java,False,True
sonatype/nexus-public,e92e1d000ee34eae2b4ecad89fd974f6fff06c6a,"release-3.38.1-01, release-3.39.0-01",components.nexus-repository-services.src.test.java.org.sonatype.nexus.repository.proxy.ProxyFacetSupportTest.java,False,True
sonatype/nexus-public,e92e1d000ee34eae2b4ecad89fd974f6fff06c6a,"release-3.38.1-01, release-3.39.0-01",plugins.nexus-repository-maven.src.test.java.org.sonatype.nexus.content.maven.upgrade.MavenIndexUpgradeTest.java,False,True
sonatype/nexus-public,e92e1d000ee34eae2b4ecad89fd974f6fff06c6a,"release-3.38.1-01, release-3.39.0-01",components.nexus-repository-content.src.test.java.org.sonatype.nexus.repository.content.search.upgrade.SearchIndexUpgradeTest.java,False,False
sonatype/nexus-public,e92e1d000ee34eae2b4ecad89fd974f6fff06c6a,"release-3.38.1-01, release-3.39.0-01",components.nexus-repository-services.src.test.java.org.sonatype.nexus.repository.rest.internal.api.AuthorizingRepositoryManagerTest.java,False,False
sonatype/nexus-public,e92e1d000ee34eae2b4ecad89fd974f6fff06c6a,"release-3.38.1-01, release-3.39.0-01",components.nexus-blobstore-file.src.test.java.org.sonatype.nexus.blobstore.file.FileBlobStoreTest.java,False,True
sonatype/nexus-public,e92e1d000ee34eae2b4ecad89fd974f6fff06c6a,"release-3.38.1-01, release-3.39.0-01",plugins.nexus-repository-raw.src.test.java.org.sonatype.nexus.orient.raw.RawUploadHandlerTest.java,False,True
sonatype/nexus-public,e92e1d000ee34eae2b4ecad89fd974f6fff06c6a,"release-3.38.1-01, release-3.39.0-01",plugins.nexus-repository-raw.src.test.java.org.sonatype.nexus.content.raw.RawUploadHandlerTest.java,True,True
sonatype/nexus-public,e92e1d000ee34eae2b4ecad89fd974f6fff06c6a,"release-3.38.1-01, release-3.39.0-01",plugins.nexus-restore-raw.src.test.java.org.sonatype.nexus.blobstore.restore.raw.internal.orient.OrientRawRestoreBlobStrategyTest.java,False,False
sonatype/nexus-public,e92e1d000ee34eae2b4ecad89fd974f6fff06c6a,"release-3.38.1-01, release-3.39.0-01",plugins.nexus-repository-maven.src.test.java.org.sonatype.nexus.repository.maven.internal.orient.OrientMetadataRebuilderTest.java,False,True
sonatype/nexus-public,e92e1d000ee34eae2b4ecad89fd974f6fff06c6a,"release-3.38.1-01, release-3.39.0-01",plugins.nexus-repository-maven.src.test.java.org.sonatype.nexus.repository.maven.internal.orient.OrientMavenIndexPublisherTest.java,False,True
sonatype/nexus-public,e92e1d000ee34eae2b4ecad89fd974f6fff06c6a,"release-3.38.1-01, release-3.39.0-01",plugins.nexus-repository-maven.src.test.java.org.sonatype.nexus.repository.maven.internal.orient.MavenFacetImplTest.java,False,True
sonatype/nexus-public,e92e1d000ee34eae2b4ecad89fd974f6fff06c6a,"release-3.38.1-01, release-3.39.0-01",plugins.nexus-blobstore-tasks.src.test.java.org.sonatype.nexus.blobstore.restore.datastore.DefaultIntegrityCheckStrategyTest.java,False,True
sonatype/nexus-public,e92e1d000ee34eae2b4ecad89fd974f6fff06c6a,"release-3.38.1-01, release-3.39.0-01",plugins.nexus-blobstore-tasks.src.test.java.org.sonatype.nexus.blobstore.internal.datastore.DefaultBlobStoreUsageCheckerTest.java,False,True
sonatype/nexus-public,e92e1d000ee34eae2b4ecad89fd974f6fff06c6a,"release-3.38.1-01, release-3.39.0-01",components.nexus-task-logging.src.test.java.org.sonatype.nexus.logging.task.TaskLogOnlyTaskLoggerTest.java,False,True
sonatype/nexus-public,e92e1d000ee34eae2b4ecad89fd974f6fff06c6a,"release-3.38.1-01, release-3.39.0-01",components.nexus-repository.src.test.java.org.sonatype.nexus.repository.storage.OrientReplicationIngesterHelperTest.java,False,True
sonatype/nexus-public,e92e1d000ee34eae2b4ecad89fd974f6fff06c6a,"release-3.38.1-01, release-3.39.0-01",components.nexus-repository.src.test.java.org.sonatype.nexus.repository.storage.ContentSelectorUpgradeManagerTest.java,False,True
sonatype/nexus-public,e92e1d000ee34eae2b4ecad89fd974f6fff06c6a,"release-3.38.1-01, release-3.39.0-01",components.nexus-repository.src.test.java.org.sonatype.nexus.repository.browse.internal.BrowseAssetIteratorTest.java,False,True
sonatype/nexus-public,e92e1d000ee34eae2b4ecad89fd974f6fff06c6a,"release-3.38.1-01, release-3.39.0-01",components.nexus-repository-content.src.test.java.org.sonatype.nexus.repository.tools.datastore.DatastoreDeadBlobFinderTest.java,False,True
sonatype/nexus-public,e92e1d000ee34eae2b4ecad89fd974f6fff06c6a,"release-3.38.1-01, release-3.39.0-01",components.nexus-rapture.src.test.java.org.sonatype.nexus.rapture.internal.LogEventComponentTest.java,False,True
sonatype/nexus-public,e92e1d000ee34eae2b4ecad89fd974f6fff06c6a,"release-3.38.1-01, release-3.39.0-01",components.nexus-orient.src.test.java.org.sonatype.nexus.orient.internal.freeze.LocalDatabaseFrozenStateManagerTest.java,False,True
sonatype/nexus-public,e92e1d000ee34eae2b4ecad89fd974f6fff06c6a,"release-3.38.1-01, release-3.39.0-01",components.nexus-core.src.test.java.org.sonatype.nexus.internal.datastore.task.H2BackupTaskTest.java,False,True
sonatype/nexus-public,e92e1d000ee34eae2b4ecad89fd974f6fff06c6a,"release-3.38.1-01, release-3.39.0-01",components.nexus-blobstore.src.test.java.org.sonatype.nexus.blobstore.BlobStoreReconciliationLoggerTest.java,False,True
sonatype/nexus-public,e92e1d000ee34eae2b4ecad89fd974f6fff06c6a,"release-3.38.1-01, release-3.39.0-01",components.nexus-repository-content.src.test.java.org.sonatype.nexus.repository.content.search.SearchDAOTest.java,False,True
sonatype/nexus-public,e92e1d000ee34eae2b4ecad89fd974f6fff06c6a,"release-3.38.1-01, release-3.39.0-01",components.nexus-repository-services.src.test.java.org.sonatype.nexus.repository.search.index.IndexStartupRebuildManagerTest.java,False,True
sonatype/nexus-public,2d62950c0c8b81b6bba9f3098e0e1a8d4816305c,"release-3.39.0-01, release-3.40.0-03",plugins.nexus-repository-maven.src.test.java.org.sonatype.nexus.repository.maven.internal.orient.MavenFacetImplTest.java,False,True
sonatype/nexus-public,2d62950c0c8b81b6bba9f3098e0e1a8d4816305c,"release-3.39.0-01, release-3.40.0-03",components.nexus-security.src.test.java.org.sonatype.nexus.security.authz.AuthorizationManagerTest.java,False,True
sonatype/nexus-public,2d62950c0c8b81b6bba9f3098e0e1a8d4816305c,"release-3.39.0-01, release-3.40.0-03",components.nexus-base.src.test.java.org.sonatype.nexus.internal.security.model.orient.OrientSecurityConfigurationSourceTest.java,False,True
sonatype/nexus-public,2d62950c0c8b81b6bba9f3098e0e1a8d4816305c,"release-3.39.0-01, release-3.40.0-03",components.nexus-base.src.test.java.org.sonatype.nexus.internal.node.datastore.LocalNodeAccessTest.java,False,True
sonatype/nexus-public,2d62950c0c8b81b6bba9f3098e0e1a8d4816305c,"release-3.39.0-01, release-3.40.0-03",components.nexus-repository-content.src.test.java.org.sonatype.nexus.repository.content.store.AssetStoreTest.java,False,True
sonatype/nexus-public,2d62950c0c8b81b6bba9f3098e0e1a8d4816305c,"release-3.39.0-01, release-3.40.0-03",components.nexus-repository-content.src.test.java.org.sonatype.nexus.repository.content.store.AssetDAOTest.java,False,True
sonatype/nexus-public,2d62950c0c8b81b6bba9f3098e0e1a8d4816305c,"release-3.39.0-01, release-3.40.0-03",components.nexus-repository-services.src.test.java.org.sonatype.nexus.repository.rest.internal.resources.RepositoryManagerRESTAdapterImplTest.java,False,False
sonatype/nexus-public,8b10dcda652d044f482620c7c840eac5020550d1,"release-3.40.0-03, release-3.40.1-01",components.nexus-repository-content.src.test.java.org.sonatype.nexus.repository.content.search.table.SearchTableDAOTest.java,False,True
sonatype/nexus-public,831b09e567aaff0cc46f5a8972c3718da4d845d5,"release-3.41.1-01, release-3.42.0-01",components.nexus-task-logging.src.test.java.org.sonatype.nexus.logging.task.ProgressLogIntervalHelperTest.java,False,False
sonatype/nexus-public,831b09e567aaff0cc46f5a8972c3718da4d845d5,"release-3.41.1-01, release-3.42.0-01",components.nexus-repository-content.src.test.java.org.sonatype.nexus.repository.content.store.AssetDAOTest.java,False,True
sonatype/nexus-public,831b09e567aaff0cc46f5a8972c3718da4d845d5,"release-3.41.1-01, release-3.42.0-01",components.nexus-repository.src.test.java.org.sonatype.nexus.repository.upgrade.OrientBlobReconciliationLogMigrator_1_1Test.java,False,True
sonatype/nexus-public,831b09e567aaff0cc46f5a8972c3718da4d845d5,"release-3.41.1-01, release-3.42.0-01",components.nexus-repository-services.src.test.java.org.sonatype.nexus.repository.rest.api.SimpleApiRepositoryAdapterTest.java,False,True
sonatype/nexus-public,831b09e567aaff0cc46f5a8972c3718da4d845d5,"release-3.41.1-01, release-3.42.0-01",components.nexus-repository-services.src.test.java.org.sonatype.nexus.repository.search.sql.KeywordSqlSearchQueryContributionTest.java,False,True
sonatype/nexus-public,a75a9a2ec52d2dc8036df213e5b1b6a56794d9f3,"release-3.42.0-01, release-3.43.0-01",components.nexus-repository-services.src.test.java.org.sonatype.nexus.repository.json.MapDeserializerSerializerTest.java,False,True
sonatype/nexus-public,a75a9a2ec52d2dc8036df213e5b1b6a56794d9f3,"release-3.42.0-01, release-3.43.0-01",components.nexus-selector.src.test.java.org.sonatype.nexus.selector.internal.DatastoreCselToSqlTest.java,False,True
sonatype/nexus-public,a75a9a2ec52d2dc8036df213e5b1b6a56794d9f3,"release-3.42.0-01, release-3.43.0-01",components.nexus-repository-content.src.test.java.org.sonatype.nexus.repository.content.search.table.SearchTableDAOTest.java,False,True
sonatype/nexus-public,a75a9a2ec52d2dc8036df213e5b1b6a56794d9f3,"release-3.42.0-01, release-3.43.0-01",components.nexus-repository-services.src.test.java.org.sonatype.nexus.repository.search.sql.SqlSearchQueryBuilderTest.java,False,True
sonatype/nexus-public,f40768018997dac5b581ab350f0ff4634f171d8f,"release-3.43.0-01, release-3.44.0-01",plugins.nexus-repository-maven.src.test.java.org.sonatype.nexus.content.maven.internal.search.table.MavenSearchCustomFieldContributorTest.java,False,True
sonatype/nexus-public,f40768018997dac5b581ab350f0ff4634f171d8f,"release-3.43.0-01, release-3.44.0-01",plugins.nexus-repository-maven.src.test.java.org.sonatype.nexus.content.maven.internal.search.table.MavenBaseVersionSqlSearchQueryContributionTest.java,False,True
sonatype/nexus-public,f40768018997dac5b581ab350f0ff4634f171d8f,"release-3.43.0-01, release-3.44.0-01",components.nexus-repository-services.src.test.java.org.sonatype.nexus.repository.search.sql.SqlSearchRepositoryNameUtilTest.java,False,True
sonatype/nexus-public,f40768018997dac5b581ab350f0ff4634f171d8f,"release-3.43.0-01, release-3.44.0-01",components.nexus-repository-services.src.test.java.org.sonatype.nexus.repository.search.sql.KeywordSqlSearchQueryContributionTest.java,False,True
sonatype/nexus-public,f40768018997dac5b581ab350f0ff4634f171d8f,"release-3.43.0-01, release-3.44.0-01",components.nexus-repository-content.src.test.java.org.sonatype.nexus.repository.content.search.table.SearchTableDAOTest.java,True,False
sonatype/nexus-public,f40768018997dac5b581ab350f0ff4634f171d8f,"release-3.43.0-01, release-3.44.0-01",components.nexus-repository-services.src.test.java.org.sonatype.nexus.repository.manager.internal.RepositoryManagerImplTest.java,False,True
sonatype/nexus-public,bd45ca3da9e8792bb889d5fd4d2c361f20668157,"release-3.44.0-01, release-3.45.0-01",components.nexus-repository-content.src.test.java.org.sonatype.nexus.repository.content.search.table.SearchTableDAOTest.java,False,True
sonatype/nexus-public,bd45ca3da9e8792bb889d5fd4d2c361f20668157,"release-3.44.0-01, release-3.45.0-01",components.nexus-core.src.test.java.org.sonatype.nexus.internal.capability.orient.OrientCapabilityStorageTest.java,False,True
sonatype/nexus-public,d64a9bf7f844698b235b895a97330e337c7723ed,"release-3.46.0-01, release-3.47.0-01",components.nexus-repository-content.src.test.java.org.sonatype.nexus.repository.content.store.internal.AssetBlobCleanupTaskTest.java,False,True
sonatype/nexus-public,e40f0d008cdbb0fe80e4e9af6965c9ba3036de0f,"release-3.47.0-01, release-3.47.1-01",components.nexus-blobstore-api.src.test.java.org.sonatype.nexus.blobstore.api.BlobRefTest.java,False,True
sonatype/nexus-public,61ca8de19e4485880fd815de038088c1c4623dd7,"release-3.47.1-01, release-3.48.0-01",components.nexus-blobstore-api.src.test.java.org.sonatype.nexus.blobstore.api.BlobRefTest.java,False,True
sonatype/nexus-public,16e869cc29a8bc914c9811edbcb81b0217f576b9,"release-3.48.0-01, release-3.49.0-02",components.nexus-repository-content.src.test.java.org.sonatype.nexus.repository.content.store.internal.AssetBlobCleanupTaskTest.java,False,True
sonatype/nexus-public,16e869cc29a8bc914c9811edbcb81b0217f576b9,"release-3.48.0-01, release-3.49.0-02",plugins.nexus-blobstore-tasks.src.test.java.org.sonatype.nexus.blobstore.restore.datastore.RestoreMetadataTaskTest.java,False,True
sonatype/nexus-public,16e869cc29a8bc914c9811edbcb81b0217f576b9,"release-3.48.0-01, release-3.49.0-02",components.nexus-blobstore-api.src.test.java.org.sonatype.nexus.blobstore.api.BlobRefTest.java,True,True
sonatype/nexus-public,9b37fac835f30591a9da69a5519648db5b45f991,"release-3.49.0-02, release-3.50.0-01",components.nexus-repository-services.src.test.java.org.sonatype.nexus.repository.search.table.TableSearchContentSelectorSqlFilterGeneratorTest.java,False,True
sonatype/nexus-public,8c229f70d4eb5796814f57b0a3b07adbf39fd678,"release-3.51.0-01, release-3.52.0-01",components.nexus-base.src.test.java.org.sonatype.nexus.internal.log.LogbackLogManagerTest.java,False,True
sonatype/nexus-public,e8e66f75638cb4c5fbd2df687ac1e90fcc471160,"release-3.52.0-01, release-3.53.0-01",components.nexus-repository-content.src.test.java.org.sonatype.nexus.repository.content.rest.internal.resources.AssetsResourceTest.java,False,True
sonatype/nexus-public,717e60e2825f5cc0dace7e19ed690563fd82fa57,"release-3.54.1-01, release-3.55.0-01",components.nexus-supportzip-api.src.test.java.org.sonatype.nexus.supportzip.PasswordSanitizingTest.java,False,True
sonatype/nexus-public,a7f3463deab64991136eae6aa29a720567c8862c,"release-3.55.0-01, release-3.56.0-01",components.nexus-repository-content.src.test.java.org.sonatype.nexus.repository.content.search.upgrade.SearchIndexUpgradeTest.java,False,True
sonatype/nexus-public,10f04459bacac4f9e5f0d90268a272293de4efa3,"release-3.56.0-01, release-3.57.0-01",components.nexus-repository-services.src.test.java.org.sonatype.nexus.repository.search.index.SearchUtilsTest.java,False,True
sonatype/nexus-public,10f04459bacac4f9e5f0d90268a272293de4efa3,"release-3.56.0-01, release-3.57.0-01",plugins.nexus-coreui-plugin.src.test.java.org.sonatype.nexus.coreui.internal.blobstore.BlobStoreUIResourceTest.java,False,True
sonatype/nexus-public,160947985fcec9dbd9cbb8da93cb55782ec13c54,"release-3.58.1-02, release-3.59.0-01",components.nexus-core.src.test.java.org.sonatype.nexus.internal.security.apikey.orient.OrientApiKeyStoreTest.java,False,True
sonatype/nexus-public,160947985fcec9dbd9cbb8da93cb55782ec13c54,"release-3.58.1-02, release-3.59.0-01",components.nexus-cleanup.src.test.java.org.sonatype.nexus.cleanup.internal.content.service.CleanupServiceImplTest.java,False,True
sonatype/nexus-public,160947985fcec9dbd9cbb8da93cb55782ec13c54,"release-3.58.1-02, release-3.59.0-01",components.nexus-common.src.test.java.org.sonatype.nexus.common.io.ObjectInputStreamWithClassLoaderTest.java,False,True
