App,SHA,Tag,TestFilePath,isRefactored,prediction
itext/itext7,f85e4990cc1967edca654b44cc70bac589144a8a,"7.0.0-RC.20160321, 7.0.0-RC.20160406",kernel.src.test.java.com.itextpdf.kernel.pdf.PdfDocumentTest.java,True,False
itext/itext7,f85e4990cc1967edca654b44cc70bac589144a8a,"7.0.0-RC.20160321, 7.0.0-RC.20160406",kernel.src.test.java.com.itextpdf.kernel.pdf.canvas.PdfFontTest.java,False,True
itext/itext7,ed042f3ff209ceb0a5571415937bb5aaba8bd5ff,"7.0.0-RC.20160406, 7.0.0",kernel.src.test.java.com.itextpdf.kernel.pdf.PdfReaderTest.java,True,True
itext/itext7,ed042f3ff209ceb0a5571415937bb5aaba8bd5ff,"7.0.0-RC.20160406, 7.0.0",kernel.src.test.java.com.itextpdf.kernel.pdf.PdfPagesTest.java,True,False
itext/itext7,ed042f3ff209ceb0a5571415937bb5aaba8bd5ff,"7.0.0-RC.20160406, 7.0.0",kernel.src.test.java.com.itextpdf.kernel.pdf.PdfExtGStateTest.java,True,False
itext/itext7,ed042f3ff209ceb0a5571415937bb5aaba8bd5ff,"7.0.0-RC.20160406, 7.0.0",kernel.src.test.java.com.itextpdf.kernel.pdf.PdfXObjectTest.java,False,True
itext/itext7,ed042f3ff209ceb0a5571415937bb5aaba8bd5ff,"7.0.0-RC.20160406, 7.0.0",kernel.src.test.java.com.itextpdf.kernel.pdf.PdfCanvasTest.java,True,True
itext/itext7,ed042f3ff209ceb0a5571415937bb5aaba8bd5ff,"7.0.0-RC.20160406, 7.0.0",kernel.src.test.java.com.itextpdf.kernel.pdf.PdfDocumentTest.java,True,True
itext/itext7,ed042f3ff209ceb0a5571415937bb5aaba8bd5ff,"7.0.0-RC.20160406, 7.0.0",kernel.src.test.java.com.itextpdf.kernel.utils.PdfSplitterTest.java,True,True
itext/itext7,ed042f3ff209ceb0a5571415937bb5aaba8bd5ff,"7.0.0-RC.20160406, 7.0.0",kernel.src.test.java.com.itextpdf.kernel.pdf.PdfOutlineTest.java,False,True
itext/itext7,ed042f3ff209ceb0a5571415937bb5aaba8bd5ff,"7.0.0-RC.20160406, 7.0.0",kernel.src.test.java.com.itextpdf.kernel.pdf.PdfStructElemTest.java,True,True
itext/itext7,ed042f3ff209ceb0a5571415937bb5aaba8bd5ff,"7.0.0-RC.20160406, 7.0.0",kernel.src.test.java.com.itextpdf.kernel.pdf.PdfAnnotationTest.java,True,True
itext/itext7,ed042f3ff209ceb0a5571415937bb5aaba8bd5ff,"7.0.0-RC.20160406, 7.0.0",kernel.src.test.java.com.itextpdf.kernel.pdf.canvas.parser.TextRenderInfoTest.java,False,False
itext/itext7,ed042f3ff209ceb0a5571415937bb5aaba8bd5ff,"7.0.0-RC.20160406, 7.0.0",kernel.src.test.java.com.itextpdf.kernel.pdf.canvas.parser.PdfCanvasProcessorTest.java,True,False
itext/itext7,ed042f3ff209ceb0a5571415937bb5aaba8bd5ff,"7.0.0-RC.20160406, 7.0.0",kernel.src.test.java.com.itextpdf.kernel.pdf.canvas.parser.GlyphTextEventListenerTest.java,False,False
itext/itext7,957b00125df344b46736914b210eb25b80c4894c,"7.0.0, 7.0.1",kernel.src.test.java.com.itextpdf.kernel.pdf.PdfDictionaryTest.java,True,True
itext/itext7,957b00125df344b46736914b210eb25b80c4894c,"7.0.0, 7.0.1",kernel.src.test.java.com.itextpdf.kernel.pdf.PdfArrayTest.java,False,True
itext/itext7,957b00125df344b46736914b210eb25b80c4894c,"7.0.0, 7.0.1",layout.src.test.java.com.itextpdf.layout.LinkTest.java,True,True
itext/itext7,957b00125df344b46736914b210eb25b80c4894c,"7.0.0, 7.0.1",kernel.src.test.java.com.itextpdf.kernel.pdf.PdfResourcesTest.java,True,False
itext/itext7,957b00125df344b46736914b210eb25b80c4894c,"7.0.0, 7.0.1",layout.src.test.java.com.itextpdf.layout.BorderTest.java,True,True
itext/itext7,957b00125df344b46736914b210eb25b80c4894c,"7.0.0, 7.0.1",kernel.src.test.java.com.itextpdf.kernel.pdf.PdfFontTest.java,True,False
itext/itext7,957b00125df344b46736914b210eb25b80c4894c,"7.0.0, 7.0.1",io.src.test.java.com.itextpdf.io.font.FontProgramTest.java,True,False
itext/itext7,957b00125df344b46736914b210eb25b80c4894c,"7.0.0, 7.0.1",layout.src.test.java.com.itextpdf.layout.LineSeparatorTest.java,False,False
itext/itext7,957b00125df344b46736914b210eb25b80c4894c,"7.0.0, 7.0.1",kernel.src.test.java.com.itextpdf.kernel.pdf.PdfEncryptionTest.java,True,True
itext/itext7,957b00125df344b46736914b210eb25b80c4894c,"7.0.0, 7.0.1",kernel.src.test.java.com.itextpdf.kernel.pdf.PdfAnnotationTest.java,True,True
itext/itext7,957b00125df344b46736914b210eb25b80c4894c,"7.0.0, 7.0.1",forms.src.test.java.com.itextpdf.forms.PdfFormFieldTest.java,True,True
itext/itext7,957b00125df344b46736914b210eb25b80c4894c,"7.0.0, 7.0.1",barcodes.src.test.java.com.itextpdf.barcodes.Barcode39Test.java,True,False
itext/itext7,957b00125df344b46736914b210eb25b80c4894c,"7.0.0, 7.0.1",layout.src.test.java.com.itextpdf.layout.TableTest.java,True,True
itext/itext7,957b00125df344b46736914b210eb25b80c4894c,"7.0.0, 7.0.1",kernel.src.test.java.com.itextpdf.kernel.pdf.PdfWriterTest.java,True,False
itext/itext7,957b00125df344b46736914b210eb25b80c4894c,"7.0.0, 7.0.1",kernel.src.test.java.com.itextpdf.kernel.pdf.PdfStructElemTest.java,False,True
itext/itext7,957b00125df344b46736914b210eb25b80c4894c,"7.0.0, 7.0.1",kernel.src.test.java.com.itextpdf.kernel.pdf.PdfReaderTest.java,True,True
itext/itext7,957b00125df344b46736914b210eb25b80c4894c,"7.0.0, 7.0.1",kernel.src.test.java.com.itextpdf.kernel.pdf.PdfObjectTest.java,True,False
itext/itext7,957b00125df344b46736914b210eb25b80c4894c,"7.0.0, 7.0.1",kernel.src.test.java.com.itextpdf.kernel.pdf.PdfExtGStateTest.java,False,False
itext/itext7,957b00125df344b46736914b210eb25b80c4894c,"7.0.0, 7.0.1",kernel.src.test.java.com.itextpdf.kernel.pdf.PdfDocumentTest.java,True,True
itext/itext7,957b00125df344b46736914b210eb25b80c4894c,"7.0.0, 7.0.1",kernel.src.test.java.com.itextpdf.kernel.pdf.PdfCanvasTest.java,True,True
itext/itext7,957b00125df344b46736914b210eb25b80c4894c,"7.0.0, 7.0.1",kernel.src.test.java.com.itextpdf.kernel.utils.CompareToolTest.java,True,False
itext/itext7,957b00125df344b46736914b210eb25b80c4894c,"7.0.0, 7.0.1",kernel.src.test.java.com.itextpdf.kernel.pdf.PdfOutlineTest.java,True,True
itext/itext7,957b00125df344b46736914b210eb25b80c4894c,"7.0.0, 7.0.1",kernel.src.test.java.com.itextpdf.kernel.utils.PdfSplitterTest.java,True,False
itext/itext7,14deebcced2af988fb16a4ce7ccd90378b04d9dc,"7.0.1, 7.0.2",kernel.src.test.java.com.itextpdf.kernel.pdf.PdfStreamTest.java,True,True
itext/itext7,14deebcced2af988fb16a4ce7ccd90378b04d9dc,"7.0.1, 7.0.2",kernel.src.test.java.com.itextpdf.kernel.pdf.PdfNameTest.java,True,True
itext/itext7,14deebcced2af988fb16a4ce7ccd90378b04d9dc,"7.0.1, 7.0.2",kernel.src.test.java.com.itextpdf.kernel.pdf.PdfDictionaryTest.java,True,False
itext/itext7,14deebcced2af988fb16a4ce7ccd90378b04d9dc,"7.0.1, 7.0.2",kernel.src.test.java.com.itextpdf.kernel.pdf.PdfArrayTest.java,True,False
itext/itext7,14deebcced2af988fb16a4ce7ccd90378b04d9dc,"7.0.1, 7.0.2",layout.src.test.java.com.itextpdf.layout.BorderTest.java,True,True
itext/itext7,14deebcced2af988fb16a4ce7ccd90378b04d9dc,"7.0.1, 7.0.2",layout.src.test.java.com.itextpdf.layout.ImageTest.java,True,False
itext/itext7,14deebcced2af988fb16a4ce7ccd90378b04d9dc,"7.0.1, 7.0.2",kernel.src.test.java.com.itextpdf.kernel.pdf.PdfFontTest.java,True,True
itext/itext7,14deebcced2af988fb16a4ce7ccd90378b04d9dc,"7.0.1, 7.0.2",layout.src.test.java.com.itextpdf.layout.FontSelectorTest.java,True,False
itext/itext7,14deebcced2af988fb16a4ce7ccd90378b04d9dc,"7.0.1, 7.0.2",layout.src.test.java.com.itextpdf.layout.TableTest.java,True,False
itext/itext7,14deebcced2af988fb16a4ce7ccd90378b04d9dc,"7.0.1, 7.0.2",layout.src.test.java.com.itextpdf.layout.ListTest.java,True,False
itext/itext7,14deebcced2af988fb16a4ce7ccd90378b04d9dc,"7.0.1, 7.0.2",kernel.src.test.java.com.itextpdf.kernel.pdf.PdfReaderTest.java,False,True
itext/itext7,14deebcced2af988fb16a4ce7ccd90378b04d9dc,"7.0.1, 7.0.2",kernel.src.test.java.com.itextpdf.kernel.pdf.canvas.parser.TextRenderInfoTest.java,True,False
itext/itext7,14deebcced2af988fb16a4ce7ccd90378b04d9dc,"7.0.1, 7.0.2",kernel.src.test.java.com.itextpdf.kernel.utils.CompareToolTest.java,True,False
itext/itext7,c30f5cad361192a1961ba7c3992cc018d37cc291,"7.0.2, 7.0.3",sign.src.test.java.com.itextpdf.signatures.verify.LtvVerifierTest.java,True,False
itext/itext7,c30f5cad361192a1961ba7c3992cc018d37cc291,"7.0.2, 7.0.3",layout.src.test.java.com.itextpdf.layout.TableTest.java,True,True
itext/itext7,c30f5cad361192a1961ba7c3992cc018d37cc291,"7.0.2, 7.0.3",kernel.src.test.java.com.itextpdf.kernel.pdf.PdfEncryptionTest.java,True,False
itext/itext7,c30f5cad361192a1961ba7c3992cc018d37cc291,"7.0.2, 7.0.3",layout.src.test.java.com.itextpdf.layout.FontSelectorTest.java,True,False
itext/itext7,c30f5cad361192a1961ba7c3992cc018d37cc291,"7.0.2, 7.0.3",layout.src.test.java.com.itextpdf.layout.AreaBreakTest.java,False,False
itext/itext7,7d045d4790a787e214dd45982f100e2fab45f11d,"7.0.3, 7.0.4",layout.src.test.java.com.itextpdf.layout.TableTest.java,True,True
itext/itext7,7d045d4790a787e214dd45982f100e2fab45f11d,"7.0.3, 7.0.4",forms.src.test.java.com.itextpdf.forms.PdfFormFieldTest.java,False,True
itext/itext7,7d045d4790a787e214dd45982f100e2fab45f11d,"7.0.3, 7.0.4",layout.src.test.java.com.itextpdf.layout.renderer.TextRendererTest.java,True,False
itext/itext7,7d045d4790a787e214dd45982f100e2fab45f11d,"7.0.3, 7.0.4",layout.src.test.java.com.itextpdf.layout.LinkTest.java,True,True
itext/itext7,1ad59bf4cecf96012a3dcb0af61ab7da2124e571,"7.0.4, 7.0.5",layout.src.test.java.com.itextpdf.layout.ImageTest.java,True,True
itext/itext7,1ad59bf4cecf96012a3dcb0af61ab7da2124e571,"7.0.4, 7.0.5",kernel.src.test.java.com.itextpdf.kernel.pdf.PdfEncryptionTest.java,True,False
itext/itext7,1ad59bf4cecf96012a3dcb0af61ab7da2124e571,"7.0.4, 7.0.5",kernel.src.test.java.com.itextpdf.kernel.geom.RectangleTest.java,True,True
itext/itext7,1ad59bf4cecf96012a3dcb0af61ab7da2124e571,"7.0.4, 7.0.5",kernel.src.test.java.com.itextpdf.kernel.pdf.PdfReaderTest.java,True,True
itext/itext7,1ad59bf4cecf96012a3dcb0af61ab7da2124e571,"7.0.4, 7.0.5",kernel.src.test.java.com.itextpdf.kernel.pdf.PdfPagesTest.java,True,False
itext/itext7,1ad59bf4cecf96012a3dcb0af61ab7da2124e571,"7.0.4, 7.0.5",kernel.src.test.java.com.itextpdf.kernel.pdf.PdfOutlineTest.java,True,False
itext/itext7,1ad59bf4cecf96012a3dcb0af61ab7da2124e571,"7.0.4, 7.0.5",kernel.src.test.java.com.itextpdf.kernel.pdf.PdfDocumentTest.java,True,False
itext/itext7,1ad59bf4cecf96012a3dcb0af61ab7da2124e571,"7.0.4, 7.0.5",kernel.src.test.java.com.itextpdf.kernel.pdf.PdfFontTest.java,True,True
itext/itext7,1ad59bf4cecf96012a3dcb0af61ab7da2124e571,"7.0.4, 7.0.5",layout.src.test.java.com.itextpdf.layout.ListTest.java,True,True
itext/itext7,dcb33bde1bab5a7933d616290f4298d7b0488960,"7.0.5, 7.0.6",kernel.src.test.java.com.itextpdf.kernel.pdf.canvas.parser.TextRenderInfoTest.java,True,False
itext/itext7,dcb33bde1bab5a7933d616290f4298d7b0488960,"7.0.5, 7.0.6",io.src.test.java.com.itextpdf.io.font.FontProgramTest.java,True,True
itext/itext7,0070b693f9eb39c60c81995f56731bcac9b30db1,"7.0.6, 7.0.7",kernel.src.test.java.com.itextpdf.kernel.pdf.canvas.parser.listener.RegexBasedLocationExtractionStrategyTest.java,True,True
itext/itext7,ee44c22a1902fa97207a6036f3b4d83e98585195,"7.1.0, 7.1.1",kernel.src.test.java.com.itextpdf.kernel.utils.TaggedPdfReaderToolTest.java,False,False
itext/itext7,ee44c22a1902fa97207a6036f3b4d83e98585195,"7.1.0, 7.1.1",layout.src.test.java.com.itextpdf.layout.ImageTest.java,True,True
itext/itext7,ee44c22a1902fa97207a6036f3b4d83e98585195,"7.1.0, 7.1.1",kernel.src.test.java.com.itextpdf.kernel.pdf.canvas.parser.TextRenderInfoTest.java,True,False
itext/itext7,ee44c22a1902fa97207a6036f3b4d83e98585195,"7.1.0, 7.1.1",kernel.src.test.java.com.itextpdf.kernel.pdf.PdfOutlineTest.java,True,True
itext/itext7,cbe00664cca259c7e241ef23f5444e7f79434130,"7.1.3, 7.1.4",layout.src.test.java.com.itextpdf.layout.FontSelectorTest.java,True,True
itext/itext7,cbe00664cca259c7e241ef23f5444e7f79434130,"7.1.3, 7.1.4",styled-xml-parser.src.test.java.com.itextpdf.styledxmlparser.resolver.resource.ResourceResolverTest.java,True,True
itext/itext7,6428f0c9d4d6cc2ab1e221e5ab3adec26ef33dc7,"7.1.4, 7.1.5",forms.src.test.java.com.itextpdf.forms.PdfFormFieldTest.java,False,False
itext/itext7,6428f0c9d4d6cc2ab1e221e5ab3adec26ef33dc7,"7.1.4, 7.1.5",svg.src.test.java.com.itextpdf.svg.renderers.impl.PathSvgNodeRendererTest.java,True,False
itext/itext7,6428f0c9d4d6cc2ab1e221e5ab3adec26ef33dc7,"7.1.4, 7.1.5",layout.src.test.java.com.itextpdf.layout.TableTest.java,True,True
itext/itext7,6428f0c9d4d6cc2ab1e221e5ab3adec26ef33dc7,"7.1.4, 7.1.5",styled-xml-parser.src.test.java.com.itextpdf.styledxmlparser.resolver.resource.UriResolverTest.java,True,False
itext/itext7,6428f0c9d4d6cc2ab1e221e5ab3adec26ef33dc7,"7.1.4, 7.1.5",styled-xml-parser.src.test.java.com.itextpdf.styledxmlparser.resolver.resource.ResourceResolverTest.java,True,False
itext/itext7,f0049ddc56ef8cdae4ca23caab74ebcdc27fa462,"7.1.5, 7.1.6",kernel.src.test.java.com.itextpdf.kernel.pdf.PdfNameTreeTest.java,False,False
itext/itext7,f0049ddc56ef8cdae4ca23caab74ebcdc27fa462,"7.1.5, 7.1.6",svg.src.test.java.com.itextpdf.svg.renderers.path.PathShapeMapperTest.java,True,True
itext/itext7,f0049ddc56ef8cdae4ca23caab74ebcdc27fa462,"7.1.5, 7.1.6",sign.src.test.java.com.itextpdf.signatures.sign.CrlClientOnlineTest.java,True,False
itext/itext7,f0049ddc56ef8cdae4ca23caab74ebcdc27fa462,"7.1.5, 7.1.6",layout.src.test.java.com.itextpdf.layout.ParagraphTest.java,True,False
itext/itext7,f82dfe14e6e10a576a965a37d2eb99f9555534c3,"7.1.6, 7.1.7",svg.src.test.java.com.itextpdf.svg.renderers.impl.LineSvgNodeRendererTest.java,True,False
itext/itext7,f82dfe14e6e10a576a965a37d2eb99f9555534c3,"7.1.6, 7.1.7",svg.src.test.java.com.itextpdf.svg.processors.impl.font.FontFaceTest.java,True,False
itext/itext7,f82dfe14e6e10a576a965a37d2eb99f9555534c3,"7.1.6, 7.1.7",svg.src.test.java.com.itextpdf.svg.css.SvgStyleResolverTest.java,True,False
itext/itext7,f82dfe14e6e10a576a965a37d2eb99f9555534c3,"7.1.6, 7.1.7",kernel.src.test.java.com.itextpdf.kernel.pdf.PdfCanvasTest.java,False,True
itext/itext7,f82dfe14e6e10a576a965a37d2eb99f9555534c3,"7.1.6, 7.1.7",forms.src.test.java.com.itextpdf.forms.PdfFormFieldTest.java,False,True
itext/itext7,f82dfe14e6e10a576a965a37d2eb99f9555534c3,"7.1.6, 7.1.7",kernel.src.test.java.com.itextpdf.kernel.pdf.PdfReaderTest.java,True,True
itext/itext7,98294ec7ba419f902530080504bb0778ef662407,"7.1.7, 7.1.8",svg.src.test.java.com.itextpdf.svg.css.SvgStyleResolverTest.java,True,True
itext/itext7,98294ec7ba419f902530080504bb0778ef662407,"7.1.7, 7.1.8",svg.src.test.java.com.itextpdf.svg.renderers.DefaultSvgNodeRendererFactoryTest.java,True,True
itext/itext7,9af0c8e52e0aaac9cc913738d2479b554615f556,"7.1.8, 7.1.9",svg.src.test.java.com.itextpdf.svg.renderers.impl.PathSvgNodeRendererTest.java,False,False
itext/itext7,9af0c8e52e0aaac9cc913738d2479b554615f556,"7.1.8, 7.1.9",kernel.src.test.java.com.itextpdf.kernel.pdf.canvas.parser.PdfCanvasProcessorTest.java,True,False
itext/itext7,9af0c8e52e0aaac9cc913738d2479b554615f556,"7.1.8, 7.1.9",kernel.src.test.java.com.itextpdf.kernel.pdf.PdfReaderTest.java,True,True
itext/itext7,9af0c8e52e0aaac9cc913738d2479b554615f556,"7.1.8, 7.1.9",kernel.src.test.java.com.itextpdf.kernel.pdf.PdfObjectTest.java,True,True
itext/itext7,9af0c8e52e0aaac9cc913738d2479b554615f556,"7.1.8, 7.1.9",forms.src.test.java.com.itextpdf.forms.XfdfReaderTest.java,True,False
itext/itext7,9af0c8e52e0aaac9cc913738d2479b554615f556,"7.1.8, 7.1.9",forms.src.test.java.com.itextpdf.forms.PdfFormFieldTest.java,True,True
itext/itext7,9af0c8e52e0aaac9cc913738d2479b554615f556,"7.1.8, 7.1.9",svg.src.test.java.com.itextpdf.svg.processors.impl.font.SvgFontProcessorTest.java,False,False
itext/itext7,9af0c8e52e0aaac9cc913738d2479b554615f556,"7.1.8, 7.1.9",styled-xml-parser.src.test.java.com.itextpdf.styledxmlparser.jsoup.parser.XmlTreeBuilderTest.java,False,True
itext/itext7,9af0c8e52e0aaac9cc913738d2479b554615f556,"7.1.8, 7.1.9",styled-xml-parser.src.test.java.com.itextpdf.styledxmlparser.jsoup.nodes.DocumentTest.java,False,False
itext/itext7,9af0c8e52e0aaac9cc913738d2479b554615f556,"7.1.8, 7.1.9",sign.src.test.java.com.itextpdf.signatures.sign.PdfSignatureAppearanceTest.java,False,True
itext/itext7,9af0c8e52e0aaac9cc913738d2479b554615f556,"7.1.8, 7.1.9",layout.src.test.java.com.itextpdf.layout.ListTest.java,True,True
itext/itext7,9af0c8e52e0aaac9cc913738d2479b554615f556,"7.1.8, 7.1.9",layout.src.test.java.com.itextpdf.layout.FontSelectorTest.java,False,True
itext/itext7,9af0c8e52e0aaac9cc913738d2479b554615f556,"7.1.8, 7.1.9",layout.src.test.java.com.itextpdf.layout.FontFamilySplitterTest.java,False,False
itext/itext7,9af0c8e52e0aaac9cc913738d2479b554615f556,"7.1.8, 7.1.9",kernel.src.test.java.com.itextpdf.kernel.utils.PdfSplitterTest.java,False,False
itext/itext7,9af0c8e52e0aaac9cc913738d2479b554615f556,"7.1.8, 7.1.9",kernel.src.test.java.com.itextpdf.kernel.utils.PdfMergerTest.java,False,False
itext/itext7,9af0c8e52e0aaac9cc913738d2479b554615f556,"7.1.8, 7.1.9",kernel.src.test.java.com.itextpdf.kernel.pdf.canvas.parser.FilteredTextEventListenerTest.java,False,False
itext/itext7,9af0c8e52e0aaac9cc913738d2479b554615f556,"7.1.8, 7.1.9",kernel.src.test.java.com.itextpdf.kernel.pdf.PdfStringTest.java,False,False
itext/itext7,9af0c8e52e0aaac9cc913738d2479b554615f556,"7.1.8, 7.1.9",kernel.src.test.java.com.itextpdf.kernel.pdf.PdfResourcesTest.java,False,True
itext/itext7,9af0c8e52e0aaac9cc913738d2479b554615f556,"7.1.8, 7.1.9",kernel.src.test.java.com.itextpdf.kernel.pdf.PdfPagesTest.java,False,False
itext/itext7,9af0c8e52e0aaac9cc913738d2479b554615f556,"7.1.8, 7.1.9",kernel.src.test.java.com.itextpdf.kernel.pdf.PdfOutlineTest.java,False,True
itext/itext7,9af0c8e52e0aaac9cc913738d2479b554615f556,"7.1.8, 7.1.9",kernel.src.test.java.com.itextpdf.kernel.pdf.PdfFontTest.java,True,True
itext/itext7,9af0c8e52e0aaac9cc913738d2479b554615f556,"7.1.8, 7.1.9",kernel.src.test.java.com.itextpdf.kernel.pdf.PdfDocumentTest.java,False,True
itext/itext7,9af0c8e52e0aaac9cc913738d2479b554615f556,"7.1.8, 7.1.9",kernel.src.test.java.com.itextpdf.kernel.pdf.PdfAnnotationTest.java,False,True
itext/itext7,9af0c8e52e0aaac9cc913738d2479b554615f556,"7.1.8, 7.1.9",kernel.src.test.java.com.itextpdf.kernel.geom.MatrixTest.java,False,False
itext/itext7,9af0c8e52e0aaac9cc913738d2479b554615f556,"7.1.8, 7.1.9",kernel.src.test.java.com.itextpdf.kernel.crypto.PdfEncryptionTest.java,False,False
itext/itext7,9af0c8e52e0aaac9cc913738d2479b554615f556,"7.1.8, 7.1.9",forms.src.test.java.com.itextpdf.forms.XfdfWriterTest.java,True,True
itext/itext7,9af0c8e52e0aaac9cc913738d2479b554615f556,"7.1.8, 7.1.9",kernel.src.test.java.com.itextpdf.kernel.counter.EventCounterHandlerTest.java,True,False
itext/itext7,a24ac93b3bfa127b8169e054cf6b63bc4d676dd0,"7.1.9, 7.1.10",svg.src.test.java.com.itextpdf.svg.processors.impl.font.FontFaceTest.java,True,False
itext/itext7,a24ac93b3bfa127b8169e054cf6b63bc4d676dd0,"7.1.9, 7.1.10",svg.src.test.java.com.itextpdf.svg.renderers.SvgDrawContextTest.java,False,False
itext/itext7,a24ac93b3bfa127b8169e054cf6b63bc4d676dd0,"7.1.9, 7.1.10",styled-xml-parser.src.test.java.com.itextpdf.styledxmlparser.css.util.CssUtilsTest.java,True,True
itext/itext7,a24ac93b3bfa127b8169e054cf6b63bc4d676dd0,"7.1.9, 7.1.10",kernel.src.test.java.com.itextpdf.kernel.pdf.canvas.PdfCanvasTest.java,True,False
itext/itext7,a24ac93b3bfa127b8169e054cf6b63bc4d676dd0,"7.1.9, 7.1.10",kernel.src.test.java.com.itextpdf.kernel.pdf.PdfPagesTest.java,False,False
itext/itext7,a24ac93b3bfa127b8169e054cf6b63bc4d676dd0,"7.1.9, 7.1.10",forms.src.test.java.com.itextpdf.forms.PdfFormFieldTest.java,True,True
itext/itext7,a24ac93b3bfa127b8169e054cf6b63bc4d676dd0,"7.1.9, 7.1.10",layout.src.test.java.com.itextpdf.layout.font.FontCharacteristicsUtilsTest.java,True,True
itext/itext7,a24ac93b3bfa127b8169e054cf6b63bc4d676dd0,"7.1.9, 7.1.10",layout.src.test.java.com.itextpdf.layout.font.FontCharacteristicsTest.java,True,False
itext/itext7,a24ac93b3bfa127b8169e054cf6b63bc4d676dd0,"7.1.9, 7.1.10",io.src.test.java.com.itextpdf.io.codec.brotli.dec.DictionaryTest.java,True,False
itext/itext7,4a35017a4c54a359825f213a11849563e4176237,"7.1.10, 7.1.11",svg.src.test.java.com.itextpdf.svg.utils.SvgCssUtilsTest.java,True,True
itext/itext7,4a35017a4c54a359825f213a11849563e4176237,"7.1.10, 7.1.11",layout.src.test.java.com.itextpdf.layout.property.TransformTest.java,True,True
itext/itext7,4a35017a4c54a359825f213a11849563e4176237,"7.1.10, 7.1.11",kernel.src.test.java.com.itextpdf.kernel.pdf.canvas.parser.util.PdfCanvasParserTest.java,True,True
itext/itext7,4a35017a4c54a359825f213a11849563e4176237,"7.1.10, 7.1.11",kernel.src.test.java.com.itextpdf.kernel.pdf.PdfStructElemTest.java,True,False
itext/itext7,4a35017a4c54a359825f213a11849563e4176237,"7.1.10, 7.1.11",layout.src.test.java.com.itextpdf.layout.renderer.TableRendererTest.java,True,False
itext/itext7,4a35017a4c54a359825f213a11849563e4176237,"7.1.10, 7.1.11",forms.src.test.java.com.itextpdf.forms.PdfFormFieldTest.java,True,True
itext/itext7,4a35017a4c54a359825f213a11849563e4176237,"7.1.10, 7.1.11",kernel.src.test.java.com.itextpdf.kernel.pdf.canvas.parser.PdfCanvasProcessorTest.java,True,True
itext/itext7,bdddc6196f490f3299fc385fd341705544f83035,"7.1.11, 7.1.12",forms.src.test.java.com.itextpdf.forms.PdfFormFieldTest.java,True,False
itext/itext7,bdddc6196f490f3299fc385fd341705544f83035,"7.1.11, 7.1.12",pdfa.src.test.java.com.itextpdf.pdfa.checker.PdfA2CheckerTest.java,True,True
itext/itext7,bdddc6196f490f3299fc385fd341705544f83035,"7.1.11, 7.1.12",pdfa.src.test.java.com.itextpdf.pdfa.checker.PdfA1CheckerTest.java,True,False
itext/itext7,bdddc6196f490f3299fc385fd341705544f83035,"7.1.11, 7.1.12",kernel.src.test.java.com.itextpdf.kernel.pdf.PdfStreamTest.java,True,False
itext/itext7,bdddc6196f490f3299fc385fd341705544f83035,"7.1.11, 7.1.12",styled-xml-parser.src.test.java.com.itextpdf.styledxmlparser.css.util.CssGradientUtilTest.java,False,True
itext/itext7,bdddc6196f490f3299fc385fd341705544f83035,"7.1.11, 7.1.12",layout.src.test.java.com.itextpdf.layout.BackgroundImageTest.java,True,True
itext/itext7,bdddc6196f490f3299fc385fd341705544f83035,"7.1.11, 7.1.12",kernel.src.test.java.com.itextpdf.kernel.utils.CompareToolTest.java,True,False
itext/itext7,bdddc6196f490f3299fc385fd341705544f83035,"7.1.11, 7.1.12",kernel.src.test.java.com.itextpdf.kernel.pdf.PdfPagesTest.java,False,False
itext/itext7,f5b3c77e2d98f434883f2dac71d966c936b8cff7,"7.1.12, 7.1.13",styled-xml-parser.src.test.java.com.itextpdf.styledxmlparser.css.resolve.shorthand.BackgroundShorthandResolverTest.java,True,False
itext/itext7,1fa00c6c745e0de734f7efaf5166223fb4137290,"7.1.13, 7.1.14",svg.src.test.java.com.itextpdf.svg.utils.SvgCoordinateUtilsTest.java,False,True
itext/itext7,1fa00c6c745e0de734f7efaf5166223fb4137290,"7.1.13, 7.1.14",styled-xml-parser.src.test.java.com.itextpdf.styledxmlparser.resolver.resource.ResourceResolverTest.java,True,False
itext/itext7,1fa00c6c745e0de734f7efaf5166223fb4137290,"7.1.13, 7.1.14",sign.src.test.java.com.itextpdf.signatures.SignaturePolicyInfoTest.java,False,False
itext/itext7,1fa00c6c745e0de734f7efaf5166223fb4137290,"7.1.13, 7.1.14",layout.src.test.java.com.itextpdf.layout.renderer.TargetCounterHandlerTest.java,True,True
itext/itext7,1fa00c6c745e0de734f7efaf5166223fb4137290,"7.1.13, 7.1.14",styled-xml-parser.src.test.java.com.itextpdf.styledxmlparser.css.util.CssUtilsTest.java,True,True
itext/itext7,1fa00c6c745e0de734f7efaf5166223fb4137290,"7.1.13, 7.1.14",layout.src.test.java.com.itextpdf.layout.ParagraphTest.java,False,False
itext/itext7,1fa00c6c745e0de734f7efaf5166223fb4137290,"7.1.13, 7.1.14",svg.src.test.java.com.itextpdf.svg.renderers.impl.LinearGradientSvgNodeRendererTest.java,True,True
itext/itext7,bf84f8ad1855b4b4bc1f41838db979930e473537,"7.1.14, 7.1.15",layout.src.test.java.com.itextpdf.layout.renderer.FlexUtilTest.java,True,False
itext/itext7,bf84f8ad1855b4b4bc1f41838db979930e473537,"7.1.14, 7.1.15",layout.src.test.java.com.itextpdf.layout.element.FlexContainerTest.java,False,True
itext/itext7,bf84f8ad1855b4b4bc1f41838db979930e473537,"7.1.14, 7.1.15",io.src.test.java.com.itextpdf.io.font.otf.GposLookupType1Test.java,False,False
itext/itext7,bf84f8ad1855b4b4bc1f41838db979930e473537,"7.1.14, 7.1.15",kernel.src.test.java.com.itextpdf.kernel.pdf.PdfDocumentTest.java,True,True
itext/itext7,bf84f8ad1855b4b4bc1f41838db979930e473537,"7.1.14, 7.1.15",kernel.src.test.java.com.itextpdf.kernel.pdf.PdfFontTest.java,True,True
itext/itext7,bf84f8ad1855b4b4bc1f41838db979930e473537,"7.1.14, 7.1.15",kernel.src.test.java.com.itextpdf.kernel.font.PdfType3FontTest.java,True,False
itext/itext7,bf84f8ad1855b4b4bc1f41838db979930e473537,"7.1.14, 7.1.15",styled-xml-parser.src.test.java.com.itextpdf.styledxmlparser.jsoup.nodes.DocumentTypeTest.java,True,False
itext/itext7,bf84f8ad1855b4b4bc1f41838db979930e473537,"7.1.14, 7.1.15",styled-xml-parser.src.test.java.com.itextpdf.styledxmlparser.css.validate.CssNumericValueValidatorTest.java,True,False
itext/itext7,bf84f8ad1855b4b4bc1f41838db979930e473537,"7.1.14, 7.1.15",styled-xml-parser.src.test.java.com.itextpdf.styledxmlparser.css.resolve.shorthand.FlexShorthandResolverTest.java,True,True
itext/itext7,bf84f8ad1855b4b4bc1f41838db979930e473537,"7.1.14, 7.1.15",styled-xml-parser.src.test.java.com.itextpdf.styledxmlparser.css.resolve.shorthand.FlexFlowShorthandResolverTest.java,True,False
itext/itext7,bf84f8ad1855b4b4bc1f41838db979930e473537,"7.1.14, 7.1.15",styled-xml-parser.src.test.java.com.itextpdf.styledxmlparser.css.resolve.shorthand.PlaceItemsShorthandResolverTest.java,True,False
itext/itext7,bf84f8ad1855b4b4bc1f41838db979930e473537,"7.1.14, 7.1.15",styled-xml-parser.src.test.java.com.itextpdf.styledxmlparser.css.resolve.shorthand.GapShorthandResolverTest.java,True,False
itext/itext7,bf84f8ad1855b4b4bc1f41838db979930e473537,"7.1.14, 7.1.15",kernel.src.test.java.com.itextpdf.kernel.pdf.PdfOutlineTest.java,True,False
itext/itext7,87fffa660cc7f5a78d9ae4830eb84074dd64fa04,"7.1.15, 7.1.16",layout.src.test.java.com.itextpdf.layout.renderer.TargetCounterHandlerTest.java,False,False
itext/itext7,87fffa660cc7f5a78d9ae4830eb84074dd64fa04,"7.1.15, 7.1.16",layout.src.test.java.com.itextpdf.layout.renderer.TextRendererTest.java,True,True
itext/itext7,87fffa660cc7f5a78d9ae4830eb84074dd64fa04,"7.1.15, 7.1.16",io.src.test.java.com.itextpdf.io.util.GhostscriptHelperTest.java,True,True
itext/itext7,87fffa660cc7f5a78d9ae4830eb84074dd64fa04,"7.1.15, 7.1.16",svg.src.test.java.com.itextpdf.svg.utils.TransformUtilsTest.java,True,False
itext/itext7,87fffa660cc7f5a78d9ae4830eb84074dd64fa04,"7.1.15, 7.1.16",svg.src.test.java.com.itextpdf.svg.renderers.impl.PolylineSvgNodeRendererTest.java,True,False
itext/itext7,87fffa660cc7f5a78d9ae4830eb84074dd64fa04,"7.1.15, 7.1.16",svg.src.test.java.com.itextpdf.svg.renderers.SvgDrawContextTest.java,True,False
itext/itext7,87fffa660cc7f5a78d9ae4830eb84074dd64fa04,"7.1.15, 7.1.16",svg.src.test.java.com.itextpdf.svg.renderers.DefaultSvgNodeRendererFactoryTest.java,True,False
itext/itext7,87fffa660cc7f5a78d9ae4830eb84074dd64fa04,"7.1.15, 7.1.16",svg.src.test.java.com.itextpdf.svg.processors.ProcessorStateTest.java,True,False
itext/itext7,87fffa660cc7f5a78d9ae4830eb84074dd64fa04,"7.1.15, 7.1.16",styled-xml-parser.src.test.java.com.itextpdf.styledxmlparser.resolver.resource.ResourceResolverTest.java,True,True
itext/itext7,87fffa660cc7f5a78d9ae4830eb84074dd64fa04,"7.1.15, 7.1.16",styled-xml-parser.src.test.java.com.itextpdf.styledxmlparser.resolver.resource.LimitedInputStreamTest.java,True,False
itext/itext7,87fffa660cc7f5a78d9ae4830eb84074dd64fa04,"7.1.15, 7.1.16",styled-xml-parser.src.test.java.com.itextpdf.styledxmlparser.css.pseudo.CssPseudoElementNodeTest.java,True,False
itext/itext7,87fffa660cc7f5a78d9ae4830eb84074dd64fa04,"7.1.15, 7.1.16",sign.src.test.java.com.itextpdf.signatures.sign.PdfSignatureAppearanceTest.java,True,True
itext/itext7,87fffa660cc7f5a78d9ae4830eb84074dd64fa04,"7.1.15, 7.1.16",sign.src.test.java.com.itextpdf.signatures.SignaturePolicyInfoTest.java,True,False
itext/itext7,87fffa660cc7f5a78d9ae4830eb84074dd64fa04,"7.1.15, 7.1.16",layout.src.test.java.com.itextpdf.layout.font.RangeTest.java,True,True
itext/itext7,87fffa660cc7f5a78d9ae4830eb84074dd64fa04,"7.1.15, 7.1.16",layout.src.test.java.com.itextpdf.layout.FontProviderTest.java,True,False
itext/itext7,87fffa660cc7f5a78d9ae4830eb84074dd64fa04,"7.1.15, 7.1.16",layout.src.test.java.com.itextpdf.layout.CanvasTest.java,True,False
itext/itext7,87fffa660cc7f5a78d9ae4830eb84074dd64fa04,"7.1.15, 7.1.16",kernel.src.test.java.com.itextpdf.kernel.pdf.colorspace.PdfShadingTest.java,True,False
itext/itext7,87fffa660cc7f5a78d9ae4830eb84074dd64fa04,"7.1.15, 7.1.16",kernel.src.test.java.com.itextpdf.kernel.pdf.collection.PdfCollectionFieldTest.java,True,False
itext/itext7,87fffa660cc7f5a78d9ae4830eb84074dd64fa04,"7.1.15, 7.1.16",kernel.src.test.java.com.itextpdf.kernel.pdf.canvas.parser.clipper.PolyNodeTest.java,True,False
itext/itext7,87fffa660cc7f5a78d9ae4830eb84074dd64fa04,"7.1.15, 7.1.16",kernel.src.test.java.com.itextpdf.kernel.pdf.PdfStreamTest.java,True,False
itext/itext7,87fffa660cc7f5a78d9ae4830eb84074dd64fa04,"7.1.15, 7.1.16",kernel.src.test.java.com.itextpdf.kernel.pdf.PdfReaderTest.java,True,True
itext/itext7,87fffa660cc7f5a78d9ae4830eb84074dd64fa04,"7.1.15, 7.1.16",kernel.src.test.java.com.itextpdf.kernel.pdf.PdfPagesTest.java,True,False
itext/itext7,87fffa660cc7f5a78d9ae4830eb84074dd64fa04,"7.1.15, 7.1.16",kernel.src.test.java.com.itextpdf.kernel.pdf.PdfOutlineTest.java,True,False
itext/itext7,87fffa660cc7f5a78d9ae4830eb84074dd64fa04,"7.1.15, 7.1.16",kernel.src.test.java.com.itextpdf.kernel.pdf.MemoryLimitsAwareOutputStreamTest.java,True,False
itext/itext7,87fffa660cc7f5a78d9ae4830eb84074dd64fa04,"7.1.15, 7.1.16",kernel.src.test.java.com.itextpdf.kernel.font.PdfType0FontTest.java,True,True
itext/itext7,87fffa660cc7f5a78d9ae4830eb84074dd64fa04,"7.1.15, 7.1.16",kernel.src.test.java.com.itextpdf.kernel.font.PdfFontFactoryTest.java,True,False
itext/itext7,87fffa660cc7f5a78d9ae4830eb84074dd64fa04,"7.1.15, 7.1.16",kernel.src.test.java.com.itextpdf.kernel.crypto.PdfEncryptionTest.java,True,True
itext/itext7,87fffa660cc7f5a78d9ae4830eb84074dd64fa04,"7.1.15, 7.1.16",kernel.src.test.java.com.itextpdf.kernel.counter.DataHandlerCounterTest.java,True,False
itext/itext7,87fffa660cc7f5a78d9ae4830eb84074dd64fa04,"7.1.15, 7.1.16",kernel.src.test.java.com.itextpdf.kernel.colors.ColorTest.java,True,False
itext/itext7,87fffa660cc7f5a78d9ae4830eb84074dd64fa04,"7.1.15, 7.1.16",kernel.src.test.java.com.itextpdf.kernel.VersionTest.java,True,False
itext/itext7,87fffa660cc7f5a78d9ae4830eb84074dd64fa04,"7.1.15, 7.1.16",io.src.test.java.com.itextpdf.io.util.ImageMagickHelperTest.java,True,True
itext/itext7,87fffa660cc7f5a78d9ae4830eb84074dd64fa04,"7.1.15, 7.1.16",io.src.test.java.com.itextpdf.io.image.ImageTypeDetectorTest.java,True,True
itext/itext7,87fffa660cc7f5a78d9ae4830eb84074dd64fa04,"7.1.15, 7.1.16",barcodes.src.test.java.com.itextpdf.barcodes.BarcodeDataMatrixTest.java,True,False
itext/itext7,87fffa660cc7f5a78d9ae4830eb84074dd64fa04,"7.1.15, 7.1.16",kernel.src.test.java.com.itextpdf.kernel.font.PdfType3FontTest.java,True,True
itext/itext7,87fffa660cc7f5a78d9ae4830eb84074dd64fa04,"7.1.15, 7.1.16",layout.src.test.java.com.itextpdf.layout.TableTest.java,True,True
itext/itext7,87fffa660cc7f5a78d9ae4830eb84074dd64fa04,"7.1.15, 7.1.16",layout.src.test.java.com.itextpdf.layout.FontSelectorTest.java,True,False
itext/itext7,87fffa660cc7f5a78d9ae4830eb84074dd64fa04,"7.1.15, 7.1.16",kernel.src.test.java.com.itextpdf.kernel.pdf.canvas.PdfCanvasTest.java,False,False
itext/itext7,a2746010d27536b68d60d53f81912d5a7c537b7e,"7.1.16, 7.1.17",kernel.src.test.java.com.itextpdf.kernel.pdf.PdfReaderTest.java,False,True
itext/itext7,a2746010d27536b68d60d53f81912d5a7c537b7e,"7.1.16, 7.1.17",io.src.test.java.com.itextpdf.io.util.GhostscriptHelperTest.java,True,False
itext/itext7,a2746010d27536b68d60d53f81912d5a7c537b7e,"7.1.16, 7.1.17",layout.src.test.java.com.itextpdf.layout.TableTest.java,True,True
itext/itext7,a2746010d27536b68d60d53f81912d5a7c537b7e,"7.1.16, 7.1.17",sign.src.test.java.com.itextpdf.signatures.sign.PdfSignatureAppearanceTest.java,True,False
itext/itext7,fe4462b9d6e4d9be26042dadae6d94ef5cf6fceb,"7.2.0, 7.2.1",commons.src.test.java.com.itextpdf.commons.actions.ProductEventHandlerTest.java,True,True
itext/itext7,fe4462b9d6e4d9be26042dadae6d94ef5cf6fceb,"7.2.0, 7.2.1",layout.src.test.java.com.itextpdf.layout.properties.BackgroundImageTest.java,True,True
itext/itext7,fe4462b9d6e4d9be26042dadae6d94ef5cf6fceb,"7.2.0, 7.2.1",layout.src.test.java.com.itextpdf.layout.element.FlexContainerTest.java,True,False
itext/itext7,fe4462b9d6e4d9be26042dadae6d94ef5cf6fceb,"7.2.0, 7.2.1",layout.src.test.java.com.itextpdf.layout.TableTest.java,True,True
itext/itext7,fe4462b9d6e4d9be26042dadae6d94ef5cf6fceb,"7.2.0, 7.2.1",layout.src.test.java.com.itextpdf.layout.ListTest.java,True,False
itext/itext7,fe4462b9d6e4d9be26042dadae6d94ef5cf6fceb,"7.2.0, 7.2.1",layout.src.test.java.com.itextpdf.layout.LinkTest.java,True,False
itext/itext7,fe4462b9d6e4d9be26042dadae6d94ef5cf6fceb,"7.2.0, 7.2.1",layout.src.test.java.com.itextpdf.layout.ImageTest.java,True,True
itext/itext7,fe4462b9d6e4d9be26042dadae6d94ef5cf6fceb,"7.2.0, 7.2.1",layout.src.test.java.com.itextpdf.layout.BorderTest.java,True,False
itext/itext7,fe4462b9d6e4d9be26042dadae6d94ef5cf6fceb,"7.2.0, 7.2.1",kernel.src.test.java.com.itextpdf.kernel.utils.PdfMergerTest.java,True,False
itext/itext7,a4ee38636686ea328e467ed72814d14fc23db35c,"7.2.1, 7.2.2-android",io.src.test.java.com.itextpdf.io.util.UrlUtilTest.java,True,True
itext/itext7,a4ee38636686ea328e467ed72814d14fc23db35c,"7.2.1, 7.2.2-android",styled-xml-parser.src.test.java.com.itextpdf.styledxmlparser.resolver.resource.UriResolverTest.java,True,True
itext/itext7,a4ee38636686ea328e467ed72814d14fc23db35c,"7.2.1, 7.2.2-android",styled-xml-parser.src.test.java.com.itextpdf.styledxmlparser.resolver.resource.ResourceResolverTest.java,True,False
itext/itext7,a4ee38636686ea328e467ed72814d14fc23db35c,"7.2.1, 7.2.2-android",kernel.src.test.java.com.itextpdf.kernel.pdf.PdfStreamTest.java,True,False
itext/itext7,a4ee38636686ea328e467ed72814d14fc23db35c,"7.2.1, 7.2.2-android",commons.src.test.java.com.itextpdf.commons.utils.SystemUtilTest.java,True,False
itext/itext7,a4ee38636686ea328e467ed72814d14fc23db35c,"7.2.1, 7.2.2-android",kernel.src.test.java.com.itextpdf.kernel.colors.DeviceRgbTest.java,False,True
itext/itext7,a4ee38636686ea328e467ed72814d14fc23db35c,"7.2.1, 7.2.2-android",barcodes.src.test.java.com.itextpdf.barcodes.BarcodePDF417Test.java,False,True
itext/itext7,a4ee38636686ea328e467ed72814d14fc23db35c,"7.2.1, 7.2.2-android",commons.src.test.java.com.itextpdf.commons.utils.MessageFormatUtilTest.java,True,False
itext/itext7,a4ee38636686ea328e467ed72814d14fc23db35c,"7.2.1, 7.2.2-android",styled-xml-parser.src.test.java.com.itextpdf.styledxmlparser.jsoup.nodes.NodeTest.java,True,True
itext/itext7,a4ee38636686ea328e467ed72814d14fc23db35c,"7.2.1, 7.2.2-android",layout.src.test.java.com.itextpdf.layout.renderer.BlockRendererTest.java,False,False
itext/itext7,a4ee38636686ea328e467ed72814d14fc23db35c,"7.2.1, 7.2.2-android",styled-xml-parser.src.test.java.com.itextpdf.styledxmlparser.css.util.CssPropertyNormalizerTest.java,False,False
itext/itext7,a4ee38636686ea328e467ed72814d14fc23db35c,"7.2.1, 7.2.2-android",kernel.src.test.java.com.itextpdf.kernel.utils.PageRangeTest.java,False,True
itext/itext7,a4ee38636686ea328e467ed72814d14fc23db35c,"7.2.1, 7.2.2-android",kernel.src.test.java.com.itextpdf.kernel.pdf.canvas.PdfCanvasTest.java,True,True
itext/itext7,a4ee38636686ea328e467ed72814d14fc23db35c,"7.2.1, 7.2.2-android",kernel.src.test.java.com.itextpdf.kernel.pdf.PdfFontTest.java,False,True
itext/itext7,a4ee38636686ea328e467ed72814d14fc23db35c,"7.2.1, 7.2.2-android",kernel.src.test.java.com.itextpdf.kernel.font.PdfType0FontTest.java,False,True
itext/itext7,a4ee38636686ea328e467ed72814d14fc23db35c,"7.2.1, 7.2.2-android",kernel.src.test.java.com.itextpdf.kernel.pdf.xobject.PdfImageXObjectTest.java,False,True
itext/itext7,a4ee38636686ea328e467ed72814d14fc23db35c,"7.2.1, 7.2.2-android",svg.src.test.java.com.itextpdf.svg.css.SvgStyleResolverTest.java,True,False
itext/itext7,a4ee38636686ea328e467ed72814d14fc23db35c,"7.2.1, 7.2.2-android",sign.src.test.java.com.itextpdf.signatures.LtvVerificationTest.java,True,True
itext/itext7,a4ee38636686ea328e467ed72814d14fc23db35c,"7.2.1, 7.2.2-android",commons.src.test.java.com.itextpdf.commons.utils.DateTimeUtilTest.java,True,False
itext/itext7,a4ee38636686ea328e467ed72814d14fc23db35c,"7.2.1, 7.2.2-android",kernel.src.test.java.com.itextpdf.kernel.pdf.PdfReaderTest.java,False,True
itext/itext7,a4ee38636686ea328e467ed72814d14fc23db35c,"7.2.1, 7.2.2-android",kernel.src.test.java.com.itextpdf.kernel.actions.events.FlushPdfDocumentEventTest.java,False,False
itext/itext7,a4ee38636686ea328e467ed72814d14fc23db35c,"7.2.1, 7.2.2-android",kernel.src.test.java.com.itextpdf.kernel.actions.ProductEventHandlerTest.java,False,False
itext/itext7,a4ee38636686ea328e467ed72814d14fc23db35c,"7.2.1, 7.2.2-android",kernel.src.test.java.com.itextpdf.kernel.pdf.PdfPagesTest.java,True,False
itext/itext7,93b4a8bbefd609730604e2e1f53634bb773d7a9a,"7.2.2, 7.2.3-android",io.src.test.java.com.itextpdf.io.util.UrlUtilTest.java,True,True
itext/itext7,93b4a8bbefd609730604e2e1f53634bb773d7a9a,"7.2.2, 7.2.3-android",commons.src.test.java.com.itextpdf.commons.utils.JsonUtilTest.java,True,False
itext/itext7,93b4a8bbefd609730604e2e1f53634bb773d7a9a,"7.2.2, 7.2.3-android",styled-xml-parser.src.test.java.com.itextpdf.styledxmlparser.resolver.resource.UriResolverTest.java,True,True
itext/itext7,93b4a8bbefd609730604e2e1f53634bb773d7a9a,"7.2.2, 7.2.3-android",styled-xml-parser.src.test.java.com.itextpdf.styledxmlparser.resolver.resource.ResourceResolverTest.java,True,True
itext/itext7,93b4a8bbefd609730604e2e1f53634bb773d7a9a,"7.2.2, 7.2.3-android",kernel.src.test.java.com.itextpdf.kernel.pdf.PdfStreamTest.java,True,False
itext/itext7,93b4a8bbefd609730604e2e1f53634bb773d7a9a,"7.2.2, 7.2.3-android",commons.src.test.java.com.itextpdf.commons.utils.ZipFileWriterTest.java,True,False
itext/itext7,93b4a8bbefd609730604e2e1f53634bb773d7a9a,"7.2.2, 7.2.3-android",commons.src.test.java.com.itextpdf.commons.utils.ZipFileReaderTest.java,True,False
itext/itext7,93b4a8bbefd609730604e2e1f53634bb773d7a9a,"7.2.2, 7.2.3-android",commons.src.test.java.com.itextpdf.commons.utils.SystemUtilTest.java,True,True
itext/itext7,93b4a8bbefd609730604e2e1f53634bb773d7a9a,"7.2.2, 7.2.3-android",kernel.src.test.java.com.itextpdf.kernel.colors.DeviceRgbTest.java,False,True
itext/itext7,93b4a8bbefd609730604e2e1f53634bb773d7a9a,"7.2.2, 7.2.3-android",barcodes.src.test.java.com.itextpdf.barcodes.BarcodePDF417Test.java,False,True
itext/itext7,93b4a8bbefd609730604e2e1f53634bb773d7a9a,"7.2.2, 7.2.3-android",styled-xml-parser.src.test.java.com.itextpdf.styledxmlparser.css.util.CssDimensionParsingUtilsTest.java,False,False
itext/itext7,93b4a8bbefd609730604e2e1f53634bb773d7a9a,"7.2.2, 7.2.3-android",commons.src.test.java.com.itextpdf.commons.utils.MessageFormatUtilTest.java,True,False
itext/itext7,93b4a8bbefd609730604e2e1f53634bb773d7a9a,"7.2.2, 7.2.3-android",styled-xml-parser.src.test.java.com.itextpdf.styledxmlparser.jsoup.nodes.NodeTest.java,True,True
itext/itext7,93b4a8bbefd609730604e2e1f53634bb773d7a9a,"7.2.2, 7.2.3-android",layout.src.test.java.com.itextpdf.layout.renderer.BlockRendererTest.java,False,False
itext/itext7,93b4a8bbefd609730604e2e1f53634bb773d7a9a,"7.2.2, 7.2.3-android",styled-xml-parser.src.test.java.com.itextpdf.styledxmlparser.css.util.CssPropertyNormalizerTest.java,False,False
itext/itext7,93b4a8bbefd609730604e2e1f53634bb773d7a9a,"7.2.2, 7.2.3-android",kernel.src.test.java.com.itextpdf.kernel.utils.PageRangeTest.java,False,False
itext/itext7,93b4a8bbefd609730604e2e1f53634bb773d7a9a,"7.2.2, 7.2.3-android",kernel.src.test.java.com.itextpdf.kernel.pdf.canvas.PdfCanvasTest.java,True,True
itext/itext7,6b16bbb5bc61884dd929688dd2609f1d46d770fe,"7.2.3, 7.2.4-android",io.src.test.java.com.itextpdf.io.util.UrlUtilTest.java,True,True
itext/itext7,6b16bbb5bc61884dd929688dd2609f1d46d770fe,"7.2.3, 7.2.4-android",commons.src.test.java.com.itextpdf.commons.utils.JsonUtilTest.java,True,True
itext/itext7,6b16bbb5bc61884dd929688dd2609f1d46d770fe,"7.2.3, 7.2.4-android",styled-xml-parser.src.test.java.com.itextpdf.styledxmlparser.resolver.resource.UriResolverTest.java,True,True
itext/itext7,6b16bbb5bc61884dd929688dd2609f1d46d770fe,"7.2.3, 7.2.4-android",styled-xml-parser.src.test.java.com.itextpdf.styledxmlparser.resolver.resource.ResourceResolverTest.java,True,True
itext/itext7,6b16bbb5bc61884dd929688dd2609f1d46d770fe,"7.2.3, 7.2.4-android",kernel.src.test.java.com.itextpdf.kernel.pdf.PdfStreamTest.java,True,True
itext/itext7,6b16bbb5bc61884dd929688dd2609f1d46d770fe,"7.2.3, 7.2.4-android",commons.src.test.java.com.itextpdf.commons.utils.ZipFileWriterTest.java,True,True
itext/itext7,6b16bbb5bc61884dd929688dd2609f1d46d770fe,"7.2.3, 7.2.4-android",commons.src.test.java.com.itextpdf.commons.utils.ZipFileReaderTest.java,True,True
itext/itext7,6b16bbb5bc61884dd929688dd2609f1d46d770fe,"7.2.3, 7.2.4-android",commons.src.test.java.com.itextpdf.commons.utils.SystemUtilTest.java,True,False
itext/itext7,6b16bbb5bc61884dd929688dd2609f1d46d770fe,"7.2.3, 7.2.4-android",kernel.src.test.java.com.itextpdf.kernel.colors.DeviceRgbTest.java,False,False
itext/itext7,6b16bbb5bc61884dd929688dd2609f1d46d770fe,"7.2.3, 7.2.4-android",barcodes.src.test.java.com.itextpdf.barcodes.BarcodePDF417Test.java,False,False
itext/itext7,6b16bbb5bc61884dd929688dd2609f1d46d770fe,"7.2.3, 7.2.4-android",kernel.src.test.java.com.itextpdf.kernel.pdf.canvas.parser.TextRenderInfoTest.java,True,False
itext/itext7,6b16bbb5bc61884dd929688dd2609f1d46d770fe,"7.2.3, 7.2.4-android",kernel.src.test.java.com.itextpdf.kernel.pdf.PdfStructElemTest.java,False,False
itext/itext7,6b16bbb5bc61884dd929688dd2609f1d46d770fe,"7.2.3, 7.2.4-android",kernel.src.test.java.com.itextpdf.kernel.pdf.function.PdfFunctionFactoryTest.java,True,False
itext/itext7,6b16bbb5bc61884dd929688dd2609f1d46d770fe,"7.2.3, 7.2.4-android",kernel.src.test.java.com.itextpdf.kernel.pdf.function.BaseInputOutPutConvertorsTest.java,False,False
itext/itext7,6b16bbb5bc61884dd929688dd2609f1d46d770fe,"7.2.3, 7.2.4-android",styled-xml-parser.src.test.java.com.itextpdf.styledxmlparser.css.util.CssBackgroundUtilsTest.java,True,False
itext/itext7,6b16bbb5bc61884dd929688dd2609f1d46d770fe,"7.2.3, 7.2.4-android",kernel.src.test.java.com.itextpdf.kernel.pdf.colorspace.PdfShadingTest.java,True,True
itext/itext7,4bb7578f59dac311c7030f226ee6bbd66e9ecb4b,"7.2.4, 7.2.5-android",io.src.test.java.com.itextpdf.io.util.UrlUtilTest.java,True,True
itext/itext7,4bb7578f59dac311c7030f226ee6bbd66e9ecb4b,"7.2.4, 7.2.5-android",commons.src.test.java.com.itextpdf.commons.utils.JsonUtilTest.java,True,True
itext/itext7,4bb7578f59dac311c7030f226ee6bbd66e9ecb4b,"7.2.4, 7.2.5-android",styled-xml-parser.src.test.java.com.itextpdf.styledxmlparser.resolver.resource.UriResolverTest.java,True,True
itext/itext7,4bb7578f59dac311c7030f226ee6bbd66e9ecb4b,"7.2.4, 7.2.5-android",styled-xml-parser.src.test.java.com.itextpdf.styledxmlparser.resolver.resource.ResourceResolverTest.java,True,True
itext/itext7,4bb7578f59dac311c7030f226ee6bbd66e9ecb4b,"7.2.4, 7.2.5-android",kernel.src.test.java.com.itextpdf.kernel.pdf.PdfStreamTest.java,True,False
itext/itext7,4bb7578f59dac311c7030f226ee6bbd66e9ecb4b,"7.2.4, 7.2.5-android",commons.src.test.java.com.itextpdf.commons.utils.ZipFileWriterTest.java,True,True
itext/itext7,4bb7578f59dac311c7030f226ee6bbd66e9ecb4b,"7.2.4, 7.2.5-android",commons.src.test.java.com.itextpdf.commons.utils.ZipFileReaderTest.java,True,True
itext/itext7,4bb7578f59dac311c7030f226ee6bbd66e9ecb4b,"7.2.4, 7.2.5-android",commons.src.test.java.com.itextpdf.commons.utils.SystemUtilTest.java,True,False
itext/itext7,4bb7578f59dac311c7030f226ee6bbd66e9ecb4b,"7.2.4, 7.2.5-android",kernel.src.test.java.com.itextpdf.kernel.colors.DeviceRgbTest.java,False,True
itext/itext7,4bb7578f59dac311c7030f226ee6bbd66e9ecb4b,"7.2.4, 7.2.5-android",barcodes.src.test.java.com.itextpdf.barcodes.BarcodePDF417Test.java,False,True
itext/itext7,4bb7578f59dac311c7030f226ee6bbd66e9ecb4b,"7.2.4, 7.2.5-android",kernel.src.test.java.com.itextpdf.kernel.pdf.xobject.PdfImageXObjectTest.java,False,False
itext/itext7,4bb7578f59dac311c7030f226ee6bbd66e9ecb4b,"7.2.4, 7.2.5-android",layout.src.test.java.com.itextpdf.layout.element.FlexContainerTest.java,True,False
itext/itext7,4bb7578f59dac311c7030f226ee6bbd66e9ecb4b,"7.2.4, 7.2.5-android",layout.src.test.java.com.itextpdf.layout.ImageTest.java,True,False
itext/itext7,4bb7578f59dac311c7030f226ee6bbd66e9ecb4b,"7.2.4, 7.2.5-android",kernel.src.test.java.com.itextpdf.kernel.pdf.PdfPagesTest.java,False,False
itext/itext7,4bb7578f59dac311c7030f226ee6bbd66e9ecb4b,"7.2.4, 7.2.5-android",commons.src.test.java.com.itextpdf.commons.utils.DateTimeUtilTest.java,False,False
itext/itext7,4bb7578f59dac311c7030f226ee6bbd66e9ecb4b,"7.2.4, 7.2.5-android",kernel.src.test.java.com.itextpdf.kernel.utils.PdfMergerTest.java,False,False
itext/itext7,13943ad9d1bb17e7be1fd97dc296c1e71966e53e,"7.2.5, 8.0.0-android",styled-xml-parser.src.test.java.com.itextpdf.styledxmlparser.resolver.resource.UriResolverTest.java,True,True
itext/itext7,13943ad9d1bb17e7be1fd97dc296c1e71966e53e,"7.2.5, 8.0.0-android",styled-xml-parser.src.test.java.com.itextpdf.styledxmlparser.resolver.resource.ResourceResolverTest.java,True,True
itext/itext7,13943ad9d1bb17e7be1fd97dc296c1e71966e53e,"7.2.5, 8.0.0-android",kernel.src.test.java.com.itextpdf.kernel.pdf.PdfStreamTest.java,True,False
itext/itext7,13943ad9d1bb17e7be1fd97dc296c1e71966e53e,"7.2.5, 8.0.0-android",io.src.test.java.com.itextpdf.io.util.UrlUtilTest.java,True,True
itext/itext7,13943ad9d1bb17e7be1fd97dc296c1e71966e53e,"7.2.5, 8.0.0-android",commons.src.test.java.com.itextpdf.commons.utils.ZipFileWriterTest.java,True,True
itext/itext7,13943ad9d1bb17e7be1fd97dc296c1e71966e53e,"7.2.5, 8.0.0-android",commons.src.test.java.com.itextpdf.commons.utils.ZipFileReaderTest.java,True,False
itext/itext7,13943ad9d1bb17e7be1fd97dc296c1e71966e53e,"7.2.5, 8.0.0-android",commons.src.test.java.com.itextpdf.commons.utils.SystemUtilTest.java,True,False
itext/itext7,13943ad9d1bb17e7be1fd97dc296c1e71966e53e,"7.2.5, 8.0.0-android",commons.src.test.java.com.itextpdf.commons.utils.JsonUtilTest.java,True,True
itext/itext7,13943ad9d1bb17e7be1fd97dc296c1e71966e53e,"7.2.5, 8.0.0-android",kernel.src.test.java.com.itextpdf.kernel.colors.DeviceRgbTest.java,False,True
itext/itext7,13943ad9d1bb17e7be1fd97dc296c1e71966e53e,"7.2.5, 8.0.0-android",barcodes.src.test.java.com.itextpdf.barcodes.BarcodePDF417Test.java,False,False
itext/itext7,13943ad9d1bb17e7be1fd97dc296c1e71966e53e,"7.2.5, 8.0.0-android",kernel.src.test.java.com.itextpdf.kernel.pdf.canvas.PdfCanvasTest.java,True,True
itext/itext7,13943ad9d1bb17e7be1fd97dc296c1e71966e53e,"7.2.5, 8.0.0-android",kernel.src.test.java.com.itextpdf.kernel.pdf.xobject.PdfImageXObjectTest.java,False,False
itext/itext7,13943ad9d1bb17e7be1fd97dc296c1e71966e53e,"7.2.5, 8.0.0-android",sign.src.test.java.com.itextpdf.signatures.sign.PdfSignatureAppearanceTest.java,True,False
itext/itext7,13943ad9d1bb17e7be1fd97dc296c1e71966e53e,"7.2.5, 8.0.0-android",sign.src.test.java.com.itextpdf.signatures.OcspClientBouncyCastleTest.java,True,False
itext/itext7,6923b692b477fed5f8c660abf35b3aa90097c8c5,"8.0.0, 8.0.1-android",styled-xml-parser.src.test.java.com.itextpdf.styledxmlparser.resolver.resource.UriResolverTest.java,True,True
itext/itext7,6923b692b477fed5f8c660abf35b3aa90097c8c5,"8.0.0, 8.0.1-android",styled-xml-parser.src.test.java.com.itextpdf.styledxmlparser.resolver.resource.ResourceResolverTest.java,True,True
itext/itext7,6923b692b477fed5f8c660abf35b3aa90097c8c5,"8.0.0, 8.0.1-android",kernel.src.test.java.com.itextpdf.kernel.pdf.PdfStreamTest.java,True,False
itext/itext7,6923b692b477fed5f8c660abf35b3aa90097c8c5,"8.0.0, 8.0.1-android",io.src.test.java.com.itextpdf.io.util.UrlUtilTest.java,True,False
itext/itext7,6923b692b477fed5f8c660abf35b3aa90097c8c5,"8.0.0, 8.0.1-android",commons.src.test.java.com.itextpdf.commons.utils.ZipFileWriterTest.java,True,True
itext/itext7,6923b692b477fed5f8c660abf35b3aa90097c8c5,"8.0.0, 8.0.1-android",commons.src.test.java.com.itextpdf.commons.utils.ZipFileReaderTest.java,True,False
itext/itext7,6923b692b477fed5f8c660abf35b3aa90097c8c5,"8.0.0, 8.0.1-android",commons.src.test.java.com.itextpdf.commons.utils.SystemUtilTest.java,True,False
itext/itext7,6923b692b477fed5f8c660abf35b3aa90097c8c5,"8.0.0, 8.0.1-android",commons.src.test.java.com.itextpdf.commons.utils.JsonUtilTest.java,True,True
itext/itext7,6923b692b477fed5f8c660abf35b3aa90097c8c5,"8.0.0, 8.0.1-android",layout.src.test.java.com.itextpdf.layout.element.MulticolContainerTest.java,True,True
itext/itext7,6923b692b477fed5f8c660abf35b3aa90097c8c5,"8.0.0, 8.0.1-android",forms.src.test.java.com.itextpdf.forms.XfdfReaderTest.java,True,True
itext/itext7,6923b692b477fed5f8c660abf35b3aa90097c8c5,"8.0.0, 8.0.1-android",kernel.src.test.java.com.itextpdf.kernel.crypto.PdfEncryptionTest.java,True,False
itext/itext7,6923b692b477fed5f8c660abf35b3aa90097c8c5,"8.0.0, 8.0.1-android",layout.src.test.java.com.itextpdf.layout.properties.ContinuousContainerTest.java,True,True
itext/itext7,6923b692b477fed5f8c660abf35b3aa90097c8c5,"8.0.0, 8.0.1-android",layout.src.test.java.com.itextpdf.layout.renderer.FlexUtilTest.java,True,True
itext/itext7,6923b692b477fed5f8c660abf35b3aa90097c8c5,"8.0.0, 8.0.1-android",layout.src.test.java.com.itextpdf.layout.element.FlexContainerTest.java,True,True
itext/itext7,6923b692b477fed5f8c660abf35b3aa90097c8c5,"8.0.0, 8.0.1-android",forms.src.test.java.com.itextpdf.forms.form.element.ComboBoxFieldTest.java,True,False
itext/itext7,6923b692b477fed5f8c660abf35b3aa90097c8c5,"8.0.0, 8.0.1-android",forms.src.test.java.com.itextpdf.forms.form.element.ListBoxFieldTest.java,True,False
itext/itext7,6923b692b477fed5f8c660abf35b3aa90097c8c5,"8.0.0, 8.0.1-android",kernel.src.test.java.com.itextpdf.kernel.colors.DeviceRgbTest.java,False,False
itext/itext7,6923b692b477fed5f8c660abf35b3aa90097c8c5,"8.0.0, 8.0.1-android",barcodes.src.test.java.com.itextpdf.barcodes.BarcodePDF417Test.java,False,False
