App,SHA,Tag,TestFilePath,isReplaceNOToperator,prediction
davidmoten/rtree,4cb1c34123c7f2394189ecf2b2db5a4b0d5943d8,"0.1-RC2, 0.1",src.test.java.com.github.davidmoten.rtree.RTreeTest.java,False,True
davidmoten/rtree,c51f8a8badc29542931e94f9b04e394d643449d0,"0.1, 0.2",src.test.java.com.github.davidmoten.rtree.RTreeTest.java,False,False
davidmoten/rtree,1ec9f4382dfae2df9c22da9dcf49e5ced6af88b3,"0.2.2, 0.2.3",src.test.java.com.github.davidmoten.rtree.RTreeTest.java,False,False
davidmoten/rtree,1ec9f4382dfae2df9c22da9dcf49e5ced6af88b3,"0.2.2, 0.2.3",src.test.java.com.github.davidmoten.rtree.geometry.CircleTest.java,False,True
davidmoten/rtree,0241ace6b70fc03410a10b9daaa08e2bc11f1d4b,"0.2.3, 0.3",src.test.java.com.github.davidmoten.rtree.RTreeTest.java,False,False
davidmoten/rtree,5f50242c87d577277405cd54b4b84307a199677c,"0.3, 0.3.1",src.test.java.com.github.davidmoten.rtree.RTreeTest.java,False,True
davidmoten/rtree,5f50242c87d577277405cd54b4b84307a199677c,"0.3, 0.3.1",src.test.java.com.github.davidmoten.rtree.BackpressureTest.java,False,False
davidmoten/rtree,5f50242c87d577277405cd54b4b84307a199677c,"0.3, 0.3.1",src.test.java.com.github.davidmoten.rtree.LeafTest.java,False,True
davidmoten/rtree,f610d8cb92b4c794494c09f74a5d5acafc162b7d,"0.3.1, 0.4",src.test.java.com.github.davidmoten.rtree.RTreeTest.java,False,False
davidmoten/rtree,05a1a19362336a200c3b232c5954aad34e5f6694,"0.4, 0.4.1",src.test.java.com.github.davidmoten.rtree.RTreeTest.java,False,False
davidmoten/rtree,71018358f60263332a3b809f666ba5f7e04b7f21,"0.5, 0.5.1",src.test.java.com.github.davidmoten.rtree.RTreeTest.java,False,False
davidmoten/rtree,643505683e46d7b20f315096e31f94accef107bb,"0.5.1, 0.5.2",src.test.java.com.github.davidmoten.rtree.BackpressureTest.java,False,True
davidmoten/rtree,643505683e46d7b20f315096e31f94accef107bb,"0.5.1, 0.5.2",src.test.java.com.github.davidmoten.rtree.RTreeTest.java,False,False
davidmoten/rtree,bc36e62d0e996ca746526fff6487d7db61dff548,"0.5.4, 0.5.6",src.test.java.com.github.davidmoten.rtree.geometry.PointTest.java,False,False
davidmoten/rtree,f939d2cdd992fc25a9bdc7f8a8313ecc3f688719,"0.6.9, 0.7",src.test.java.com.github.davidmoten.rtree.geometry.LineTest.java,False,False
davidmoten/rtree,eef06813fa9a32a2b73c77cf63155128d9e585d6,"0.7.4, 0.7.5",src.test.java.com.github.davidmoten.rtree.geometry.RectangleTest.java,False,False
davidmoten/rtree,fb947f373c65cb80ccb3c8098df7aa0d2ee7b90d,"0.7.5, 0.7.6",src.test.java.com.github.davidmoten.rtree.RTreeTest.java,False,False
davidmoten/rtree,c14481045189e22dde8067b0d43e1e210c167739,"0.7.6, 0.8-RC1",src.test.java.com.github.davidmoten.rtree.SerializersTest.java,False,False
davidmoten/rtree,c14481045189e22dde8067b0d43e1e210c167739,"0.7.6, 0.8-RC1",src.test.java.com.github.davidmoten.rtree.fbs.SerializerFlatBuffersTest.java,False,True
davidmoten/rtree,c14481045189e22dde8067b0d43e1e210c167739,"0.7.6, 0.8-RC1",src.test.java.com.github.davidmoten.rtree.NodePositionTest.java,False,False
davidmoten/rtree,c14481045189e22dde8067b0d43e1e210c167739,"0.7.6, 0.8-RC1",src.test.java.com.github.davidmoten.rtree.RTreeTest.java,False,True
davidmoten/rtree,c14481045189e22dde8067b0d43e1e210c167739,"0.7.6, 0.8-RC1",src.test.java.com.github.davidmoten.rtree.LeafTest.java,False,False
davidmoten/rtree,dc29904f7e0de5faf39f8af94c3741291dd05ad4,"0.8-RC10, 0.8.0.1",src.test.java.com.github.davidmoten.rtree.RTreeTest.java,False,False
davidmoten/rtree,26c4aa11f40befa33399ae86cd9080be2ff0fcf3,"0.8.0.4, 0.8.1beta",src.test.java.com.github.davidmoten.rtree.SerializersTest.java,False,False
davidmoten/rtree,26c4aa11f40befa33399ae86cd9080be2ff0fcf3,"0.8.0.4, 0.8.1beta",src.test.java.com.github.davidmoten.rtree.geometry.LineTest.java,False,True
davidmoten/rtree,26c4aa11f40befa33399ae86cd9080be2ff0fcf3,"0.8.0.4, 0.8.1beta",src.test.java.com.github.davidmoten.rtree.geometry.CircleTest.java,False,True
davidmoten/rtree,26c4aa11f40befa33399ae86cd9080be2ff0fcf3,"0.8.0.4, 0.8.1beta",src.test.java.com.github.davidmoten.rtree.RTreeTest.java,False,False
davidmoten/rtree,26c4aa11f40befa33399ae86cd9080be2ff0fcf3,"0.8.0.4, 0.8.1beta",src.test.java.com.github.davidmoten.internal.operators.OperatorBoundedPriorityQueueTest.java,False,False
davidmoten/rtree,1310e8f631c60ee1d98ec7efe925f8804bd2cd3d,"0.8.7, 0.9",src.test.java.com.github.davidmoten.internal.operators.OperatorBoundedPriorityQueueTest.java,False,True
davidmoten/rtree,1310e8f631c60ee1d98ec7efe925f8804bd2cd3d,"0.8.7, 0.9",src.test.java.com.github.davidmoten.rtree.RTreeTest.java,False,False
davidmoten/rtree,1310e8f631c60ee1d98ec7efe925f8804bd2cd3d,"0.8.7, 0.9",src.test.java.com.github.davidmoten.rtree.LeafTest.java,False,False
davidmoten/rtree,1310e8f631c60ee1d98ec7efe925f8804bd2cd3d,"0.8.7, 0.9",src.test.java.com.github.davidmoten.rtree.BackpressureTest.java,False,False
davidmoten/rtree,3237d18a8bd528abd068f22572ff1b9310da0c6c,"0.1, 0.11",src.test.java.com.github.davidmoten.rtree.RTreeTest.java,False,True
davidmoten/rtree,3237d18a8bd528abd068f22572ff1b9310da0c6c,"0.1, 0.11",src.test.java.com.github.davidmoten.rtree.LeafTest.java,False,False
davidmoten/rtree,3237d18a8bd528abd068f22572ff1b9310da0c6c,"0.1, 0.11",src.test.java.com.github.davidmoten.rtree.BackpressureTest.java,False,False
davidmoten/rtree,3237d18a8bd528abd068f22572ff1b9310da0c6c,"0.1, 0.11",src.test.java.com.github.davidmoten.rtree.SerializersTest.java,False,False
davidmoten/rtree,3237d18a8bd528abd068f22572ff1b9310da0c6c,"0.1, 0.11",src.test.java.com.github.davidmoten.rtree.geometry.LineTest.java,False,False
davidmoten/rtree,3237d18a8bd528abd068f22572ff1b9310da0c6c,"0.1, 0.11",src.test.java.com.github.davidmoten.rtree.geometry.CircleTest.java,False,True
davidmoten/rtree,3237d18a8bd528abd068f22572ff1b9310da0c6c,"0.1, 0.11",src.test.java.com.github.davidmoten.rtree.fbs.SerializerFlatBuffersTest.java,False,True
davidmoten/rtree,3237d18a8bd528abd068f22572ff1b9310da0c6c,"0.1, 0.11",src.test.java.com.github.davidmoten.rtree.NodePositionTest.java,False,False
davidmoten/rtree,3237d18a8bd528abd068f22572ff1b9310da0c6c,"0.1, 0.11",src.test.java.com.github.davidmoten.internal.operators.OperatorBoundedPriorityQueueTest.java,False,False
davidmoten/rtree,3237d18a8bd528abd068f22572ff1b9310da0c6c,"0.1, 0.11",src.test.java.com.github.davidmoten.rtree.geometry.RectangleTest.java,False,False
davidmoten/rtree,3237d18a8bd528abd068f22572ff1b9310da0c6c,"0.1, 0.11",src.test.java.com.github.davidmoten.rtree.geometry.PointTest.java,False,True
