App,SHA,Tag,TestFilePath,isAddMethodAnnotation,prediction
WojciechZankowski/iextrading4j,e3f51ae2ecb50776993431857ac2c8397e67a6dd,"IT4J_RELEASE_2_0_1, IT4J_RELEASE_2_1_0",iextrading4j-api.src.test.java.pl.zankowski.iextrading4j.api.stocks.ChartTest.java,False,False
WojciechZankowski/iextrading4j,e3f51ae2ecb50776993431857ac2c8397e67a6dd,"IT4J_RELEASE_2_0_1, IT4J_RELEASE_2_1_0",iextrading4j-client.src.test.java.pl.zankowski.iextrading4j.client.rest.request.stocks.OpenCloseRequestBuilderTest.java,False,True
WojciechZankowski/iextrading4j,e3f51ae2ecb50776993431857ac2c8397e67a6dd,"IT4J_RELEASE_2_0_1, IT4J_RELEASE_2_1_0",iextrading4j-api.src.test.java.pl.zankowski.iextrading4j.api.refdata.ExchangeSymbolTest.java,False,True
WojciechZankowski/iextrading4j,7e1dfcf145971dc31df045ae61a013014b6ef8f3,"IT4J_RELEASE_2_1_0, IT4J_RELEASE_2_1_1",iextrading4j-client.src.test.java.pl.zankowski.iextrading4j.client.mapper.HackyLocalDateDeserializerTest.java,False,True
WojciechZankowski/iextrading4j,522661249e06cd9f17b0a881b0a56c05a4bd1f17,"IT4J_RELEASE_2_2_0, IT4J_RELEASE_2_2_1",iextrading4j-client.src.test.java.pl.zankowski.iextrading4j.client.rest.request.marketdata.HistRequestBuilderTest.java,False,False
WojciechZankowski/iextrading4j,e2f89b82b8fbd50bbc79357bedb864b505cc1be3,"IT4J_RELEASE_2_3_0, IT4J_RELEASE_3_0_0",iextrading4j-api.src.test.java.pl.zankowski.iextrading4j.api.stocks.TodayEarningsTest.java,True,False
WojciechZankowski/iextrading4j,e2f89b82b8fbd50bbc79357bedb864b505cc1be3,"IT4J_RELEASE_2_3_0, IT4J_RELEASE_3_0_0",iextrading4j-client.src.test.java.pl.zankowski.iextrading4j.client.rest.manager.RestClientMetadataTest.java,False,True
WojciechZankowski/iextrading4j,e2f89b82b8fbd50bbc79357bedb864b505cc1be3,"IT4J_RELEASE_2_3_0, IT4J_RELEASE_3_0_0",iextrading4j-client.src.test.java.pl.zankowski.iextrading4j.client.socket.manager.SocketWrapperTest.java,False,False
WojciechZankowski/iextrading4j,6a82d9225698e9229588053ca4a48cdb6a159316,"IT4J_RELEASE_3_0_0, IT4J_RELEASE_3_0_1",iextrading4j-api.src.test.java.pl.zankowski.iextrading4j.api.stocks.TodayEarningsTest.java,False,False
WojciechZankowski/iextrading4j,5c4010284857633e29a21a2ee804c3a68e39f357,"IT4J_RELEASE_3_2_2, IT4J_RELEASE_3_2_3",iextrading4j-client.src.test.java.pl.zankowski.iextrading4j.client.sse.request.marketdata.TopsSseRequestBuilderTest.java,False,False
WojciechZankowski/iextrading4j,5c4010284857633e29a21a2ee804c3a68e39f357,"IT4J_RELEASE_3_2_2, IT4J_RELEASE_3_2_3",iextrading4j-client.src.test.java.pl.zankowski.iextrading4j.client.sse.endpoint.GenericSseEndpointTest.java,False,False
WojciechZankowski/iextrading4j,53107a718f71a1b1bec8703e38e3d890f6dd2a07,"IT4J_RELEASE_3_2_3, IT4J_RELEASE_3_2_4",iextrading4j-client.src.test.java.pl.zankowski.iextrading4j.client.sse.request.stocks.QuoteSseRequestBuilderTest.java,False,False
WojciechZankowski/iextrading4j,53107a718f71a1b1bec8703e38e3d890f6dd2a07,"IT4J_RELEASE_3_2_3, IT4J_RELEASE_3_2_4",iextrading4j-client.src.test.java.pl.zankowski.iextrading4j.client.sse.request.stocks.NewsSseRequestBuilderTest.java,False,False
WojciechZankowski/iextrading4j,53107a718f71a1b1bec8703e38e3d890f6dd2a07,"IT4J_RELEASE_3_2_3, IT4J_RELEASE_3_2_4",iextrading4j-client.src.test.java.pl.zankowski.iextrading4j.client.sse.request.marketdata.TradingStatusSseRequestBuilderTest.java,False,False
WojciechZankowski/iextrading4j,53107a718f71a1b1bec8703e38e3d890f6dd2a07,"IT4J_RELEASE_3_2_3, IT4J_RELEASE_3_2_4",iextrading4j-client.src.test.java.pl.zankowski.iextrading4j.client.sse.request.marketdata.TradesSseRequestBuilderTest.java,False,False
WojciechZankowski/iextrading4j,53107a718f71a1b1bec8703e38e3d890f6dd2a07,"IT4J_RELEASE_3_2_3, IT4J_RELEASE_3_2_4",iextrading4j-client.src.test.java.pl.zankowski.iextrading4j.client.sse.request.marketdata.TradeBreaksSseRequestBuilderTest.java,False,False
WojciechZankowski/iextrading4j,53107a718f71a1b1bec8703e38e3d890f6dd2a07,"IT4J_RELEASE_3_2_3, IT4J_RELEASE_3_2_4",iextrading4j-client.src.test.java.pl.zankowski.iextrading4j.client.sse.request.marketdata.SystemEventSseRequestBuilderTest.java,False,False
WojciechZankowski/iextrading4j,53107a718f71a1b1bec8703e38e3d890f6dd2a07,"IT4J_RELEASE_3_2_3, IT4J_RELEASE_3_2_4",iextrading4j-client.src.test.java.pl.zankowski.iextrading4j.client.sse.request.marketdata.SsrStatusSseRequestBuilderTest.java,False,False
WojciechZankowski/iextrading4j,53107a718f71a1b1bec8703e38e3d890f6dd2a07,"IT4J_RELEASE_3_2_3, IT4J_RELEASE_3_2_4",iextrading4j-client.src.test.java.pl.zankowski.iextrading4j.client.sse.request.marketdata.SecurityEventSseRequestBuilderTest.java,False,False
WojciechZankowski/iextrading4j,53107a718f71a1b1bec8703e38e3d890f6dd2a07,"IT4J_RELEASE_3_2_3, IT4J_RELEASE_3_2_4",iextrading4j-client.src.test.java.pl.zankowski.iextrading4j.client.sse.request.marketdata.OpHaltStatusSseRequestBuilderTest.java,False,False
WojciechZankowski/iextrading4j,53107a718f71a1b1bec8703e38e3d890f6dd2a07,"IT4J_RELEASE_3_2_3, IT4J_RELEASE_3_2_4",iextrading4j-client.src.test.java.pl.zankowski.iextrading4j.client.sse.request.marketdata.LastSseRequestBuilderTest.java,False,False
WojciechZankowski/iextrading4j,53107a718f71a1b1bec8703e38e3d890f6dd2a07,"IT4J_RELEASE_3_2_3, IT4J_RELEASE_3_2_4",iextrading4j-client.src.test.java.pl.zankowski.iextrading4j.client.sse.request.marketdata.DeepSseRequestBuilderTest.java,False,False
WojciechZankowski/iextrading4j,53107a718f71a1b1bec8703e38e3d890f6dd2a07,"IT4J_RELEASE_3_2_3, IT4J_RELEASE_3_2_4",iextrading4j-client.src.test.java.pl.zankowski.iextrading4j.client.sse.request.marketdata.BookSseRequestBuilderTest.java,False,False
WojciechZankowski/iextrading4j,53107a718f71a1b1bec8703e38e3d890f6dd2a07,"IT4J_RELEASE_3_2_3, IT4J_RELEASE_3_2_4",iextrading4j-client.src.test.java.pl.zankowski.iextrading4j.client.sse.request.marketdata.AuctionSseRequestBuilderTest.java,False,False
WojciechZankowski/iextrading4j,53107a718f71a1b1bec8703e38e3d890f6dd2a07,"IT4J_RELEASE_3_2_3, IT4J_RELEASE_3_2_4",iextrading4j-client.src.test.java.pl.zankowski.iextrading4j.client.sse.request.marketdata.AbstractSymbolSseRequestBuilderTest.java,False,False
WojciechZankowski/iextrading4j,53107a718f71a1b1bec8703e38e3d890f6dd2a07,"IT4J_RELEASE_3_2_3, IT4J_RELEASE_3_2_4",iextrading4j-client.src.test.java.pl.zankowski.iextrading4j.client.sse.request.alternative.SentimentSseRequestBuilderTest.java,False,False
WojciechZankowski/iextrading4j,33126f639c207897cf4686c4a3b832a567993fe3,"IT4J_RELEASE_3_2_7, IT4J_RELEASE_3_2_8",iextrading4j-client.src.test.java.pl.zankowski.iextrading4j.client.sse.request.alternative.SentimentSseRequestBuilderTest.java,False,False
WojciechZankowski/iextrading4j,e8f5fa1d90b5ffe3519007eeeedea37675ef851d,"IT4J_RELEASE_3_2_8, IT4J_RELEASE_3_3_0",iextrading4j-client.src.test.java.pl.zankowski.iextrading4j.client.rest.request.alternative.CryptoBookRequestBuilderTest.java,False,False
WojciechZankowski/iextrading4j,e8f5fa1d90b5ffe3519007eeeedea37675ef851d,"IT4J_RELEASE_3_2_8, IT4J_RELEASE_3_3_0",iextrading4j-api.src.test.java.pl.zankowski.iextrading4j.api.alternative.CryptoBookEventTest.java,False,False
WojciechZankowski/iextrading4j,9ce9987fc280e5a22866631b9aefb8a8f837834c,"IT4J_RELEASE_3_3_1, IT4J_RELEASE_3_3_2",iextrading4j-client.src.test.java.pl.zankowski.iextrading4j.client.rest.request.datapoint.TimeSeriesRequestBuilderTest.java,False,True
WojciechZankowski/iextrading4j,729beccb8bff53a3510ff2129b699da9e944c5ef,"IT4J_RELEASE_3_4_2, IT4J_RELEASE_3_4_3",iextrading4j-client.src.test.java.pl.zankowski.iextrading4j.client.sse.manager.SseManagerTest.java,True,False
WojciechZankowski/iextrading4j,729beccb8bff53a3510ff2129b699da9e944c5ef,"IT4J_RELEASE_3_4_2, IT4J_RELEASE_3_4_3",iextrading4j-client.src.test.java.pl.zankowski.iextrading4j.client.sse.endpoint.GenericSseEndpointTest.java,True,False
WojciechZankowski/iextrading4j,729beccb8bff53a3510ff2129b699da9e944c5ef,"IT4J_RELEASE_3_4_2, IT4J_RELEASE_3_4_3",iextrading4j-client.src.test.java.pl.zankowski.iextrading4j.client.socket.request.marketdata.deep.DeepConsumerAdapterTest.java,True,True
WojciechZankowski/iextrading4j,729beccb8bff53a3510ff2129b699da9e944c5ef,"IT4J_RELEASE_3_4_2, IT4J_RELEASE_3_4_3",iextrading4j-client.src.test.java.pl.zankowski.iextrading4j.client.socket.manager.SocketManagerTest.java,True,True
WojciechZankowski/iextrading4j,729beccb8bff53a3510ff2129b699da9e944c5ef,"IT4J_RELEASE_3_4_2, IT4J_RELEASE_3_4_3",iextrading4j-client.src.test.java.pl.zankowski.iextrading4j.client.socket.endpoint.GenericSocketEndpointTest.java,True,False
WojciechZankowski/iextrading4j,729beccb8bff53a3510ff2129b699da9e944c5ef,"IT4J_RELEASE_3_4_2, IT4J_RELEASE_3_4_3",iextrading4j-client.src.test.java.pl.zankowski.iextrading4j.client.rest.request.stocks.CollectionRequestBuilderTest.java,False,True
WojciechZankowski/iextrading4j,729beccb8bff53a3510ff2129b699da9e944c5ef,"IT4J_RELEASE_3_4_2, IT4J_RELEASE_3_4_3",iextrading4j-client.src.test.java.pl.zankowski.iextrading4j.client.rest.request.marketdata.HistRequestBuilderTest.java,False,False
WojciechZankowski/iextrading4j,729beccb8bff53a3510ff2129b699da9e944c5ef,"IT4J_RELEASE_3_4_2, IT4J_RELEASE_3_4_3",iextrading4j-client.src.test.java.pl.zankowski.iextrading4j.client.rest.manager.RestManagerTest.java,True,True
WojciechZankowski/iextrading4j,729beccb8bff53a3510ff2129b699da9e944c5ef,"IT4J_RELEASE_3_4_2, IT4J_RELEASE_3_4_3",iextrading4j-client.src.test.java.pl.zankowski.iextrading4j.client.rest.endpoint.GenericRestEndpointTest.java,True,False
WojciechZankowski/iextrading4j,729beccb8bff53a3510ff2129b699da9e944c5ef,"IT4J_RELEASE_3_4_2, IT4J_RELEASE_3_4_3",iextrading4j-client.src.test.java.pl.zankowski.iextrading4j.client.mapper.TradingStatusTypeSerializerTest.java,True,True
WojciechZankowski/iextrading4j,729beccb8bff53a3510ff2129b699da9e944c5ef,"IT4J_RELEASE_3_4_2, IT4J_RELEASE_3_4_3",iextrading4j-client.src.test.java.pl.zankowski.iextrading4j.client.mapper.TradingStatusTypeDeserializerTest.java,True,False
WojciechZankowski/iextrading4j,729beccb8bff53a3510ff2129b699da9e944c5ef,"IT4J_RELEASE_3_4_2, IT4J_RELEASE_3_4_3",iextrading4j-client.src.test.java.pl.zankowski.iextrading4j.client.mapper.TradingStatusReasonTypeSerializerTest.java,True,True
WojciechZankowski/iextrading4j,729beccb8bff53a3510ff2129b699da9e944c5ef,"IT4J_RELEASE_3_4_2, IT4J_RELEASE_3_4_3",iextrading4j-client.src.test.java.pl.zankowski.iextrading4j.client.mapper.TradingStatusReasonTypeDeserializerTest.java,True,False
WojciechZankowski/iextrading4j,729beccb8bff53a3510ff2129b699da9e944c5ef,"IT4J_RELEASE_3_4_2, IT4J_RELEASE_3_4_3",iextrading4j-client.src.test.java.pl.zankowski.iextrading4j.client.mapper.SystemEventTypeSerializerTest.java,True,True
WojciechZankowski/iextrading4j,729beccb8bff53a3510ff2129b699da9e944c5ef,"IT4J_RELEASE_3_4_2, IT4J_RELEASE_3_4_3",iextrading4j-client.src.test.java.pl.zankowski.iextrading4j.client.mapper.SystemEventTypeDeserializerTest.java,True,False
WojciechZankowski/iextrading4j,729beccb8bff53a3510ff2129b699da9e944c5ef,"IT4J_RELEASE_3_4_2, IT4J_RELEASE_3_4_3",iextrading4j-client.src.test.java.pl.zankowski.iextrading4j.client.mapper.SymbolTypeSerializerTest.java,True,True
WojciechZankowski/iextrading4j,729beccb8bff53a3510ff2129b699da9e944c5ef,"IT4J_RELEASE_3_4_2, IT4J_RELEASE_3_4_3",iextrading4j-client.src.test.java.pl.zankowski.iextrading4j.client.mapper.SymbolTypeDeserializerTest.java,True,False
WojciechZankowski/iextrading4j,729beccb8bff53a3510ff2129b699da9e944c5ef,"IT4J_RELEASE_3_4_2, IT4J_RELEASE_3_4_3",iextrading4j-client.src.test.java.pl.zankowski.iextrading4j.client.mapper.QualifiedDividendTypeSerializerTest.java,True,True
WojciechZankowski/iextrading4j,729beccb8bff53a3510ff2129b699da9e944c5ef,"IT4J_RELEASE_3_4_2, IT4J_RELEASE_3_4_3",iextrading4j-client.src.test.java.pl.zankowski.iextrading4j.client.mapper.QualifiedDividendTypeDeserializerTest.java,True,False
WojciechZankowski/iextrading4j,729beccb8bff53a3510ff2129b699da9e944c5ef,"IT4J_RELEASE_3_4_2, IT4J_RELEASE_3_4_3",iextrading4j-client.src.test.java.pl.zankowski.iextrading4j.client.mapper.PaymentFrequencySerializerTest.java,True,True
WojciechZankowski/iextrading4j,729beccb8bff53a3510ff2129b699da9e944c5ef,"IT4J_RELEASE_3_4_2, IT4J_RELEASE_3_4_3",iextrading4j-client.src.test.java.pl.zankowski.iextrading4j.client.mapper.PaymentFrequencyDeserializerTest.java,True,False
WojciechZankowski/iextrading4j,729beccb8bff53a3510ff2129b699da9e944c5ef,"IT4J_RELEASE_3_4_2, IT4J_RELEASE_3_4_3",iextrading4j-client.src.test.java.pl.zankowski.iextrading4j.client.mapper.LuldTierSerializerTest.java,True,True
WojciechZankowski/iextrading4j,729beccb8bff53a3510ff2129b699da9e944c5ef,"IT4J_RELEASE_3_4_2, IT4J_RELEASE_3_4_3",iextrading4j-client.src.test.java.pl.zankowski.iextrading4j.client.mapper.LuldTierDeserializerTest.java,True,False
WojciechZankowski/iextrading4j,729beccb8bff53a3510ff2129b699da9e944c5ef,"IT4J_RELEASE_3_4_2, IT4J_RELEASE_3_4_3",iextrading4j-client.src.test.java.pl.zankowski.iextrading4j.client.mapper.ListingCenterSerializerTest.java,True,True
WojciechZankowski/iextrading4j,729beccb8bff53a3510ff2129b699da9e944c5ef,"IT4J_RELEASE_3_4_2, IT4J_RELEASE_3_4_3",iextrading4j-client.src.test.java.pl.zankowski.iextrading4j.client.mapper.ListingCenterDeserializerTest.java,True,False
WojciechZankowski/iextrading4j,729beccb8bff53a3510ff2129b699da9e944c5ef,"IT4J_RELEASE_3_4_2, IT4J_RELEASE_3_4_3",iextrading4j-client.src.test.java.pl.zankowski.iextrading4j.client.mapper.IssueTypeSerializerTest.java,True,True
WojciechZankowski/iextrading4j,729beccb8bff53a3510ff2129b699da9e944c5ef,"IT4J_RELEASE_3_4_2, IT4J_RELEASE_3_4_3",iextrading4j-client.src.test.java.pl.zankowski.iextrading4j.client.mapper.IssueTypeDeserializerTest.java,True,False
WojciechZankowski/iextrading4j,729beccb8bff53a3510ff2129b699da9e944c5ef,"IT4J_RELEASE_3_4_2, IT4J_RELEASE_3_4_3",iextrading4j-client.src.test.java.pl.zankowski.iextrading4j.client.mapper.IssueSubTypeSerializerTest.java,True,True
WojciechZankowski/iextrading4j,729beccb8bff53a3510ff2129b699da9e944c5ef,"IT4J_RELEASE_3_4_2, IT4J_RELEASE_3_4_3",iextrading4j-client.src.test.java.pl.zankowski.iextrading4j.client.mapper.IssueSubTypeDeserializerTest.java,True,False
WojciechZankowski/iextrading4j,729beccb8bff53a3510ff2129b699da9e944c5ef,"IT4J_RELEASE_3_4_2, IT4J_RELEASE_3_4_3",iextrading4j-client.src.test.java.pl.zankowski.iextrading4j.client.mapper.IssueEventSerializerTest.java,True,True
WojciechZankowski/iextrading4j,729beccb8bff53a3510ff2129b699da9e944c5ef,"IT4J_RELEASE_3_4_2, IT4J_RELEASE_3_4_3",iextrading4j-client.src.test.java.pl.zankowski.iextrading4j.client.mapper.IssueEventDeserializerTest.java,True,True
WojciechZankowski/iextrading4j,729beccb8bff53a3510ff2129b699da9e944c5ef,"IT4J_RELEASE_3_4_2, IT4J_RELEASE_3_4_3",iextrading4j-client.src.test.java.pl.zankowski.iextrading4j.client.mapper.HackyLocalDateTimeDeserializerTest.java,True,False
WojciechZankowski/iextrading4j,729beccb8bff53a3510ff2129b699da9e944c5ef,"IT4J_RELEASE_3_4_2, IT4J_RELEASE_3_4_3",iextrading4j-client.src.test.java.pl.zankowski.iextrading4j.client.mapper.HackyLocalDateDeserializerTest.java,True,False
WojciechZankowski/iextrading4j,729beccb8bff53a3510ff2129b699da9e944c5ef,"IT4J_RELEASE_3_4_2, IT4J_RELEASE_3_4_3",iextrading4j-client.src.test.java.pl.zankowski.iextrading4j.client.mapper.HackyBigDecimalDeserializerTest.java,True,False
WojciechZankowski/iextrading4j,729beccb8bff53a3510ff2129b699da9e944c5ef,"IT4J_RELEASE_3_4_2, IT4J_RELEASE_3_4_3",iextrading4j-client.src.test.java.pl.zankowski.iextrading4j.client.mapper.FlagSerializerTest.java,True,True
WojciechZankowski/iextrading4j,729beccb8bff53a3510ff2129b699da9e944c5ef,"IT4J_RELEASE_3_4_2, IT4J_RELEASE_3_4_3",iextrading4j-client.src.test.java.pl.zankowski.iextrading4j.client.mapper.FlagDeserializerTest.java,True,False
WojciechZankowski/iextrading4j,729beccb8bff53a3510ff2129b699da9e944c5ef,"IT4J_RELEASE_3_4_2, IT4J_RELEASE_3_4_3",iextrading4j-client.src.test.java.pl.zankowski.iextrading4j.client.mapper.FinancialStatusSerializerTest.java,True,True
WojciechZankowski/iextrading4j,729beccb8bff53a3510ff2129b699da9e944c5ef,"IT4J_RELEASE_3_4_2, IT4J_RELEASE_3_4_3",iextrading4j-client.src.test.java.pl.zankowski.iextrading4j.client.mapper.FinancialStatusDeserializerTest.java,True,False
WojciechZankowski/iextrading4j,729beccb8bff53a3510ff2129b699da9e944c5ef,"IT4J_RELEASE_3_4_2, IT4J_RELEASE_3_4_3",iextrading4j-client.src.test.java.pl.zankowski.iextrading4j.client.mapper.DividendTypeSerializerTest.java,True,True
WojciechZankowski/iextrading4j,729beccb8bff53a3510ff2129b699da9e944c5ef,"IT4J_RELEASE_3_4_2, IT4J_RELEASE_3_4_3",iextrading4j-client.src.test.java.pl.zankowski.iextrading4j.client.mapper.DividendTypeIdSerializerTest.java,True,True
WojciechZankowski/iextrading4j,729beccb8bff53a3510ff2129b699da9e944c5ef,"IT4J_RELEASE_3_4_2, IT4J_RELEASE_3_4_3",iextrading4j-client.src.test.java.pl.zankowski.iextrading4j.client.mapper.DividendTypeIdDeserializerTest.java,True,False
WojciechZankowski/iextrading4j,729beccb8bff53a3510ff2129b699da9e944c5ef,"IT4J_RELEASE_3_4_2, IT4J_RELEASE_3_4_3",iextrading4j-client.src.test.java.pl.zankowski.iextrading4j.client.mapper.DividendTypeDeserializerTest.java,True,False
WojciechZankowski/iextrading4j,729beccb8bff53a3510ff2129b699da9e944c5ef,"IT4J_RELEASE_3_4_2, IT4J_RELEASE_3_4_3",iextrading4j-client.src.test.java.pl.zankowski.iextrading4j.client.mapper.DividendQualificationSerializerTest.java,True,True
WojciechZankowski/iextrading4j,729beccb8bff53a3510ff2129b699da9e944c5ef,"IT4J_RELEASE_3_4_2, IT4J_RELEASE_3_4_3",iextrading4j-client.src.test.java.pl.zankowski.iextrading4j.client.mapper.DividendQualificationDeserializerTest.java,True,False
WojciechZankowski/iextrading4j,729beccb8bff53a3510ff2129b699da9e944c5ef,"IT4J_RELEASE_3_4_2, IT4J_RELEASE_3_4_3",iextrading4j-client.src.test.java.pl.zankowski.iextrading4j.client.mapper.DirectIndirectSerializerTest.java,True,True
WojciechZankowski/iextrading4j,729beccb8bff53a3510ff2129b699da9e944c5ef,"IT4J_RELEASE_3_4_2, IT4J_RELEASE_3_4_3",iextrading4j-client.src.test.java.pl.zankowski.iextrading4j.client.mapper.DirectIndirectDeserializerTest.java,True,False
WojciechZankowski/iextrading4j,729beccb8bff53a3510ff2129b699da9e944c5ef,"IT4J_RELEASE_3_4_2, IT4J_RELEASE_3_4_3",iextrading4j-client.src.test.java.pl.zankowski.iextrading4j.client.mapper.DelistingReasonSerializerTest.java,True,True
WojciechZankowski/iextrading4j,729beccb8bff53a3510ff2129b699da9e944c5ef,"IT4J_RELEASE_3_4_2, IT4J_RELEASE_3_4_3",iextrading4j-client.src.test.java.pl.zankowski.iextrading4j.client.mapper.DelistingReasonDeserializerTest.java,True,False
WojciechZankowski/iextrading4j,729beccb8bff53a3510ff2129b699da9e944c5ef,"IT4J_RELEASE_3_4_2, IT4J_RELEASE_3_4_3",iextrading4j-client.src.test.java.pl.zankowski.iextrading4j.client.mapper.DeepChannelSerializerTest.java,True,True
WojciechZankowski/iextrading4j,729beccb8bff53a3510ff2129b699da9e944c5ef,"IT4J_RELEASE_3_4_2, IT4J_RELEASE_3_4_3",iextrading4j-client.src.test.java.pl.zankowski.iextrading4j.client.mapper.DeepChannelDeserializerTest.java,True,True
WojciechZankowski/iextrading4j,729beccb8bff53a3510ff2129b699da9e944c5ef,"IT4J_RELEASE_3_4_2, IT4J_RELEASE_3_4_3",iextrading4j-client.src.test.java.pl.zankowski.iextrading4j.client.mapper.CryptoSideSerializerTest.java,True,True
WojciechZankowski/iextrading4j,729beccb8bff53a3510ff2129b699da9e944c5ef,"IT4J_RELEASE_3_4_2, IT4J_RELEASE_3_4_3",iextrading4j-client.src.test.java.pl.zankowski.iextrading4j.client.mapper.CryptoSideDeserializerTest.java,True,False
WojciechZankowski/iextrading4j,729beccb8bff53a3510ff2129b699da9e944c5ef,"IT4J_RELEASE_3_4_2, IT4J_RELEASE_3_4_3",iextrading4j-client.src.test.java.pl.zankowski.iextrading4j.client.mapper.CryptoEventTypeSerializerTest.java,True,True
WojciechZankowski/iextrading4j,729beccb8bff53a3510ff2129b699da9e944c5ef,"IT4J_RELEASE_3_4_2, IT4J_RELEASE_3_4_3",iextrading4j-client.src.test.java.pl.zankowski.iextrading4j.client.mapper.CryptoEventTypeDeserializerTest.java,True,False
WojciechZankowski/iextrading4j,729beccb8bff53a3510ff2129b699da9e944c5ef,"IT4J_RELEASE_3_4_2, IT4J_RELEASE_3_4_3",iextrading4j-client.src.test.java.pl.zankowski.iextrading4j.client.mapper.CryptoEventReasonSerializerTest.java,True,True
WojciechZankowski/iextrading4j,729beccb8bff53a3510ff2129b699da9e944c5ef,"IT4J_RELEASE_3_4_2, IT4J_RELEASE_3_4_3",iextrading4j-client.src.test.java.pl.zankowski.iextrading4j.client.mapper.CryptoEventReasonDeserializerTest.java,True,False
WojciechZankowski/iextrading4j,729beccb8bff53a3510ff2129b699da9e944c5ef,"IT4J_RELEASE_3_4_2, IT4J_RELEASE_3_4_3",iextrading4j-client.src.test.java.pl.zankowski.iextrading4j.client.mapper.ChartRangeSerializerTest.java,True,True
WojciechZankowski/iextrading4j,729beccb8bff53a3510ff2129b699da9e944c5ef,"IT4J_RELEASE_3_4_2, IT4J_RELEASE_3_4_3",iextrading4j-client.src.test.java.pl.zankowski.iextrading4j.client.mapper.ChartRangeDeserializerTest.java,True,False
WojciechZankowski/iextrading4j,f1ab9a1bdf6c0c8852fcd7784fc8954decad8f31,"IT4J_RELEASE_3_4_3, IT4J_RELEASE_3_4_4",iextrading4j-client.src.test.java.pl.zankowski.iextrading4j.client.sse.request.stocks.QuoteSseRequestBuilderTest.java,False,False
WojciechZankowski/iextrading4j,f1ab9a1bdf6c0c8852fcd7784fc8954decad8f31,"IT4J_RELEASE_3_4_3, IT4J_RELEASE_3_4_4",iextrading4j-client.src.test.java.pl.zankowski.iextrading4j.client.sse.request.stocks.NewsSseRequestBuilderTest.java,False,False
WojciechZankowski/iextrading4j,f1ab9a1bdf6c0c8852fcd7784fc8954decad8f31,"IT4J_RELEASE_3_4_3, IT4J_RELEASE_3_4_4",iextrading4j-client.src.test.java.pl.zankowski.iextrading4j.client.sse.request.marketdata.TradingStatusSseRequestBuilderTest.java,False,False
WojciechZankowski/iextrading4j,f1ab9a1bdf6c0c8852fcd7784fc8954decad8f31,"IT4J_RELEASE_3_4_3, IT4J_RELEASE_3_4_4",iextrading4j-client.src.test.java.pl.zankowski.iextrading4j.client.sse.request.marketdata.TradesSseRequestBuilderTest.java,False,False
WojciechZankowski/iextrading4j,f1ab9a1bdf6c0c8852fcd7784fc8954decad8f31,"IT4J_RELEASE_3_4_3, IT4J_RELEASE_3_4_4",iextrading4j-client.src.test.java.pl.zankowski.iextrading4j.client.sse.request.marketdata.TradeBreaksSseRequestBuilderTest.java,False,False
WojciechZankowski/iextrading4j,f1ab9a1bdf6c0c8852fcd7784fc8954decad8f31,"IT4J_RELEASE_3_4_3, IT4J_RELEASE_3_4_4",iextrading4j-client.src.test.java.pl.zankowski.iextrading4j.client.sse.request.marketdata.TopsSseRequestBuilderTest.java,False,False
WojciechZankowski/iextrading4j,f1ab9a1bdf6c0c8852fcd7784fc8954decad8f31,"IT4J_RELEASE_3_4_3, IT4J_RELEASE_3_4_4",iextrading4j-client.src.test.java.pl.zankowski.iextrading4j.client.sse.request.marketdata.SystemEventSseRequestBuilderTest.java,False,False
WojciechZankowski/iextrading4j,f1ab9a1bdf6c0c8852fcd7784fc8954decad8f31,"IT4J_RELEASE_3_4_3, IT4J_RELEASE_3_4_4",iextrading4j-client.src.test.java.pl.zankowski.iextrading4j.client.sse.request.marketdata.SsrStatusSseRequestBuilderTest.java,False,False
WojciechZankowski/iextrading4j,f1ab9a1bdf6c0c8852fcd7784fc8954decad8f31,"IT4J_RELEASE_3_4_3, IT4J_RELEASE_3_4_4",iextrading4j-client.src.test.java.pl.zankowski.iextrading4j.client.sse.request.marketdata.SecurityEventSseRequestBuilderTest.java,False,False
WojciechZankowski/iextrading4j,f1ab9a1bdf6c0c8852fcd7784fc8954decad8f31,"IT4J_RELEASE_3_4_3, IT4J_RELEASE_3_4_4",iextrading4j-client.src.test.java.pl.zankowski.iextrading4j.client.sse.request.marketdata.OpHaltStatusSseRequestBuilderTest.java,False,False
WojciechZankowski/iextrading4j,f1ab9a1bdf6c0c8852fcd7784fc8954decad8f31,"IT4J_RELEASE_3_4_3, IT4J_RELEASE_3_4_4",iextrading4j-client.src.test.java.pl.zankowski.iextrading4j.client.sse.request.marketdata.LastSseRequestBuilderTest.java,False,False
WojciechZankowski/iextrading4j,f1ab9a1bdf6c0c8852fcd7784fc8954decad8f31,"IT4J_RELEASE_3_4_3, IT4J_RELEASE_3_4_4",iextrading4j-client.src.test.java.pl.zankowski.iextrading4j.client.sse.request.marketdata.DeepSseRequestBuilderTest.java,False,False
WojciechZankowski/iextrading4j,f1ab9a1bdf6c0c8852fcd7784fc8954decad8f31,"IT4J_RELEASE_3_4_3, IT4J_RELEASE_3_4_4",iextrading4j-client.src.test.java.pl.zankowski.iextrading4j.client.sse.request.marketdata.BookSseRequestBuilderTest.java,False,False
WojciechZankowski/iextrading4j,f1ab9a1bdf6c0c8852fcd7784fc8954decad8f31,"IT4J_RELEASE_3_4_3, IT4J_RELEASE_3_4_4",iextrading4j-client.src.test.java.pl.zankowski.iextrading4j.client.sse.request.marketdata.AuctionSseRequestBuilderTest.java,False,False
WojciechZankowski/iextrading4j,f1ab9a1bdf6c0c8852fcd7784fc8954decad8f31,"IT4J_RELEASE_3_4_3, IT4J_RELEASE_3_4_4",iextrading4j-client.src.test.java.pl.zankowski.iextrading4j.client.sse.request.marketdata.AbstractSymbolSseRequestBuilderTest.java,False,False
WojciechZankowski/iextrading4j,f1ab9a1bdf6c0c8852fcd7784fc8954decad8f31,"IT4J_RELEASE_3_4_3, IT4J_RELEASE_3_4_4",iextrading4j-client.src.test.java.pl.zankowski.iextrading4j.client.sse.request.forex.CurrencyRatesSseRequestBuilderTest.java,False,False
WojciechZankowski/iextrading4j,f1ab9a1bdf6c0c8852fcd7784fc8954decad8f31,"IT4J_RELEASE_3_4_3, IT4J_RELEASE_3_4_4",iextrading4j-client.src.test.java.pl.zankowski.iextrading4j.client.sse.request.alternative.SentimentSseRequestBuilderTest.java,False,False
WojciechZankowski/iextrading4j,f1ab9a1bdf6c0c8852fcd7784fc8954decad8f31,"IT4J_RELEASE_3_4_3, IT4J_RELEASE_3_4_4",iextrading4j-client.src.test.java.pl.zankowski.iextrading4j.client.sse.request.alternative.CryptoQuoteSseRequestBuilderTest.java,False,False
WojciechZankowski/iextrading4j,f1ab9a1bdf6c0c8852fcd7784fc8954decad8f31,"IT4J_RELEASE_3_4_3, IT4J_RELEASE_3_4_4",iextrading4j-client.src.test.java.pl.zankowski.iextrading4j.client.sse.request.alternative.CryptoEventSseRequestBuilderTest.java,False,False
WojciechZankowski/iextrading4j,f1ab9a1bdf6c0c8852fcd7784fc8954decad8f31,"IT4J_RELEASE_3_4_3, IT4J_RELEASE_3_4_4",iextrading4j-client.src.test.java.pl.zankowski.iextrading4j.client.sse.request.alternative.CryptoBookSseRequestBuilderTest.java,False,False
WojciechZankowski/iextrading4j,f1ab9a1bdf6c0c8852fcd7784fc8954decad8f31,"IT4J_RELEASE_3_4_3, IT4J_RELEASE_3_4_4",iextrading4j-client.src.test.java.pl.zankowski.iextrading4j.client.sse.manager.SseRequestTest.java,False,False
WojciechZankowski/iextrading4j,f1ab9a1bdf6c0c8852fcd7784fc8954decad8f31,"IT4J_RELEASE_3_4_3, IT4J_RELEASE_3_4_4",iextrading4j-client.src.test.java.pl.zankowski.iextrading4j.client.sse.manager.SseClientTest.java,False,False
WojciechZankowski/iextrading4j,f1ab9a1bdf6c0c8852fcd7784fc8954decad8f31,"IT4J_RELEASE_3_4_3, IT4J_RELEASE_3_4_4",iextrading4j-client.src.test.java.pl.zankowski.iextrading4j.client.sse.manager.SseClientMetadataTest.java,False,False
WojciechZankowski/iextrading4j,f1ab9a1bdf6c0c8852fcd7784fc8954decad8f31,"IT4J_RELEASE_3_4_3, IT4J_RELEASE_3_4_4",iextrading4j-client.src.test.java.pl.zankowski.iextrading4j.client.sse.endpoint.GenericSseEndpointTest.java,False,True
WojciechZankowski/iextrading4j,f1ab9a1bdf6c0c8852fcd7784fc8954decad8f31,"IT4J_RELEASE_3_4_3, IT4J_RELEASE_3_4_4",iextrading4j-client.src.test.java.pl.zankowski.iextrading4j.client.socket.request.marketdata.deep.DeepConsumerAdapterTest.java,False,True
WojciechZankowski/iextrading4j,f1ab9a1bdf6c0c8852fcd7784fc8954decad8f31,"IT4J_RELEASE_3_4_3, IT4J_RELEASE_3_4_4",iextrading4j-client.src.test.java.pl.zankowski.iextrading4j.client.socket.request.marketdata.deep.DeepAsyncResponseTest.java,False,False
WojciechZankowski/iextrading4j,f1ab9a1bdf6c0c8852fcd7784fc8954decad8f31,"IT4J_RELEASE_3_4_3, IT4J_RELEASE_3_4_4",iextrading4j-client.src.test.java.pl.zankowski.iextrading4j.client.socket.request.marketdata.deep.DeepAsyncRequestTest.java,False,False
WojciechZankowski/iextrading4j,f1ab9a1bdf6c0c8852fcd7784fc8954decad8f31,"IT4J_RELEASE_3_4_3, IT4J_RELEASE_3_4_4",iextrading4j-client.src.test.java.pl.zankowski.iextrading4j.client.socket.request.marketdata.TradingStatusAsyncRequestBuilderTest.java,False,False
WojciechZankowski/iextrading4j,f1ab9a1bdf6c0c8852fcd7784fc8954decad8f31,"IT4J_RELEASE_3_4_3, IT4J_RELEASE_3_4_4",iextrading4j-client.src.test.java.pl.zankowski.iextrading4j.client.socket.request.marketdata.TradesAsyncRequestBuilderTest.java,False,False
WojciechZankowski/iextrading4j,f1ab9a1bdf6c0c8852fcd7784fc8954decad8f31,"IT4J_RELEASE_3_4_3, IT4J_RELEASE_3_4_4",iextrading4j-client.src.test.java.pl.zankowski.iextrading4j.client.socket.request.marketdata.TradeBreakAsyncRequestBuilderTest.java,False,False
WojciechZankowski/iextrading4j,f1ab9a1bdf6c0c8852fcd7784fc8954decad8f31,"IT4J_RELEASE_3_4_3, IT4J_RELEASE_3_4_4",iextrading4j-client.src.test.java.pl.zankowski.iextrading4j.client.socket.request.marketdata.TopsAsyncRequestBuilderTest.java,False,False
WojciechZankowski/iextrading4j,f1ab9a1bdf6c0c8852fcd7784fc8954decad8f31,"IT4J_RELEASE_3_4_3, IT4J_RELEASE_3_4_4",iextrading4j-client.src.test.java.pl.zankowski.iextrading4j.client.socket.request.marketdata.SystemEventAsyncRequestBuilderTest.java,False,False
WojciechZankowski/iextrading4j,f1ab9a1bdf6c0c8852fcd7784fc8954decad8f31,"IT4J_RELEASE_3_4_3, IT4J_RELEASE_3_4_4",iextrading4j-client.src.test.java.pl.zankowski.iextrading4j.client.socket.request.marketdata.SsrStatusAsyncRequestBuilderTest.java,False,False
WojciechZankowski/iextrading4j,f1ab9a1bdf6c0c8852fcd7784fc8954decad8f31,"IT4J_RELEASE_3_4_3, IT4J_RELEASE_3_4_4",iextrading4j-client.src.test.java.pl.zankowski.iextrading4j.client.socket.request.marketdata.SecurityEventAsyncRequestBuilderTest.java,False,False
WojciechZankowski/iextrading4j,f1ab9a1bdf6c0c8852fcd7784fc8954decad8f31,"IT4J_RELEASE_3_4_3, IT4J_RELEASE_3_4_4",iextrading4j-client.src.test.java.pl.zankowski.iextrading4j.client.socket.request.marketdata.OpHaltStatusAsyncRequestBuilderTest.java,False,False
WojciechZankowski/iextrading4j,f1ab9a1bdf6c0c8852fcd7784fc8954decad8f31,"IT4J_RELEASE_3_4_3, IT4J_RELEASE_3_4_4",iextrading4j-client.src.test.java.pl.zankowski.iextrading4j.client.socket.request.marketdata.LastAsyncRequestBuilderTest.java,False,False
WojciechZankowski/iextrading4j,f1ab9a1bdf6c0c8852fcd7784fc8954decad8f31,"IT4J_RELEASE_3_4_3, IT4J_RELEASE_3_4_4",iextrading4j-client.src.test.java.pl.zankowski.iextrading4j.client.socket.request.marketdata.DeepAsyncRequestBuilderTest.java,False,False
WojciechZankowski/iextrading4j,f1ab9a1bdf6c0c8852fcd7784fc8954decad8f31,"IT4J_RELEASE_3_4_3, IT4J_RELEASE_3_4_4",iextrading4j-client.src.test.java.pl.zankowski.iextrading4j.client.socket.request.marketdata.BookAsyncRequestBuilderTest.java,False,False
WojciechZankowski/iextrading4j,f1ab9a1bdf6c0c8852fcd7784fc8954decad8f31,"IT4J_RELEASE_3_4_3, IT4J_RELEASE_3_4_4",iextrading4j-client.src.test.java.pl.zankowski.iextrading4j.client.socket.request.marketdata.AuctionAsyncRequestBuilderTest.java,False,False
WojciechZankowski/iextrading4j,f1ab9a1bdf6c0c8852fcd7784fc8954decad8f31,"IT4J_RELEASE_3_4_3, IT4J_RELEASE_3_4_4",iextrading4j-client.src.test.java.pl.zankowski.iextrading4j.client.socket.request.marketdata.AbstractSymbolAsyncRequestBuilderTest.java,False,False
WojciechZankowski/iextrading4j,f1ab9a1bdf6c0c8852fcd7784fc8954decad8f31,"IT4J_RELEASE_3_4_3, IT4J_RELEASE_3_4_4",iextrading4j-client.src.test.java.pl.zankowski.iextrading4j.client.socket.request.market.MarketAsyncRequestBuilderTest.java,False,False
WojciechZankowski/iextrading4j,f1ab9a1bdf6c0c8852fcd7784fc8954decad8f31,"IT4J_RELEASE_3_4_3, IT4J_RELEASE_3_4_4",iextrading4j-client.src.test.java.pl.zankowski.iextrading4j.client.socket.manager.SocketRequestTest.java,False,False
WojciechZankowski/iextrading4j,f1ab9a1bdf6c0c8852fcd7784fc8954decad8f31,"IT4J_RELEASE_3_4_3, IT4J_RELEASE_3_4_4",iextrading4j-client.src.test.java.pl.zankowski.iextrading4j.client.socket.manager.SocketRequestBuilderTest.java,False,False
WojciechZankowski/iextrading4j,f1ab9a1bdf6c0c8852fcd7784fc8954decad8f31,"IT4J_RELEASE_3_4_3, IT4J_RELEASE_3_4_4",iextrading4j-client.src.test.java.pl.zankowski.iextrading4j.client.socket.manager.SocketManagerTest.java,False,True
WojciechZankowski/iextrading4j,f1ab9a1bdf6c0c8852fcd7784fc8954decad8f31,"IT4J_RELEASE_3_4_3, IT4J_RELEASE_3_4_4",iextrading4j-client.src.test.java.pl.zankowski.iextrading4j.client.socket.endpoint.GenericSocketEndpointTest.java,False,True
WojciechZankowski/iextrading4j,f1ab9a1bdf6c0c8852fcd7784fc8954decad8f31,"IT4J_RELEASE_3_4_3, IT4J_RELEASE_3_4_4",iextrading4j-client.src.test.java.pl.zankowski.iextrading4j.client.rest.request.system.SystemStatusRequestBuilderTest.java,False,False
WojciechZankowski/iextrading4j,f1ab9a1bdf6c0c8852fcd7784fc8954decad8f31,"IT4J_RELEASE_3_4_3, IT4J_RELEASE_3_4_4",iextrading4j-client.src.test.java.pl.zankowski.iextrading4j.client.rest.request.stocks.v1.TechnicalIndicatorRequestBuilderTest.java,False,False
WojciechZankowski/iextrading4j,f1ab9a1bdf6c0c8852fcd7784fc8954decad8f31,"IT4J_RELEASE_3_4_3, IT4J_RELEASE_3_4_4",iextrading4j-client.src.test.java.pl.zankowski.iextrading4j.client.rest.request.stocks.v1.SplitsRequestBuilderTest.java,False,False
WojciechZankowski/iextrading4j,f1ab9a1bdf6c0c8852fcd7784fc8954decad8f31,"IT4J_RELEASE_3_4_3, IT4J_RELEASE_3_4_4",iextrading4j-client.src.test.java.pl.zankowski.iextrading4j.client.rest.request.stocks.v1.RecommendationTrendsRequestBuilderTest.java,False,False
WojciechZankowski/iextrading4j,f1ab9a1bdf6c0c8852fcd7784fc8954decad8f31,"IT4J_RELEASE_3_4_3, IT4J_RELEASE_3_4_4",iextrading4j-client.src.test.java.pl.zankowski.iextrading4j.client.rest.request.stocks.v1.PriceTargetRequestBuilderTest.java,False,False
WojciechZankowski/iextrading4j,f1ab9a1bdf6c0c8852fcd7784fc8954decad8f31,"IT4J_RELEASE_3_4_3, IT4J_RELEASE_3_4_4",iextrading4j-client.src.test.java.pl.zankowski.iextrading4j.client.rest.request.stocks.v1.PreviousRequestBuilderTest.java,False,False
WojciechZankowski/iextrading4j,f1ab9a1bdf6c0c8852fcd7784fc8954decad8f31,"IT4J_RELEASE_3_4_3, IT4J_RELEASE_3_4_4",iextrading4j-client.src.test.java.pl.zankowski.iextrading4j.client.rest.request.stocks.v1.PreviousMarketRequestBuilderTest.java,False,False
WojciechZankowski/iextrading4j,f1ab9a1bdf6c0c8852fcd7784fc8954decad8f31,"IT4J_RELEASE_3_4_3, IT4J_RELEASE_3_4_4",iextrading4j-client.src.test.java.pl.zankowski.iextrading4j.client.rest.request.stocks.v1.NewsRequestBuilderTest.java,False,False
WojciechZankowski/iextrading4j,f1ab9a1bdf6c0c8852fcd7784fc8954decad8f31,"IT4J_RELEASE_3_4_3, IT4J_RELEASE_3_4_4",iextrading4j-client.src.test.java.pl.zankowski.iextrading4j.client.rest.request.stocks.v1.KeyStatsRequestBuilderTest.java,False,False
WojciechZankowski/iextrading4j,f1ab9a1bdf6c0c8852fcd7784fc8954decad8f31,"IT4J_RELEASE_3_4_3, IT4J_RELEASE_3_4_4",iextrading4j-client.src.test.java.pl.zankowski.iextrading4j.client.rest.request.stocks.v1.IntradayRequestBuilderTest.java,False,False
WojciechZankowski/iextrading4j,f1ab9a1bdf6c0c8852fcd7784fc8954decad8f31,"IT4J_RELEASE_3_4_3, IT4J_RELEASE_3_4_4",iextrading4j-client.src.test.java.pl.zankowski.iextrading4j.client.rest.request.stocks.v1.InstitutionalOwnershipRequestBuilderTest.java,False,False
WojciechZankowski/iextrading4j,f1ab9a1bdf6c0c8852fcd7784fc8954decad8f31,"IT4J_RELEASE_3_4_3, IT4J_RELEASE_3_4_4",iextrading4j-client.src.test.java.pl.zankowski.iextrading4j.client.rest.request.stocks.v1.InsiderTransactionRequestBuilderTest.java,False,False
WojciechZankowski/iextrading4j,f1ab9a1bdf6c0c8852fcd7784fc8954decad8f31,"IT4J_RELEASE_3_4_3, IT4J_RELEASE_3_4_4",iextrading4j-client.src.test.java.pl.zankowski.iextrading4j.client.rest.request.stocks.v1.InsiderSummaryRequestBuilderTest.java,False,False
WojciechZankowski/iextrading4j,f1ab9a1bdf6c0c8852fcd7784fc8954decad8f31,"IT4J_RELEASE_3_4_3, IT4J_RELEASE_3_4_4",iextrading4j-client.src.test.java.pl.zankowski.iextrading4j.client.rest.request.stocks.v1.InsiderRosterRequestBuilderTest.java,False,False
WojciechZankowski/iextrading4j,f1ab9a1bdf6c0c8852fcd7784fc8954decad8f31,"IT4J_RELEASE_3_4_3, IT4J_RELEASE_3_4_4",iextrading4j-client.src.test.java.pl.zankowski.iextrading4j.client.rest.request.stocks.v1.IncomeStatementRequestBuilderTest.java,False,False
WojciechZankowski/iextrading4j,f1ab9a1bdf6c0c8852fcd7784fc8954decad8f31,"IT4J_RELEASE_3_4_3, IT4J_RELEASE_3_4_4",iextrading4j-client.src.test.java.pl.zankowski.iextrading4j.client.rest.request.stocks.v1.FundOwnershipRequestBuilderTest.java,False,False
WojciechZankowski/iextrading4j,f1ab9a1bdf6c0c8852fcd7784fc8954decad8f31,"IT4J_RELEASE_3_4_3, IT4J_RELEASE_3_4_4",iextrading4j-client.src.test.java.pl.zankowski.iextrading4j.client.rest.request.stocks.v1.FinancialsRequestBuilderTest.java,False,False
WojciechZankowski/iextrading4j,f1ab9a1bdf6c0c8852fcd7784fc8954decad8f31,"IT4J_RELEASE_3_4_3, IT4J_RELEASE_3_4_4",iextrading4j-client.src.test.java.pl.zankowski.iextrading4j.client.rest.request.stocks.v1.EstimatesRequestBuilderTest.java,False,False
WojciechZankowski/iextrading4j,f1ab9a1bdf6c0c8852fcd7784fc8954decad8f31,"IT4J_RELEASE_3_4_3, IT4J_RELEASE_3_4_4",iextrading4j-client.src.test.java.pl.zankowski.iextrading4j.client.rest.request.stocks.v1.DividendsRequestBuilderTest.java,False,False
WojciechZankowski/iextrading4j,f1ab9a1bdf6c0c8852fcd7784fc8954decad8f31,"IT4J_RELEASE_3_4_3, IT4J_RELEASE_3_4_4",iextrading4j-client.src.test.java.pl.zankowski.iextrading4j.client.rest.request.stocks.v1.CashFlowRequestBuilderTest.java,False,False
WojciechZankowski/iextrading4j,f1ab9a1bdf6c0c8852fcd7784fc8954decad8f31,"IT4J_RELEASE_3_4_3, IT4J_RELEASE_3_4_4",iextrading4j-client.src.test.java.pl.zankowski.iextrading4j.client.rest.request.stocks.v1.BatchStocksRequestBuilderTest.java,False,False
WojciechZankowski/iextrading4j,f1ab9a1bdf6c0c8852fcd7784fc8954decad8f31,"IT4J_RELEASE_3_4_3, IT4J_RELEASE_3_4_4",iextrading4j-client.src.test.java.pl.zankowski.iextrading4j.client.rest.request.stocks.v1.BatchMarketStocksRequestBuilderTest.java,False,False
WojciechZankowski/iextrading4j,f1ab9a1bdf6c0c8852fcd7784fc8954decad8f31,"IT4J_RELEASE_3_4_3, IT4J_RELEASE_3_4_4",iextrading4j-client.src.test.java.pl.zankowski.iextrading4j.client.rest.request.stocks.v1.BalanceSheetRequestBuilderTest.java,False,False
WojciechZankowski/iextrading4j,f1ab9a1bdf6c0c8852fcd7784fc8954decad8f31,"IT4J_RELEASE_3_4_3, IT4J_RELEASE_3_4_4",iextrading4j-client.src.test.java.pl.zankowski.iextrading4j.client.rest.request.stocks.v1.AdvancedStatsRequestBuilderTest.java,False,False
WojciechZankowski/iextrading4j,f1ab9a1bdf6c0c8852fcd7784fc8954decad8f31,"IT4J_RELEASE_3_4_3, IT4J_RELEASE_3_4_4",iextrading4j-client.src.test.java.pl.zankowski.iextrading4j.client.rest.request.stocks.VenueVolumeRequestBuilderTest.java,False,False
WojciechZankowski/iextrading4j,f1ab9a1bdf6c0c8852fcd7784fc8954decad8f31,"IT4J_RELEASE_3_4_3, IT4J_RELEASE_3_4_4",iextrading4j-client.src.test.java.pl.zankowski.iextrading4j.client.rest.request.stocks.UpcomingIposRequestBuilderTest.java,False,False
WojciechZankowski/iextrading4j,f1ab9a1bdf6c0c8852fcd7784fc8954decad8f31,"IT4J_RELEASE_3_4_3, IT4J_RELEASE_3_4_4",iextrading4j-client.src.test.java.pl.zankowski.iextrading4j.client.rest.request.stocks.TodayIposRequestBuilderTest.java,False,False
WojciechZankowski/iextrading4j,f1ab9a1bdf6c0c8852fcd7784fc8954decad8f31,"IT4J_RELEASE_3_4_3, IT4J_RELEASE_3_4_4",iextrading4j-client.src.test.java.pl.zankowski.iextrading4j.client.rest.request.stocks.TodayEarningsRequestBuilderTest.java,False,False
WojciechZankowski/iextrading4j,f1ab9a1bdf6c0c8852fcd7784fc8954decad8f31,"IT4J_RELEASE_3_4_3, IT4J_RELEASE_3_4_4",iextrading4j-client.src.test.java.pl.zankowski.iextrading4j.client.rest.request.stocks.ThresholdSecuritiesRequestBuilderTest.java,False,False
WojciechZankowski/iextrading4j,f1ab9a1bdf6c0c8852fcd7784fc8954decad8f31,"IT4J_RELEASE_3_4_3, IT4J_RELEASE_3_4_4",iextrading4j-client.src.test.java.pl.zankowski.iextrading4j.client.rest.request.stocks.ShortInterestRequestBuilderTest.java,False,False
WojciechZankowski/iextrading4j,f1ab9a1bdf6c0c8852fcd7784fc8954decad8f31,"IT4J_RELEASE_3_4_3, IT4J_RELEASE_3_4_4",iextrading4j-client.src.test.java.pl.zankowski.iextrading4j.client.rest.request.stocks.SectorPerformanceRequestBuilderTest.java,False,False
WojciechZankowski/iextrading4j,f1ab9a1bdf6c0c8852fcd7784fc8954decad8f31,"IT4J_RELEASE_3_4_3, IT4J_RELEASE_3_4_4",iextrading4j-client.src.test.java.pl.zankowski.iextrading4j.client.rest.request.stocks.QuoteRequestBuilderTest.java,False,False
WojciechZankowski/iextrading4j,f1ab9a1bdf6c0c8852fcd7784fc8954decad8f31,"IT4J_RELEASE_3_4_3, IT4J_RELEASE_3_4_4",iextrading4j-client.src.test.java.pl.zankowski.iextrading4j.client.rest.request.stocks.PriceRequestBuilderTest.java,False,False
WojciechZankowski/iextrading4j,f1ab9a1bdf6c0c8852fcd7784fc8954decad8f31,"IT4J_RELEASE_3_4_3, IT4J_RELEASE_3_4_4",iextrading4j-client.src.test.java.pl.zankowski.iextrading4j.client.rest.request.stocks.PeersRequestBuilderTest.java,False,False
WojciechZankowski/iextrading4j,f1ab9a1bdf6c0c8852fcd7784fc8954decad8f31,"IT4J_RELEASE_3_4_3, IT4J_RELEASE_3_4_4",iextrading4j-client.src.test.java.pl.zankowski.iextrading4j.client.rest.request.stocks.OpenCloseRequestBuilderTest.java,False,False
WojciechZankowski/iextrading4j,f1ab9a1bdf6c0c8852fcd7784fc8954decad8f31,"IT4J_RELEASE_3_4_3, IT4J_RELEASE_3_4_4",iextrading4j-client.src.test.java.pl.zankowski.iextrading4j.client.rest.request.stocks.OhlcRequestBuilderTest.java,False,False
WojciechZankowski/iextrading4j,f1ab9a1bdf6c0c8852fcd7784fc8954decad8f31,"IT4J_RELEASE_3_4_3, IT4J_RELEASE_3_4_4",iextrading4j-client.src.test.java.pl.zankowski.iextrading4j.client.rest.request.stocks.OhlcMarketRequestBuilderTest.java,False,False
WojciechZankowski/iextrading4j,f1ab9a1bdf6c0c8852fcd7784fc8954decad8f31,"IT4J_RELEASE_3_4_3, IT4J_RELEASE_3_4_4",iextrading4j-client.src.test.java.pl.zankowski.iextrading4j.client.rest.request.stocks.LogoRequestBuilderTest.java,False,False
WojciechZankowski/iextrading4j,f1ab9a1bdf6c0c8852fcd7784fc8954decad8f31,"IT4J_RELEASE_3_4_3, IT4J_RELEASE_3_4_4",iextrading4j-client.src.test.java.pl.zankowski.iextrading4j.client.rest.request.stocks.ListRequestBuilderTest.java,False,False
WojciechZankowski/iextrading4j,f1ab9a1bdf6c0c8852fcd7784fc8954decad8f31,"IT4J_RELEASE_3_4_3, IT4J_RELEASE_3_4_4",iextrading4j-client.src.test.java.pl.zankowski.iextrading4j.client.rest.request.stocks.LargestTradeRequestBuilderTest.java,False,False
WojciechZankowski/iextrading4j,f1ab9a1bdf6c0c8852fcd7784fc8954decad8f31,"IT4J_RELEASE_3_4_3, IT4J_RELEASE_3_4_4",iextrading4j-client.src.test.java.pl.zankowski.iextrading4j.client.rest.request.stocks.EffectiveSpreadRequestBuilderTest.java,False,False
WojciechZankowski/iextrading4j,f1ab9a1bdf6c0c8852fcd7784fc8954decad8f31,"IT4J_RELEASE_3_4_3, IT4J_RELEASE_3_4_4",iextrading4j-client.src.test.java.pl.zankowski.iextrading4j.client.rest.request.stocks.EarningsRequestBuilderTest.java,False,False
WojciechZankowski/iextrading4j,f1ab9a1bdf6c0c8852fcd7784fc8954decad8f31,"IT4J_RELEASE_3_4_3, IT4J_RELEASE_3_4_4",iextrading4j-client.src.test.java.pl.zankowski.iextrading4j.client.rest.request.stocks.DelayedQuoteRequestBuilderTest.java,False,False
WojciechZankowski/iextrading4j,f1ab9a1bdf6c0c8852fcd7784fc8954decad8f31,"IT4J_RELEASE_3_4_3, IT4J_RELEASE_3_4_4",iextrading4j-client.src.test.java.pl.zankowski.iextrading4j.client.rest.request.stocks.CompanyRequestBuilderTest.java,False,False
WojciechZankowski/iextrading4j,f1ab9a1bdf6c0c8852fcd7784fc8954decad8f31,"IT4J_RELEASE_3_4_3, IT4J_RELEASE_3_4_4",iextrading4j-client.src.test.java.pl.zankowski.iextrading4j.client.rest.request.stocks.CollectionRequestBuilderTest.java,False,False
WojciechZankowski/iextrading4j,f1ab9a1bdf6c0c8852fcd7784fc8954decad8f31,"IT4J_RELEASE_3_4_3, IT4J_RELEASE_3_4_4",iextrading4j-client.src.test.java.pl.zankowski.iextrading4j.client.rest.request.stocks.ChartRequestBuilderTest.java,False,False
WojciechZankowski/iextrading4j,f1ab9a1bdf6c0c8852fcd7784fc8954decad8f31,"IT4J_RELEASE_3_4_3, IT4J_RELEASE_3_4_4",iextrading4j-client.src.test.java.pl.zankowski.iextrading4j.client.rest.request.stats.RecordStatsRequestBuilderTest.java,False,False
WojciechZankowski/iextrading4j,f1ab9a1bdf6c0c8852fcd7784fc8954decad8f31,"IT4J_RELEASE_3_4_3, IT4J_RELEASE_3_4_4",iextrading4j-client.src.test.java.pl.zankowski.iextrading4j.client.rest.request.stats.RecentStatsRequestBuilderTest.java,False,False
WojciechZankowski/iextrading4j,f1ab9a1bdf6c0c8852fcd7784fc8954decad8f31,"IT4J_RELEASE_3_4_3, IT4J_RELEASE_3_4_4",iextrading4j-client.src.test.java.pl.zankowski.iextrading4j.client.rest.request.stats.IntradayStatsRequestBuilderTest.java,False,False
WojciechZankowski/iextrading4j,f1ab9a1bdf6c0c8852fcd7784fc8954decad8f31,"IT4J_RELEASE_3_4_3, IT4J_RELEASE_3_4_4",iextrading4j-client.src.test.java.pl.zankowski.iextrading4j.client.rest.request.stats.HistoricalStatsRequestBuilderTest.java,False,False
WojciechZankowski/iextrading4j,f1ab9a1bdf6c0c8852fcd7784fc8954decad8f31,"IT4J_RELEASE_3_4_3, IT4J_RELEASE_3_4_4",iextrading4j-client.src.test.java.pl.zankowski.iextrading4j.client.rest.request.stats.HistoricalDailyStatsRequestBuilderTest.java,False,False
WojciechZankowski/iextrading4j,f1ab9a1bdf6c0c8852fcd7784fc8954decad8f31,"IT4J_RELEASE_3_4_3, IT4J_RELEASE_3_4_4",iextrading4j-client.src.test.java.pl.zankowski.iextrading4j.client.rest.request.refdata.v1.UsHolidayAndTradingDateRequestBuilderTest.java,False,False
WojciechZankowski/iextrading4j,f1ab9a1bdf6c0c8852fcd7784fc8954decad8f31,"IT4J_RELEASE_3_4_3, IT4J_RELEASE_3_4_4",iextrading4j-client.src.test.java.pl.zankowski.iextrading4j.client.rest.request.refdata.v1.UsExchangeRequestBuilderTest.java,False,False
WojciechZankowski/iextrading4j,f1ab9a1bdf6c0c8852fcd7784fc8954decad8f31,"IT4J_RELEASE_3_4_3, IT4J_RELEASE_3_4_4",iextrading4j-client.src.test.java.pl.zankowski.iextrading4j.client.rest.request.refdata.v1.TagRequestBuilderTest.java,False,False
WojciechZankowski/iextrading4j,f1ab9a1bdf6c0c8852fcd7784fc8954decad8f31,"IT4J_RELEASE_3_4_3, IT4J_RELEASE_3_4_4",iextrading4j-client.src.test.java.pl.zankowski.iextrading4j.client.rest.request.refdata.v1.SectorRequestBuilderTest.java,False,False
WojciechZankowski/iextrading4j,f1ab9a1bdf6c0c8852fcd7784fc8954decad8f31,"IT4J_RELEASE_3_4_3, IT4J_RELEASE_3_4_4",iextrading4j-client.src.test.java.pl.zankowski.iextrading4j.client.rest.request.refdata.v1.SearchSymbolRequestBuilderTest.java,False,False
WojciechZankowski/iextrading4j,f1ab9a1bdf6c0c8852fcd7784fc8954decad8f31,"IT4J_RELEASE_3_4_3, IT4J_RELEASE_3_4_4",iextrading4j-client.src.test.java.pl.zankowski.iextrading4j.client.rest.request.refdata.v1.RegionSymbolsRequestBuilderTest.java,False,False
WojciechZankowski/iextrading4j,f1ab9a1bdf6c0c8852fcd7784fc8954decad8f31,"IT4J_RELEASE_3_4_3, IT4J_RELEASE_3_4_4",iextrading4j-client.src.test.java.pl.zankowski.iextrading4j.client.rest.request.refdata.v1.OtcSymbolsRequestBuilderTest.java,False,False
WojciechZankowski/iextrading4j,f1ab9a1bdf6c0c8852fcd7784fc8954decad8f31,"IT4J_RELEASE_3_4_3, IT4J_RELEASE_3_4_4",iextrading4j-client.src.test.java.pl.zankowski.iextrading4j.client.rest.request.refdata.v1.OptionsSymbolsRequestBuilderTest.java,False,False
WojciechZankowski/iextrading4j,f1ab9a1bdf6c0c8852fcd7784fc8954decad8f31,"IT4J_RELEASE_3_4_3, IT4J_RELEASE_3_4_4",iextrading4j-client.src.test.java.pl.zankowski.iextrading4j.client.rest.request.refdata.v1.MutualFundSymbolsRequestBuilderTest.java,False,False
WojciechZankowski/iextrading4j,f1ab9a1bdf6c0c8852fcd7784fc8954decad8f31,"IT4J_RELEASE_3_4_3, IT4J_RELEASE_3_4_4",iextrading4j-client.src.test.java.pl.zankowski.iextrading4j.client.rest.request.refdata.v1.IsinMapperRequestBuilderTest.java,False,False
WojciechZankowski/iextrading4j,f1ab9a1bdf6c0c8852fcd7784fc8954decad8f31,"IT4J_RELEASE_3_4_3, IT4J_RELEASE_3_4_4",iextrading4j-client.src.test.java.pl.zankowski.iextrading4j.client.rest.request.refdata.v1.IEXSymbolsRequestBuilderTest.java,False,False
WojciechZankowski/iextrading4j,f1ab9a1bdf6c0c8852fcd7784fc8954decad8f31,"IT4J_RELEASE_3_4_3, IT4J_RELEASE_3_4_4",iextrading4j-client.src.test.java.pl.zankowski.iextrading4j.client.rest.request.refdata.v1.FxSymbolRequestBuilderTest.java,False,False
WojciechZankowski/iextrading4j,f1ab9a1bdf6c0c8852fcd7784fc8954decad8f31,"IT4J_RELEASE_3_4_3, IT4J_RELEASE_3_4_4",iextrading4j-client.src.test.java.pl.zankowski.iextrading4j.client.rest.request.refdata.v1.ExchangeSymbolsRequestBuilderTest.java,False,False
WojciechZankowski/iextrading4j,f1ab9a1bdf6c0c8852fcd7784fc8954decad8f31,"IT4J_RELEASE_3_4_3, IT4J_RELEASE_3_4_4",iextrading4j-client.src.test.java.pl.zankowski.iextrading4j.client.rest.request.refdata.v1.ExchangeRequestBuilderTest.java,False,False
WojciechZankowski/iextrading4j,f1ab9a1bdf6c0c8852fcd7784fc8954decad8f31,"IT4J_RELEASE_3_4_3, IT4J_RELEASE_3_4_4",iextrading4j-client.src.test.java.pl.zankowski.iextrading4j.client.rest.request.refdata.SymbolsRequestBuilderTest.java,False,False
WojciechZankowski/iextrading4j,f1ab9a1bdf6c0c8852fcd7784fc8954decad8f31,"IT4J_RELEASE_3_4_3, IT4J_RELEASE_3_4_4",iextrading4j-client.src.test.java.pl.zankowski.iextrading4j.client.rest.request.refdata.IEXSymbolDirectoryRequestBuilderTest.java,False,False
WojciechZankowski/iextrading4j,f1ab9a1bdf6c0c8852fcd7784fc8954decad8f31,"IT4J_RELEASE_3_4_3, IT4J_RELEASE_3_4_4",iextrading4j-client.src.test.java.pl.zankowski.iextrading4j.client.rest.request.refdata.IEXNextDayExDateRequestBuilderTest.java,False,False
WojciechZankowski/iextrading4j,f1ab9a1bdf6c0c8852fcd7784fc8954decad8f31,"IT4J_RELEASE_3_4_3, IT4J_RELEASE_3_4_4",iextrading4j-client.src.test.java.pl.zankowski.iextrading4j.client.rest.request.refdata.IEXDividendsRequestBuilderTest.java,False,False
WojciechZankowski/iextrading4j,f1ab9a1bdf6c0c8852fcd7784fc8954decad8f31,"IT4J_RELEASE_3_4_3, IT4J_RELEASE_3_4_4",iextrading4j-client.src.test.java.pl.zankowski.iextrading4j.client.rest.request.refdata.IEXCorporateActionsRequestBuilderTest.java,False,False
WojciechZankowski/iextrading4j,f1ab9a1bdf6c0c8852fcd7784fc8954decad8f31,"IT4J_RELEASE_3_4_3, IT4J_RELEASE_3_4_4",iextrading4j-client.src.test.java.pl.zankowski.iextrading4j.client.rest.request.refdata.AbstractDailyListRequestBuilderTest.java,False,False
WojciechZankowski/iextrading4j,f1ab9a1bdf6c0c8852fcd7784fc8954decad8f31,"IT4J_RELEASE_3_4_3, IT4J_RELEASE_3_4_4",iextrading4j-client.src.test.java.pl.zankowski.iextrading4j.client.rest.request.options.OptionsRequestBuilderTest.java,False,False
WojciechZankowski/iextrading4j,f1ab9a1bdf6c0c8852fcd7784fc8954decad8f31,"IT4J_RELEASE_3_4_3, IT4J_RELEASE_3_4_4",iextrading4j-client.src.test.java.pl.zankowski.iextrading4j.client.rest.request.marketdata.TradingStatusRequestBuilderTest.java,False,False
WojciechZankowski/iextrading4j,f1ab9a1bdf6c0c8852fcd7784fc8954decad8f31,"IT4J_RELEASE_3_4_3, IT4J_RELEASE_3_4_4",iextrading4j-client.src.test.java.pl.zankowski.iextrading4j.client.rest.request.marketdata.TradeRequestBuilderTest.java,False,False
WojciechZankowski/iextrading4j,f1ab9a1bdf6c0c8852fcd7784fc8954decad8f31,"IT4J_RELEASE_3_4_3, IT4J_RELEASE_3_4_4",iextrading4j-client.src.test.java.pl.zankowski.iextrading4j.client.rest.request.marketdata.TradeBreakRequestBuilderTest.java,False,False
WojciechZankowski/iextrading4j,f1ab9a1bdf6c0c8852fcd7784fc8954decad8f31,"IT4J_RELEASE_3_4_3, IT4J_RELEASE_3_4_4",iextrading4j-client.src.test.java.pl.zankowski.iextrading4j.client.rest.request.marketdata.TopsRequestBuilderTest.java,False,False
WojciechZankowski/iextrading4j,f1ab9a1bdf6c0c8852fcd7784fc8954decad8f31,"IT4J_RELEASE_3_4_3, IT4J_RELEASE_3_4_4",iextrading4j-client.src.test.java.pl.zankowski.iextrading4j.client.rest.request.marketdata.SystemEventRequestBuilderTest.java,False,False
WojciechZankowski/iextrading4j,f1ab9a1bdf6c0c8852fcd7784fc8954decad8f31,"IT4J_RELEASE_3_4_3, IT4J_RELEASE_3_4_4",iextrading4j-client.src.test.java.pl.zankowski.iextrading4j.client.rest.request.marketdata.SsrStatusRequestBuilderTest.java,False,False
WojciechZankowski/iextrading4j,f1ab9a1bdf6c0c8852fcd7784fc8954decad8f31,"IT4J_RELEASE_3_4_3, IT4J_RELEASE_3_4_4",iextrading4j-client.src.test.java.pl.zankowski.iextrading4j.client.rest.request.marketdata.SecurityEventRequestBuilderTest.java,False,False
WojciechZankowski/iextrading4j,f1ab9a1bdf6c0c8852fcd7784fc8954decad8f31,"IT4J_RELEASE_3_4_3, IT4J_RELEASE_3_4_4",iextrading4j-client.src.test.java.pl.zankowski.iextrading4j.client.rest.request.marketdata.OpHaltStatusRequestBuilderTest.java,False,False
WojciechZankowski/iextrading4j,f1ab9a1bdf6c0c8852fcd7784fc8954decad8f31,"IT4J_RELEASE_3_4_3, IT4J_RELEASE_3_4_4",iextrading4j-client.src.test.java.pl.zankowski.iextrading4j.client.rest.request.marketdata.OfficialPriceRequestBuilderTest.java,False,False
WojciechZankowski/iextrading4j,f1ab9a1bdf6c0c8852fcd7784fc8954decad8f31,"IT4J_RELEASE_3_4_3, IT4J_RELEASE_3_4_4",iextrading4j-client.src.test.java.pl.zankowski.iextrading4j.client.rest.request.marketdata.LastTradeRequestBuilderTest.java,False,False
WojciechZankowski/iextrading4j,f1ab9a1bdf6c0c8852fcd7784fc8954decad8f31,"IT4J_RELEASE_3_4_3, IT4J_RELEASE_3_4_4",iextrading4j-client.src.test.java.pl.zankowski.iextrading4j.client.rest.request.marketdata.HistRequestBuilderTest.java,False,False
WojciechZankowski/iextrading4j,f1ab9a1bdf6c0c8852fcd7784fc8954decad8f31,"IT4J_RELEASE_3_4_3, IT4J_RELEASE_3_4_4",iextrading4j-client.src.test.java.pl.zankowski.iextrading4j.client.rest.request.marketdata.DeepRequestBuilderTest.java,False,False
WojciechZankowski/iextrading4j,f1ab9a1bdf6c0c8852fcd7784fc8954decad8f31,"IT4J_RELEASE_3_4_3, IT4J_RELEASE_3_4_4",iextrading4j-client.src.test.java.pl.zankowski.iextrading4j.client.rest.request.marketdata.BookRequestBuilderTest.java,False,False
WojciechZankowski/iextrading4j,f1ab9a1bdf6c0c8852fcd7784fc8954decad8f31,"IT4J_RELEASE_3_4_3, IT4J_RELEASE_3_4_4",iextrading4j-client.src.test.java.pl.zankowski.iextrading4j.client.rest.request.marketdata.AuctionRequestBuilderTest.java,False,False
WojciechZankowski/iextrading4j,f1ab9a1bdf6c0c8852fcd7784fc8954decad8f31,"IT4J_RELEASE_3_4_3, IT4J_RELEASE_3_4_4",iextrading4j-client.src.test.java.pl.zankowski.iextrading4j.client.rest.request.market.MarketRequestBuilderTest.java,False,False
WojciechZankowski/iextrading4j,f1ab9a1bdf6c0c8852fcd7784fc8954decad8f31,"IT4J_RELEASE_3_4_3, IT4J_RELEASE_3_4_4",iextrading4j-client.src.test.java.pl.zankowski.iextrading4j.client.rest.request.forex.LatestCurrencyRatesRequestBuilderTest.java,False,False
WojciechZankowski/iextrading4j,f1ab9a1bdf6c0c8852fcd7784fc8954decad8f31,"IT4J_RELEASE_3_4_3, IT4J_RELEASE_3_4_4",iextrading4j-client.src.test.java.pl.zankowski.iextrading4j.client.rest.request.forex.HistoricalRatesRequestBuilderTest.java,False,False
WojciechZankowski/iextrading4j,f1ab9a1bdf6c0c8852fcd7784fc8954decad8f31,"IT4J_RELEASE_3_4_3, IT4J_RELEASE_3_4_4",iextrading4j-client.src.test.java.pl.zankowski.iextrading4j.client.rest.request.forex.ExchangeRateRequestBuilderTest.java,False,False
WojciechZankowski/iextrading4j,f1ab9a1bdf6c0c8852fcd7784fc8954decad8f31,"IT4J_RELEASE_3_4_3, IT4J_RELEASE_3_4_4",iextrading4j-client.src.test.java.pl.zankowski.iextrading4j.client.rest.request.forex.CurrencyConversionRequestBuilderTest.java,False,False
WojciechZankowski/iextrading4j,f1ab9a1bdf6c0c8852fcd7784fc8954decad8f31,"IT4J_RELEASE_3_4_3, IT4J_RELEASE_3_4_4",iextrading4j-client.src.test.java.pl.zankowski.iextrading4j.client.rest.request.filter.RequestFilterTest.java,False,False
WojciechZankowski/iextrading4j,f1ab9a1bdf6c0c8852fcd7784fc8954decad8f31,"IT4J_RELEASE_3_4_3, IT4J_RELEASE_3_4_4",iextrading4j-client.src.test.java.pl.zankowski.iextrading4j.client.rest.request.filter.RequestFilterBuilderTest.java,False,False
WojciechZankowski/iextrading4j,f1ab9a1bdf6c0c8852fcd7784fc8954decad8f31,"IT4J_RELEASE_3_4_3, IT4J_RELEASE_3_4_4",iextrading4j-client.src.test.java.pl.zankowski.iextrading4j.client.rest.request.datapoint.TimeSeriesRequestBuilderTest.java,False,False
WojciechZankowski/iextrading4j,f1ab9a1bdf6c0c8852fcd7784fc8954decad8f31,"IT4J_RELEASE_3_4_3, IT4J_RELEASE_3_4_4",iextrading4j-client.src.test.java.pl.zankowski.iextrading4j.client.rest.request.datapoint.DataPointsRequestBuilderTest.java,False,False
WojciechZankowski/iextrading4j,f1ab9a1bdf6c0c8852fcd7784fc8954decad8f31,"IT4J_RELEASE_3_4_3, IT4J_RELEASE_3_4_4",iextrading4j-client.src.test.java.pl.zankowski.iextrading4j.client.rest.request.corporate.AdvancedSplitsRequestBuilderTest.java,False,False
WojciechZankowski/iextrading4j,f1ab9a1bdf6c0c8852fcd7784fc8954decad8f31,"IT4J_RELEASE_3_4_3, IT4J_RELEASE_3_4_4",iextrading4j-client.src.test.java.pl.zankowski.iextrading4j.client.rest.request.corporate.AdvancedDistributionRequestBuilderTest.java,False,False
WojciechZankowski/iextrading4j,f1ab9a1bdf6c0c8852fcd7784fc8954decad8f31,"IT4J_RELEASE_3_4_3, IT4J_RELEASE_3_4_4",iextrading4j-client.src.test.java.pl.zankowski.iextrading4j.client.rest.request.corporate.AdvancedBonusRequestBuilderTest.java,False,False
WojciechZankowski/iextrading4j,f1ab9a1bdf6c0c8852fcd7784fc8954decad8f31,"IT4J_RELEASE_3_4_3, IT4J_RELEASE_3_4_4",iextrading4j-client.src.test.java.pl.zankowski.iextrading4j.client.rest.request.alternative.SentimentRequestBuilderTest.java,False,False
WojciechZankowski/iextrading4j,f1ab9a1bdf6c0c8852fcd7784fc8954decad8f31,"IT4J_RELEASE_3_4_3, IT4J_RELEASE_3_4_4",iextrading4j-client.src.test.java.pl.zankowski.iextrading4j.client.rest.request.alternative.DailySentimentRequestBuilderTest.java,False,False
WojciechZankowski/iextrading4j,f1ab9a1bdf6c0c8852fcd7784fc8954decad8f31,"IT4J_RELEASE_3_4_3, IT4J_RELEASE_3_4_4",iextrading4j-client.src.test.java.pl.zankowski.iextrading4j.client.rest.request.alternative.CryptoRequestBuilderTest.java,False,False
WojciechZankowski/iextrading4j,f1ab9a1bdf6c0c8852fcd7784fc8954decad8f31,"IT4J_RELEASE_3_4_3, IT4J_RELEASE_3_4_4",iextrading4j-client.src.test.java.pl.zankowski.iextrading4j.client.rest.request.alternative.CryptoPriceRequestBuilderTest.java,False,False
WojciechZankowski/iextrading4j,f1ab9a1bdf6c0c8852fcd7784fc8954decad8f31,"IT4J_RELEASE_3_4_3, IT4J_RELEASE_3_4_4",iextrading4j-client.src.test.java.pl.zankowski.iextrading4j.client.rest.request.alternative.CryptoBookRequestBuilderTest.java,False,False
WojciechZankowski/iextrading4j,f1ab9a1bdf6c0c8852fcd7784fc8954decad8f31,"IT4J_RELEASE_3_4_3, IT4J_RELEASE_3_4_4",iextrading4j-client.src.test.java.pl.zankowski.iextrading4j.client.rest.request.alternative.CeoCompensationRequestBuilderTest.java,False,False
WojciechZankowski/iextrading4j,f1ab9a1bdf6c0c8852fcd7784fc8954decad8f31,"IT4J_RELEASE_3_4_3, IT4J_RELEASE_3_4_4",iextrading4j-client.src.test.java.pl.zankowski.iextrading4j.client.rest.request.account.UsageRequestBuilderTest.java,False,False
WojciechZankowski/iextrading4j,f1ab9a1bdf6c0c8852fcd7784fc8954decad8f31,"IT4J_RELEASE_3_4_3, IT4J_RELEASE_3_4_4",iextrading4j-client.src.test.java.pl.zankowski.iextrading4j.client.rest.request.account.PayAsYouGoRequestBuilderTest.java,False,False
WojciechZankowski/iextrading4j,f1ab9a1bdf6c0c8852fcd7784fc8954decad8f31,"IT4J_RELEASE_3_4_3, IT4J_RELEASE_3_4_4",iextrading4j-client.src.test.java.pl.zankowski.iextrading4j.client.rest.request.account.MetadataRequestBuilderTest.java,False,False
WojciechZankowski/iextrading4j,f1ab9a1bdf6c0c8852fcd7784fc8954decad8f31,"IT4J_RELEASE_3_4_3, IT4J_RELEASE_3_4_4",iextrading4j-client.src.test.java.pl.zankowski.iextrading4j.client.rest.request.account.MessageCutoffRequestBuilderTest.java,False,False
WojciechZankowski/iextrading4j,f1ab9a1bdf6c0c8852fcd7784fc8954decad8f31,"IT4J_RELEASE_3_4_3, IT4J_RELEASE_3_4_4",iextrading4j-client.src.test.java.pl.zankowski.iextrading4j.client.rest.request.AbstractRequestFilterBuilderTest.java,False,False
WojciechZankowski/iextrading4j,f1ab9a1bdf6c0c8852fcd7784fc8954decad8f31,"IT4J_RELEASE_3_4_3, IT4J_RELEASE_3_4_4",iextrading4j-client.src.test.java.pl.zankowski.iextrading4j.client.rest.manager.RestResponseTest.java,False,False
WojciechZankowski/iextrading4j,f1ab9a1bdf6c0c8852fcd7784fc8954decad8f31,"IT4J_RELEASE_3_4_3, IT4J_RELEASE_3_4_4",iextrading4j-client.src.test.java.pl.zankowski.iextrading4j.client.rest.manager.RestRequestTest.java,False,False
WojciechZankowski/iextrading4j,f1ab9a1bdf6c0c8852fcd7784fc8954decad8f31,"IT4J_RELEASE_3_4_3, IT4J_RELEASE_3_4_4",iextrading4j-client.src.test.java.pl.zankowski.iextrading4j.client.rest.manager.RestManagerTest.java,False,True
WojciechZankowski/iextrading4j,f1ab9a1bdf6c0c8852fcd7784fc8954decad8f31,"IT4J_RELEASE_3_4_3, IT4J_RELEASE_3_4_4",iextrading4j-client.src.test.java.pl.zankowski.iextrading4j.client.rest.manager.RestClientTest.java,False,False
WojciechZankowski/iextrading4j,f1ab9a1bdf6c0c8852fcd7784fc8954decad8f31,"IT4J_RELEASE_3_4_3, IT4J_RELEASE_3_4_4",iextrading4j-client.src.test.java.pl.zankowski.iextrading4j.client.rest.manager.RestClientMetadataTest.java,False,False
WojciechZankowski/iextrading4j,f1ab9a1bdf6c0c8852fcd7784fc8954decad8f31,"IT4J_RELEASE_3_4_3, IT4J_RELEASE_3_4_4",iextrading4j-client.src.test.java.pl.zankowski.iextrading4j.client.rest.endpoint.GenericRestEndpointTest.java,False,False
WojciechZankowski/iextrading4j,f1ab9a1bdf6c0c8852fcd7784fc8954decad8f31,"IT4J_RELEASE_3_4_3, IT4J_RELEASE_3_4_4",iextrading4j-client.src.test.java.pl.zankowski.iextrading4j.client.mapper.TradingStatusTypeSerializerTest.java,False,False
WojciechZankowski/iextrading4j,f1ab9a1bdf6c0c8852fcd7784fc8954decad8f31,"IT4J_RELEASE_3_4_3, IT4J_RELEASE_3_4_4",iextrading4j-client.src.test.java.pl.zankowski.iextrading4j.client.mapper.TradingStatusTypeDeserializerTest.java,False,True
WojciechZankowski/iextrading4j,f1ab9a1bdf6c0c8852fcd7784fc8954decad8f31,"IT4J_RELEASE_3_4_3, IT4J_RELEASE_3_4_4",iextrading4j-client.src.test.java.pl.zankowski.iextrading4j.client.mapper.TradingStatusReasonTypeSerializerTest.java,False,False
WojciechZankowski/iextrading4j,f1ab9a1bdf6c0c8852fcd7784fc8954decad8f31,"IT4J_RELEASE_3_4_3, IT4J_RELEASE_3_4_4",iextrading4j-client.src.test.java.pl.zankowski.iextrading4j.client.mapper.TradingStatusReasonTypeDeserializerTest.java,False,True
WojciechZankowski/iextrading4j,f1ab9a1bdf6c0c8852fcd7784fc8954decad8f31,"IT4J_RELEASE_3_4_3, IT4J_RELEASE_3_4_4",iextrading4j-client.src.test.java.pl.zankowski.iextrading4j.client.mapper.SystemEventTypeSerializerTest.java,False,False
WojciechZankowski/iextrading4j,f1ab9a1bdf6c0c8852fcd7784fc8954decad8f31,"IT4J_RELEASE_3_4_3, IT4J_RELEASE_3_4_4",iextrading4j-client.src.test.java.pl.zankowski.iextrading4j.client.mapper.SystemEventTypeDeserializerTest.java,False,True
WojciechZankowski/iextrading4j,f1ab9a1bdf6c0c8852fcd7784fc8954decad8f31,"IT4J_RELEASE_3_4_3, IT4J_RELEASE_3_4_4",iextrading4j-client.src.test.java.pl.zankowski.iextrading4j.client.mapper.SymbolTypeSerializerTest.java,False,False
WojciechZankowski/iextrading4j,f1ab9a1bdf6c0c8852fcd7784fc8954decad8f31,"IT4J_RELEASE_3_4_3, IT4J_RELEASE_3_4_4",iextrading4j-client.src.test.java.pl.zankowski.iextrading4j.client.mapper.SymbolTypeDeserializerTest.java,False,False
WojciechZankowski/iextrading4j,f1ab9a1bdf6c0c8852fcd7784fc8954decad8f31,"IT4J_RELEASE_3_4_3, IT4J_RELEASE_3_4_4",iextrading4j-client.src.test.java.pl.zankowski.iextrading4j.client.mapper.QualifiedDividendTypeSerializerTest.java,False,False
WojciechZankowski/iextrading4j,f1ab9a1bdf6c0c8852fcd7784fc8954decad8f31,"IT4J_RELEASE_3_4_3, IT4J_RELEASE_3_4_4",iextrading4j-client.src.test.java.pl.zankowski.iextrading4j.client.mapper.QualifiedDividendTypeDeserializerTest.java,False,False
WojciechZankowski/iextrading4j,f1ab9a1bdf6c0c8852fcd7784fc8954decad8f31,"IT4J_RELEASE_3_4_3, IT4J_RELEASE_3_4_4",iextrading4j-client.src.test.java.pl.zankowski.iextrading4j.client.mapper.PaymentFrequencySerializerTest.java,False,False
WojciechZankowski/iextrading4j,f1ab9a1bdf6c0c8852fcd7784fc8954decad8f31,"IT4J_RELEASE_3_4_3, IT4J_RELEASE_3_4_4",iextrading4j-client.src.test.java.pl.zankowski.iextrading4j.client.mapper.PaymentFrequencyDeserializerTest.java,False,False
WojciechZankowski/iextrading4j,f1ab9a1bdf6c0c8852fcd7784fc8954decad8f31,"IT4J_RELEASE_3_4_3, IT4J_RELEASE_3_4_4",iextrading4j-client.src.test.java.pl.zankowski.iextrading4j.client.mapper.LuldTierSerializerTest.java,False,False
WojciechZankowski/iextrading4j,f1ab9a1bdf6c0c8852fcd7784fc8954decad8f31,"IT4J_RELEASE_3_4_3, IT4J_RELEASE_3_4_4",iextrading4j-client.src.test.java.pl.zankowski.iextrading4j.client.mapper.LuldTierDeserializerTest.java,False,False
WojciechZankowski/iextrading4j,f1ab9a1bdf6c0c8852fcd7784fc8954decad8f31,"IT4J_RELEASE_3_4_3, IT4J_RELEASE_3_4_4",iextrading4j-client.src.test.java.pl.zankowski.iextrading4j.client.mapper.ListingCenterSerializerTest.java,False,False
WojciechZankowski/iextrading4j,f1ab9a1bdf6c0c8852fcd7784fc8954decad8f31,"IT4J_RELEASE_3_4_3, IT4J_RELEASE_3_4_4",iextrading4j-client.src.test.java.pl.zankowski.iextrading4j.client.mapper.ListingCenterDeserializerTest.java,False,True
WojciechZankowski/iextrading4j,f1ab9a1bdf6c0c8852fcd7784fc8954decad8f31,"IT4J_RELEASE_3_4_3, IT4J_RELEASE_3_4_4",iextrading4j-client.src.test.java.pl.zankowski.iextrading4j.client.mapper.IssueTypeSerializerTest.java,False,False
WojciechZankowski/iextrading4j,f1ab9a1bdf6c0c8852fcd7784fc8954decad8f31,"IT4J_RELEASE_3_4_3, IT4J_RELEASE_3_4_4",iextrading4j-client.src.test.java.pl.zankowski.iextrading4j.client.mapper.IssueTypeDeserializerTest.java,False,True
WojciechZankowski/iextrading4j,f1ab9a1bdf6c0c8852fcd7784fc8954decad8f31,"IT4J_RELEASE_3_4_3, IT4J_RELEASE_3_4_4",iextrading4j-client.src.test.java.pl.zankowski.iextrading4j.client.mapper.IssueSubTypeSerializerTest.java,False,False
WojciechZankowski/iextrading4j,f1ab9a1bdf6c0c8852fcd7784fc8954decad8f31,"IT4J_RELEASE_3_4_3, IT4J_RELEASE_3_4_4",iextrading4j-client.src.test.java.pl.zankowski.iextrading4j.client.mapper.IssueSubTypeDeserializerTest.java,False,False
WojciechZankowski/iextrading4j,f1ab9a1bdf6c0c8852fcd7784fc8954decad8f31,"IT4J_RELEASE_3_4_3, IT4J_RELEASE_3_4_4",iextrading4j-client.src.test.java.pl.zankowski.iextrading4j.client.mapper.IssueEventSerializerTest.java,False,False
WojciechZankowski/iextrading4j,f1ab9a1bdf6c0c8852fcd7784fc8954decad8f31,"IT4J_RELEASE_3_4_3, IT4J_RELEASE_3_4_4",iextrading4j-client.src.test.java.pl.zankowski.iextrading4j.client.mapper.IssueEventDeserializerTest.java,False,True
WojciechZankowski/iextrading4j,f1ab9a1bdf6c0c8852fcd7784fc8954decad8f31,"IT4J_RELEASE_3_4_3, IT4J_RELEASE_3_4_4",iextrading4j-client.src.test.java.pl.zankowski.iextrading4j.client.mapper.HackyLocalDateTimeDeserializerTest.java,False,False
WojciechZankowski/iextrading4j,f1ab9a1bdf6c0c8852fcd7784fc8954decad8f31,"IT4J_RELEASE_3_4_3, IT4J_RELEASE_3_4_4",iextrading4j-client.src.test.java.pl.zankowski.iextrading4j.client.mapper.HackyLocalDateDeserializerTest.java,True,True
WojciechZankowski/iextrading4j,f1ab9a1bdf6c0c8852fcd7784fc8954decad8f31,"IT4J_RELEASE_3_4_3, IT4J_RELEASE_3_4_4",iextrading4j-client.src.test.java.pl.zankowski.iextrading4j.client.mapper.HackyBigDecimalDeserializerTest.java,True,True
WojciechZankowski/iextrading4j,f1ab9a1bdf6c0c8852fcd7784fc8954decad8f31,"IT4J_RELEASE_3_4_3, IT4J_RELEASE_3_4_4",iextrading4j-client.src.test.java.pl.zankowski.iextrading4j.client.mapper.FlagSerializerTest.java,False,False
WojciechZankowski/iextrading4j,f1ab9a1bdf6c0c8852fcd7784fc8954decad8f31,"IT4J_RELEASE_3_4_3, IT4J_RELEASE_3_4_4",iextrading4j-client.src.test.java.pl.zankowski.iextrading4j.client.mapper.FlagDeserializerTest.java,False,True
WojciechZankowski/iextrading4j,f1ab9a1bdf6c0c8852fcd7784fc8954decad8f31,"IT4J_RELEASE_3_4_3, IT4J_RELEASE_3_4_4",iextrading4j-client.src.test.java.pl.zankowski.iextrading4j.client.mapper.FinancialStatusSerializerTest.java,False,False
WojciechZankowski/iextrading4j,f1ab9a1bdf6c0c8852fcd7784fc8954decad8f31,"IT4J_RELEASE_3_4_3, IT4J_RELEASE_3_4_4",iextrading4j-client.src.test.java.pl.zankowski.iextrading4j.client.mapper.FinancialStatusDeserializerTest.java,False,True
WojciechZankowski/iextrading4j,f1ab9a1bdf6c0c8852fcd7784fc8954decad8f31,"IT4J_RELEASE_3_4_3, IT4J_RELEASE_3_4_4",iextrading4j-client.src.test.java.pl.zankowski.iextrading4j.client.mapper.DividendTypeSerializerTest.java,False,False
WojciechZankowski/iextrading4j,f1ab9a1bdf6c0c8852fcd7784fc8954decad8f31,"IT4J_RELEASE_3_4_3, IT4J_RELEASE_3_4_4",iextrading4j-client.src.test.java.pl.zankowski.iextrading4j.client.mapper.DividendTypeIdSerializerTest.java,False,False
WojciechZankowski/iextrading4j,f1ab9a1bdf6c0c8852fcd7784fc8954decad8f31,"IT4J_RELEASE_3_4_3, IT4J_RELEASE_3_4_4",iextrading4j-client.src.test.java.pl.zankowski.iextrading4j.client.mapper.DividendTypeIdDeserializerTest.java,False,True
WojciechZankowski/iextrading4j,f1ab9a1bdf6c0c8852fcd7784fc8954decad8f31,"IT4J_RELEASE_3_4_3, IT4J_RELEASE_3_4_4",iextrading4j-client.src.test.java.pl.zankowski.iextrading4j.client.mapper.DividendTypeDeserializerTest.java,False,True
WojciechZankowski/iextrading4j,f1ab9a1bdf6c0c8852fcd7784fc8954decad8f31,"IT4J_RELEASE_3_4_3, IT4J_RELEASE_3_4_4",iextrading4j-client.src.test.java.pl.zankowski.iextrading4j.client.mapper.DividendQualificationSerializerTest.java,False,False
WojciechZankowski/iextrading4j,f1ab9a1bdf6c0c8852fcd7784fc8954decad8f31,"IT4J_RELEASE_3_4_3, IT4J_RELEASE_3_4_4",iextrading4j-client.src.test.java.pl.zankowski.iextrading4j.client.mapper.DividendQualificationDeserializerTest.java,False,True
WojciechZankowski/iextrading4j,f1ab9a1bdf6c0c8852fcd7784fc8954decad8f31,"IT4J_RELEASE_3_4_3, IT4J_RELEASE_3_4_4",iextrading4j-client.src.test.java.pl.zankowski.iextrading4j.client.mapper.DirectIndirectSerializerTest.java,False,True
WojciechZankowski/iextrading4j,f1ab9a1bdf6c0c8852fcd7784fc8954decad8f31,"IT4J_RELEASE_3_4_3, IT4J_RELEASE_3_4_4",iextrading4j-client.src.test.java.pl.zankowski.iextrading4j.client.mapper.DirectIndirectDeserializerTest.java,False,True
WojciechZankowski/iextrading4j,f1ab9a1bdf6c0c8852fcd7784fc8954decad8f31,"IT4J_RELEASE_3_4_3, IT4J_RELEASE_3_4_4",iextrading4j-client.src.test.java.pl.zankowski.iextrading4j.client.mapper.DelistingReasonSerializerTest.java,False,False
WojciechZankowski/iextrading4j,f1ab9a1bdf6c0c8852fcd7784fc8954decad8f31,"IT4J_RELEASE_3_4_3, IT4J_RELEASE_3_4_4",iextrading4j-client.src.test.java.pl.zankowski.iextrading4j.client.mapper.DelistingReasonDeserializerTest.java,False,True
WojciechZankowski/iextrading4j,f1ab9a1bdf6c0c8852fcd7784fc8954decad8f31,"IT4J_RELEASE_3_4_3, IT4J_RELEASE_3_4_4",iextrading4j-client.src.test.java.pl.zankowski.iextrading4j.client.mapper.DeepChannelSerializerTest.java,False,False
WojciechZankowski/iextrading4j,f1ab9a1bdf6c0c8852fcd7784fc8954decad8f31,"IT4J_RELEASE_3_4_3, IT4J_RELEASE_3_4_4",iextrading4j-client.src.test.java.pl.zankowski.iextrading4j.client.mapper.DeepChannelDeserializerTest.java,False,True
WojciechZankowski/iextrading4j,f1ab9a1bdf6c0c8852fcd7784fc8954decad8f31,"IT4J_RELEASE_3_4_3, IT4J_RELEASE_3_4_4",iextrading4j-client.src.test.java.pl.zankowski.iextrading4j.client.mapper.CryptoSideSerializerTest.java,False,True
WojciechZankowski/iextrading4j,f1ab9a1bdf6c0c8852fcd7784fc8954decad8f31,"IT4J_RELEASE_3_4_3, IT4J_RELEASE_3_4_4",iextrading4j-client.src.test.java.pl.zankowski.iextrading4j.client.mapper.CryptoSideDeserializerTest.java,False,True
WojciechZankowski/iextrading4j,f1ab9a1bdf6c0c8852fcd7784fc8954decad8f31,"IT4J_RELEASE_3_4_3, IT4J_RELEASE_3_4_4",iextrading4j-client.src.test.java.pl.zankowski.iextrading4j.client.mapper.CryptoEventTypeSerializerTest.java,False,True
WojciechZankowski/iextrading4j,f1ab9a1bdf6c0c8852fcd7784fc8954decad8f31,"IT4J_RELEASE_3_4_3, IT4J_RELEASE_3_4_4",iextrading4j-client.src.test.java.pl.zankowski.iextrading4j.client.mapper.CryptoEventTypeDeserializerTest.java,False,True
WojciechZankowski/iextrading4j,f1ab9a1bdf6c0c8852fcd7784fc8954decad8f31,"IT4J_RELEASE_3_4_3, IT4J_RELEASE_3_4_4",iextrading4j-client.src.test.java.pl.zankowski.iextrading4j.client.mapper.CryptoEventReasonSerializerTest.java,False,True
WojciechZankowski/iextrading4j,f1ab9a1bdf6c0c8852fcd7784fc8954decad8f31,"IT4J_RELEASE_3_4_3, IT4J_RELEASE_3_4_4",iextrading4j-client.src.test.java.pl.zankowski.iextrading4j.client.mapper.CryptoEventReasonDeserializerTest.java,False,True
WojciechZankowski/iextrading4j,f1ab9a1bdf6c0c8852fcd7784fc8954decad8f31,"IT4J_RELEASE_3_4_3, IT4J_RELEASE_3_4_4",iextrading4j-client.src.test.java.pl.zankowski.iextrading4j.client.mapper.ChartRangeSerializerTest.java,False,True
WojciechZankowski/iextrading4j,f1ab9a1bdf6c0c8852fcd7784fc8954decad8f31,"IT4J_RELEASE_3_4_3, IT4J_RELEASE_3_4_4",iextrading4j-client.src.test.java.pl.zankowski.iextrading4j.client.mapper.ChartRangeDeserializerTest.java,False,True
WojciechZankowski/iextrading4j,f1ab9a1bdf6c0c8852fcd7784fc8954decad8f31,"IT4J_RELEASE_3_4_3, IT4J_RELEASE_3_4_4",iextrading4j-api.src.test.java.pl.zankowski.iextrading4j.api.util.SetUtilTest.java,False,False
WojciechZankowski/iextrading4j,f1ab9a1bdf6c0c8852fcd7784fc8954decad8f31,"IT4J_RELEASE_3_4_3, IT4J_RELEASE_3_4_4",iextrading4j-api.src.test.java.pl.zankowski.iextrading4j.api.util.MapUtilTest.java,False,False
WojciechZankowski/iextrading4j,f1ab9a1bdf6c0c8852fcd7784fc8954decad8f31,"IT4J_RELEASE_3_4_3, IT4J_RELEASE_3_4_4",iextrading4j-api.src.test.java.pl.zankowski.iextrading4j.api.util.ListUtilTest.java,False,False
WojciechZankowski/iextrading4j,f1ab9a1bdf6c0c8852fcd7784fc8954decad8f31,"IT4J_RELEASE_3_4_3, IT4J_RELEASE_3_4_4",iextrading4j-api.src.test.java.pl.zankowski.iextrading4j.api.system.SystemStatusTest.java,False,False
WojciechZankowski/iextrading4j,f1ab9a1bdf6c0c8852fcd7784fc8954decad8f31,"IT4J_RELEASE_3_4_3, IT4J_RELEASE_3_4_4",iextrading4j-api.src.test.java.pl.zankowski.iextrading4j.api.stocks.v1.TechnicalIndicatorTest.java,False,False
WojciechZankowski/iextrading4j,f1ab9a1bdf6c0c8852fcd7784fc8954decad8f31,"IT4J_RELEASE_3_4_3, IT4J_RELEASE_3_4_4",iextrading4j-api.src.test.java.pl.zankowski.iextrading4j.api.stocks.v1.RecommendationTrendsTest.java,False,False
WojciechZankowski/iextrading4j,f1ab9a1bdf6c0c8852fcd7784fc8954decad8f31,"IT4J_RELEASE_3_4_3, IT4J_RELEASE_3_4_4",iextrading4j-api.src.test.java.pl.zankowski.iextrading4j.api.stocks.v1.PriceTargetTest.java,False,False
WojciechZankowski/iextrading4j,f1ab9a1bdf6c0c8852fcd7784fc8954decad8f31,"IT4J_RELEASE_3_4_3, IT4J_RELEASE_3_4_4",iextrading4j-api.src.test.java.pl.zankowski.iextrading4j.api.stocks.v1.OwnershipTest.java,False,False
WojciechZankowski/iextrading4j,f1ab9a1bdf6c0c8852fcd7784fc8954decad8f31,"IT4J_RELEASE_3_4_3, IT4J_RELEASE_3_4_4",iextrading4j-api.src.test.java.pl.zankowski.iextrading4j.api.stocks.v1.IntradayTest.java,False,False
WojciechZankowski/iextrading4j,f1ab9a1bdf6c0c8852fcd7784fc8954decad8f31,"IT4J_RELEASE_3_4_3, IT4J_RELEASE_3_4_4",iextrading4j-api.src.test.java.pl.zankowski.iextrading4j.api.stocks.v1.InsiderTransactionTest.java,False,False
WojciechZankowski/iextrading4j,f1ab9a1bdf6c0c8852fcd7784fc8954decad8f31,"IT4J_RELEASE_3_4_3, IT4J_RELEASE_3_4_4",iextrading4j-api.src.test.java.pl.zankowski.iextrading4j.api.stocks.v1.InsiderSummaryTest.java,False,False
WojciechZankowski/iextrading4j,f1ab9a1bdf6c0c8852fcd7784fc8954decad8f31,"IT4J_RELEASE_3_4_3, IT4J_RELEASE_3_4_4",iextrading4j-api.src.test.java.pl.zankowski.iextrading4j.api.stocks.v1.InsiderRosterTest.java,False,False
WojciechZankowski/iextrading4j,f1ab9a1bdf6c0c8852fcd7784fc8954decad8f31,"IT4J_RELEASE_3_4_3, IT4J_RELEASE_3_4_4",iextrading4j-api.src.test.java.pl.zankowski.iextrading4j.api.stocks.v1.IncomeStatementsTest.java,False,False
WojciechZankowski/iextrading4j,f1ab9a1bdf6c0c8852fcd7784fc8954decad8f31,"IT4J_RELEASE_3_4_3, IT4J_RELEASE_3_4_4",iextrading4j-api.src.test.java.pl.zankowski.iextrading4j.api.stocks.v1.IncomeStatementTest.java,False,False
WojciechZankowski/iextrading4j,f1ab9a1bdf6c0c8852fcd7784fc8954decad8f31,"IT4J_RELEASE_3_4_3, IT4J_RELEASE_3_4_4",iextrading4j-api.src.test.java.pl.zankowski.iextrading4j.api.stocks.v1.FundOwnershipTest.java,False,False
WojciechZankowski/iextrading4j,f1ab9a1bdf6c0c8852fcd7784fc8954decad8f31,"IT4J_RELEASE_3_4_3, IT4J_RELEASE_3_4_4",iextrading4j-api.src.test.java.pl.zankowski.iextrading4j.api.stocks.v1.EstimatesTest.java,False,False
WojciechZankowski/iextrading4j,f1ab9a1bdf6c0c8852fcd7784fc8954decad8f31,"IT4J_RELEASE_3_4_3, IT4J_RELEASE_3_4_4",iextrading4j-api.src.test.java.pl.zankowski.iextrading4j.api.stocks.v1.EstimateTest.java,False,False
WojciechZankowski/iextrading4j,f1ab9a1bdf6c0c8852fcd7784fc8954decad8f31,"IT4J_RELEASE_3_4_3, IT4J_RELEASE_3_4_4",iextrading4j-api.src.test.java.pl.zankowski.iextrading4j.api.stocks.v1.CashFlowsTest.java,False,False
WojciechZankowski/iextrading4j,f1ab9a1bdf6c0c8852fcd7784fc8954decad8f31,"IT4J_RELEASE_3_4_3, IT4J_RELEASE_3_4_4",iextrading4j-api.src.test.java.pl.zankowski.iextrading4j.api.stocks.v1.CashFlowTest.java,False,False
WojciechZankowski/iextrading4j,f1ab9a1bdf6c0c8852fcd7784fc8954decad8f31,"IT4J_RELEASE_3_4_3, IT4J_RELEASE_3_4_4",iextrading4j-api.src.test.java.pl.zankowski.iextrading4j.api.stocks.v1.BatchStocksTest.java,False,False
WojciechZankowski/iextrading4j,f1ab9a1bdf6c0c8852fcd7784fc8954decad8f31,"IT4J_RELEASE_3_4_3, IT4J_RELEASE_3_4_4",iextrading4j-api.src.test.java.pl.zankowski.iextrading4j.api.stocks.v1.BalanceSheetsTest.java,False,False
WojciechZankowski/iextrading4j,f1ab9a1bdf6c0c8852fcd7784fc8954decad8f31,"IT4J_RELEASE_3_4_3, IT4J_RELEASE_3_4_4",iextrading4j-api.src.test.java.pl.zankowski.iextrading4j.api.stocks.v1.BalanceSheetTest.java,False,False
WojciechZankowski/iextrading4j,f1ab9a1bdf6c0c8852fcd7784fc8954decad8f31,"IT4J_RELEASE_3_4_3, IT4J_RELEASE_3_4_4",iextrading4j-api.src.test.java.pl.zankowski.iextrading4j.api.stocks.v1.AdvancedStatsTest.java,False,False
WojciechZankowski/iextrading4j,f1ab9a1bdf6c0c8852fcd7784fc8954decad8f31,"IT4J_RELEASE_3_4_3, IT4J_RELEASE_3_4_4",iextrading4j-api.src.test.java.pl.zankowski.iextrading4j.api.stocks.VenueVolumeTest.java,False,False
WojciechZankowski/iextrading4j,f1ab9a1bdf6c0c8852fcd7784fc8954decad8f31,"IT4J_RELEASE_3_4_3, IT4J_RELEASE_3_4_4",iextrading4j-api.src.test.java.pl.zankowski.iextrading4j.api.stocks.TodayIposTest.java,False,False
WojciechZankowski/iextrading4j,f1ab9a1bdf6c0c8852fcd7784fc8954decad8f31,"IT4J_RELEASE_3_4_3, IT4J_RELEASE_3_4_4",iextrading4j-api.src.test.java.pl.zankowski.iextrading4j.api.stocks.TodayEarningsTest.java,False,False
WojciechZankowski/iextrading4j,f1ab9a1bdf6c0c8852fcd7784fc8954decad8f31,"IT4J_RELEASE_3_4_3, IT4J_RELEASE_3_4_4",iextrading4j-api.src.test.java.pl.zankowski.iextrading4j.api.stocks.TodayEarningTest.java,False,False
WojciechZankowski/iextrading4j,f1ab9a1bdf6c0c8852fcd7784fc8954decad8f31,"IT4J_RELEASE_3_4_3, IT4J_RELEASE_3_4_4",iextrading4j-api.src.test.java.pl.zankowski.iextrading4j.api.stocks.TimeSeriesTest.java,False,False
WojciechZankowski/iextrading4j,f1ab9a1bdf6c0c8852fcd7784fc8954decad8f31,"IT4J_RELEASE_3_4_3, IT4J_RELEASE_3_4_4",iextrading4j-api.src.test.java.pl.zankowski.iextrading4j.api.stocks.ThresholdSecuritiesTest.java,False,False
WojciechZankowski/iextrading4j,f1ab9a1bdf6c0c8852fcd7784fc8954decad8f31,"IT4J_RELEASE_3_4_3, IT4J_RELEASE_3_4_4",iextrading4j-api.src.test.java.pl.zankowski.iextrading4j.api.stocks.SplitTest.java,False,False
WojciechZankowski/iextrading4j,f1ab9a1bdf6c0c8852fcd7784fc8954decad8f31,"IT4J_RELEASE_3_4_3, IT4J_RELEASE_3_4_4",iextrading4j-api.src.test.java.pl.zankowski.iextrading4j.api.stocks.ShortInterestTest.java,False,False
WojciechZankowski/iextrading4j,f1ab9a1bdf6c0c8852fcd7784fc8954decad8f31,"IT4J_RELEASE_3_4_3, IT4J_RELEASE_3_4_4",iextrading4j-api.src.test.java.pl.zankowski.iextrading4j.api.stocks.SectorPerformanceTest.java,False,False
WojciechZankowski/iextrading4j,f1ab9a1bdf6c0c8852fcd7784fc8954decad8f31,"IT4J_RELEASE_3_4_3, IT4J_RELEASE_3_4_4",iextrading4j-api.src.test.java.pl.zankowski.iextrading4j.api.stocks.RelevantTest.java,False,False
WojciechZankowski/iextrading4j,f1ab9a1bdf6c0c8852fcd7784fc8954decad8f31,"IT4J_RELEASE_3_4_3, IT4J_RELEASE_3_4_4",iextrading4j-api.src.test.java.pl.zankowski.iextrading4j.api.stocks.QuoteTest.java,False,False
WojciechZankowski/iextrading4j,f1ab9a1bdf6c0c8852fcd7784fc8954decad8f31,"IT4J_RELEASE_3_4_3, IT4J_RELEASE_3_4_4",iextrading4j-api.src.test.java.pl.zankowski.iextrading4j.api.stocks.PointTest.java,False,False
WojciechZankowski/iextrading4j,f1ab9a1bdf6c0c8852fcd7784fc8954decad8f31,"IT4J_RELEASE_3_4_3, IT4J_RELEASE_3_4_4",iextrading4j-api.src.test.java.pl.zankowski.iextrading4j.api.stocks.OpenCloseTest.java,False,False
WojciechZankowski/iextrading4j,f1ab9a1bdf6c0c8852fcd7784fc8954decad8f31,"IT4J_RELEASE_3_4_3, IT4J_RELEASE_3_4_4",iextrading4j-api.src.test.java.pl.zankowski.iextrading4j.api.stocks.OhlcTest.java,False,False
WojciechZankowski/iextrading4j,f1ab9a1bdf6c0c8852fcd7784fc8954decad8f31,"IT4J_RELEASE_3_4_3, IT4J_RELEASE_3_4_4",iextrading4j-api.src.test.java.pl.zankowski.iextrading4j.api.stocks.NewsTest.java,False,False
WojciechZankowski/iextrading4j,f1ab9a1bdf6c0c8852fcd7784fc8954decad8f31,"IT4J_RELEASE_3_4_3, IT4J_RELEASE_3_4_4",iextrading4j-api.src.test.java.pl.zankowski.iextrading4j.api.stocks.LogoTest.java,False,False
WojciechZankowski/iextrading4j,f1ab9a1bdf6c0c8852fcd7784fc8954decad8f31,"IT4J_RELEASE_3_4_3, IT4J_RELEASE_3_4_4",iextrading4j-api.src.test.java.pl.zankowski.iextrading4j.api.stocks.LargestTradeTest.java,False,False
WojciechZankowski/iextrading4j,f1ab9a1bdf6c0c8852fcd7784fc8954decad8f31,"IT4J_RELEASE_3_4_3, IT4J_RELEASE_3_4_4",iextrading4j-api.src.test.java.pl.zankowski.iextrading4j.api.stocks.KeyStatsTest.java,False,False
WojciechZankowski/iextrading4j,f1ab9a1bdf6c0c8852fcd7784fc8954decad8f31,"IT4J_RELEASE_3_4_3, IT4J_RELEASE_3_4_4",iextrading4j-api.src.test.java.pl.zankowski.iextrading4j.api.stocks.IposTest.java,False,False
WojciechZankowski/iextrading4j,f1ab9a1bdf6c0c8852fcd7784fc8954decad8f31,"IT4J_RELEASE_3_4_3, IT4J_RELEASE_3_4_4",iextrading4j-api.src.test.java.pl.zankowski.iextrading4j.api.stocks.IpoTest.java,False,False
WojciechZankowski/iextrading4j,f1ab9a1bdf6c0c8852fcd7784fc8954decad8f31,"IT4J_RELEASE_3_4_3, IT4J_RELEASE_3_4_4",iextrading4j-api.src.test.java.pl.zankowski.iextrading4j.api.stocks.IpoSummaryTest.java,False,False
WojciechZankowski/iextrading4j,f1ab9a1bdf6c0c8852fcd7784fc8954decad8f31,"IT4J_RELEASE_3_4_3, IT4J_RELEASE_3_4_4",iextrading4j-api.src.test.java.pl.zankowski.iextrading4j.api.stocks.FinancialsTest.java,False,False
WojciechZankowski/iextrading4j,f1ab9a1bdf6c0c8852fcd7784fc8954decad8f31,"IT4J_RELEASE_3_4_3, IT4J_RELEASE_3_4_4",iextrading4j-api.src.test.java.pl.zankowski.iextrading4j.api.stocks.FinancialTest.java,False,False
WojciechZankowski/iextrading4j,f1ab9a1bdf6c0c8852fcd7784fc8954decad8f31,"IT4J_RELEASE_3_4_3, IT4J_RELEASE_3_4_4",iextrading4j-api.src.test.java.pl.zankowski.iextrading4j.api.stocks.EffectiveSpreadTest.java,False,False
WojciechZankowski/iextrading4j,f1ab9a1bdf6c0c8852fcd7784fc8954decad8f31,"IT4J_RELEASE_3_4_3, IT4J_RELEASE_3_4_4",iextrading4j-api.src.test.java.pl.zankowski.iextrading4j.api.stocks.EarningsTest.java,False,False
WojciechZankowski/iextrading4j,f1ab9a1bdf6c0c8852fcd7784fc8954decad8f31,"IT4J_RELEASE_3_4_3, IT4J_RELEASE_3_4_4",iextrading4j-api.src.test.java.pl.zankowski.iextrading4j.api.stocks.EarningTest.java,False,False
WojciechZankowski/iextrading4j,f1ab9a1bdf6c0c8852fcd7784fc8954decad8f31,"IT4J_RELEASE_3_4_3, IT4J_RELEASE_3_4_4",iextrading4j-api.src.test.java.pl.zankowski.iextrading4j.api.stocks.DividendsTest.java,False,False
WojciechZankowski/iextrading4j,f1ab9a1bdf6c0c8852fcd7784fc8954decad8f31,"IT4J_RELEASE_3_4_3, IT4J_RELEASE_3_4_4",iextrading4j-api.src.test.java.pl.zankowski.iextrading4j.api.stocks.DelayedQuoteTest.java,False,False
WojciechZankowski/iextrading4j,f1ab9a1bdf6c0c8852fcd7784fc8954decad8f31,"IT4J_RELEASE_3_4_3, IT4J_RELEASE_3_4_4",iextrading4j-api.src.test.java.pl.zankowski.iextrading4j.api.stocks.CompanyTest.java,False,False
WojciechZankowski/iextrading4j,f1ab9a1bdf6c0c8852fcd7784fc8954decad8f31,"IT4J_RELEASE_3_4_3, IT4J_RELEASE_3_4_4",iextrading4j-api.src.test.java.pl.zankowski.iextrading4j.api.stocks.ChartTest.java,False,False
WojciechZankowski/iextrading4j,f1ab9a1bdf6c0c8852fcd7784fc8954decad8f31,"IT4J_RELEASE_3_4_3, IT4J_RELEASE_3_4_4",iextrading4j-api.src.test.java.pl.zankowski.iextrading4j.api.stocks.BarDataTest.java,False,False
WojciechZankowski/iextrading4j,f1ab9a1bdf6c0c8852fcd7784fc8954decad8f31,"IT4J_RELEASE_3_4_3, IT4J_RELEASE_3_4_4",iextrading4j-api.src.test.java.pl.zankowski.iextrading4j.api.stats.RecordsStatsTest.java,False,False
WojciechZankowski/iextrading4j,f1ab9a1bdf6c0c8852fcd7784fc8954decad8f31,"IT4J_RELEASE_3_4_3, IT4J_RELEASE_3_4_4",iextrading4j-api.src.test.java.pl.zankowski.iextrading4j.api.stats.RecordTest.java,False,False
WojciechZankowski/iextrading4j,f1ab9a1bdf6c0c8852fcd7784fc8954decad8f31,"IT4J_RELEASE_3_4_3, IT4J_RELEASE_3_4_4",iextrading4j-api.src.test.java.pl.zankowski.iextrading4j.api.stats.RecentStatsTest.java,False,False
WojciechZankowski/iextrading4j,f1ab9a1bdf6c0c8852fcd7784fc8954decad8f31,"IT4J_RELEASE_3_4_3, IT4J_RELEASE_3_4_4",iextrading4j-api.src.test.java.pl.zankowski.iextrading4j.api.stats.IntradayStatsTest.java,False,False
WojciechZankowski/iextrading4j,f1ab9a1bdf6c0c8852fcd7784fc8954decad8f31,"IT4J_RELEASE_3_4_3, IT4J_RELEASE_3_4_4",iextrading4j-api.src.test.java.pl.zankowski.iextrading4j.api.stats.IntradayStatTest.java,False,False
WojciechZankowski/iextrading4j,f1ab9a1bdf6c0c8852fcd7784fc8954decad8f31,"IT4J_RELEASE_3_4_3, IT4J_RELEASE_3_4_4",iextrading4j-api.src.test.java.pl.zankowski.iextrading4j.api.stats.HistoricalStatsTest.java,False,False
WojciechZankowski/iextrading4j,f1ab9a1bdf6c0c8852fcd7784fc8954decad8f31,"IT4J_RELEASE_3_4_3, IT4J_RELEASE_3_4_4",iextrading4j-api.src.test.java.pl.zankowski.iextrading4j.api.stats.HistoricalDailyStatsTest.java,False,False
WojciechZankowski/iextrading4j,f1ab9a1bdf6c0c8852fcd7784fc8954decad8f31,"IT4J_RELEASE_3_4_3, IT4J_RELEASE_3_4_4",iextrading4j-api.src.test.java.pl.zankowski.iextrading4j.api.refdata.v1.UsExchangeTest.java,False,False
WojciechZankowski/iextrading4j,f1ab9a1bdf6c0c8852fcd7784fc8954decad8f31,"IT4J_RELEASE_3_4_3, IT4J_RELEASE_3_4_4",iextrading4j-api.src.test.java.pl.zankowski.iextrading4j.api.refdata.v1.TagTest.java,False,False
WojciechZankowski/iextrading4j,f1ab9a1bdf6c0c8852fcd7784fc8954decad8f31,"IT4J_RELEASE_3_4_3, IT4J_RELEASE_3_4_4",iextrading4j-api.src.test.java.pl.zankowski.iextrading4j.api.refdata.v1.SymbolTest.java,False,False
WojciechZankowski/iextrading4j,f1ab9a1bdf6c0c8852fcd7784fc8954decad8f31,"IT4J_RELEASE_3_4_3, IT4J_RELEASE_3_4_4",iextrading4j-api.src.test.java.pl.zankowski.iextrading4j.api.refdata.v1.SymbolMappingTest.java,False,False
WojciechZankowski/iextrading4j,f1ab9a1bdf6c0c8852fcd7784fc8954decad8f31,"IT4J_RELEASE_3_4_3, IT4J_RELEASE_3_4_4",iextrading4j-api.src.test.java.pl.zankowski.iextrading4j.api.refdata.v1.SymbolDescriptionTest.java,False,False
WojciechZankowski/iextrading4j,f1ab9a1bdf6c0c8852fcd7784fc8954decad8f31,"IT4J_RELEASE_3_4_3, IT4J_RELEASE_3_4_4",iextrading4j-api.src.test.java.pl.zankowski.iextrading4j.api.refdata.v1.SectorTest.java,False,False
WojciechZankowski/iextrading4j,f1ab9a1bdf6c0c8852fcd7784fc8954decad8f31,"IT4J_RELEASE_3_4_3, IT4J_RELEASE_3_4_4",iextrading4j-api.src.test.java.pl.zankowski.iextrading4j.api.refdata.v1.PairTest.java,False,False
WojciechZankowski/iextrading4j,f1ab9a1bdf6c0c8852fcd7784fc8954decad8f31,"IT4J_RELEASE_3_4_3, IT4J_RELEASE_3_4_4",iextrading4j-api.src.test.java.pl.zankowski.iextrading4j.api.refdata.v1.HolidayAndTradingDateTest.java,False,False
WojciechZankowski/iextrading4j,f1ab9a1bdf6c0c8852fcd7784fc8954decad8f31,"IT4J_RELEASE_3_4_3, IT4J_RELEASE_3_4_4",iextrading4j-api.src.test.java.pl.zankowski.iextrading4j.api.refdata.v1.FxSymbolTest.java,False,False
WojciechZankowski/iextrading4j,f1ab9a1bdf6c0c8852fcd7784fc8954decad8f31,"IT4J_RELEASE_3_4_3, IT4J_RELEASE_3_4_4",iextrading4j-api.src.test.java.pl.zankowski.iextrading4j.api.refdata.v1.ExchangeTest.java,False,False
WojciechZankowski/iextrading4j,f1ab9a1bdf6c0c8852fcd7784fc8954decad8f31,"IT4J_RELEASE_3_4_3, IT4J_RELEASE_3_4_4",iextrading4j-api.src.test.java.pl.zankowski.iextrading4j.api.refdata.v1.CurrencyTest.java,False,False
WojciechZankowski/iextrading4j,f1ab9a1bdf6c0c8852fcd7784fc8954decad8f31,"IT4J_RELEASE_3_4_3, IT4J_RELEASE_3_4_4",iextrading4j-api.src.test.java.pl.zankowski.iextrading4j.api.refdata.IEXSymbolDirectoryTest.java,False,False
WojciechZankowski/iextrading4j,f1ab9a1bdf6c0c8852fcd7784fc8954decad8f31,"IT4J_RELEASE_3_4_3, IT4J_RELEASE_3_4_4",iextrading4j-api.src.test.java.pl.zankowski.iextrading4j.api.refdata.IEXNextDayExDateTest.java,False,False
WojciechZankowski/iextrading4j,f1ab9a1bdf6c0c8852fcd7784fc8954decad8f31,"IT4J_RELEASE_3_4_3, IT4J_RELEASE_3_4_4",iextrading4j-api.src.test.java.pl.zankowski.iextrading4j.api.refdata.IEXDividendsTest.java,False,False
WojciechZankowski/iextrading4j,f1ab9a1bdf6c0c8852fcd7784fc8954decad8f31,"IT4J_RELEASE_3_4_3, IT4J_RELEASE_3_4_4",iextrading4j-api.src.test.java.pl.zankowski.iextrading4j.api.refdata.IEXCorporateActionsTest.java,False,False
WojciechZankowski/iextrading4j,f1ab9a1bdf6c0c8852fcd7784fc8954decad8f31,"IT4J_RELEASE_3_4_3, IT4J_RELEASE_3_4_4",iextrading4j-api.src.test.java.pl.zankowski.iextrading4j.api.refdata.ExchangeSymbolTest.java,False,False
WojciechZankowski/iextrading4j,f1ab9a1bdf6c0c8852fcd7784fc8954decad8f31,"IT4J_RELEASE_3_4_3, IT4J_RELEASE_3_4_4",iextrading4j-api.src.test.java.pl.zankowski.iextrading4j.api.options.OptionTest.java,False,False
WojciechZankowski/iextrading4j,f1ab9a1bdf6c0c8852fcd7784fc8954decad8f31,"IT4J_RELEASE_3_4_3, IT4J_RELEASE_3_4_4",iextrading4j-api.src.test.java.pl.zankowski.iextrading4j.api.marketdata.TradingStatusTest.java,False,False
WojciechZankowski/iextrading4j,f1ab9a1bdf6c0c8852fcd7784fc8954decad8f31,"IT4J_RELEASE_3_4_3, IT4J_RELEASE_3_4_4",iextrading4j-api.src.test.java.pl.zankowski.iextrading4j.api.marketdata.TradeTest.java,False,False
WojciechZankowski/iextrading4j,f1ab9a1bdf6c0c8852fcd7784fc8954decad8f31,"IT4J_RELEASE_3_4_3, IT4J_RELEASE_3_4_4",iextrading4j-api.src.test.java.pl.zankowski.iextrading4j.api.marketdata.TOPSTest.java,False,False
WojciechZankowski/iextrading4j,f1ab9a1bdf6c0c8852fcd7784fc8954decad8f31,"IT4J_RELEASE_3_4_3, IT4J_RELEASE_3_4_4",iextrading4j-api.src.test.java.pl.zankowski.iextrading4j.api.marketdata.SystemEventTest.java,False,False
WojciechZankowski/iextrading4j,f1ab9a1bdf6c0c8852fcd7784fc8954decad8f31,"IT4J_RELEASE_3_4_3, IT4J_RELEASE_3_4_4",iextrading4j-api.src.test.java.pl.zankowski.iextrading4j.api.marketdata.SsrStatusTest.java,False,False
WojciechZankowski/iextrading4j,f1ab9a1bdf6c0c8852fcd7784fc8954decad8f31,"IT4J_RELEASE_3_4_3, IT4J_RELEASE_3_4_4",iextrading4j-api.src.test.java.pl.zankowski.iextrading4j.api.marketdata.SecurityEventTest.java,False,False
WojciechZankowski/iextrading4j,f1ab9a1bdf6c0c8852fcd7784fc8954decad8f31,"IT4J_RELEASE_3_4_3, IT4J_RELEASE_3_4_4",iextrading4j-api.src.test.java.pl.zankowski.iextrading4j.api.marketdata.OpHaltStatusTest.java,False,False
WojciechZankowski/iextrading4j,f1ab9a1bdf6c0c8852fcd7784fc8954decad8f31,"IT4J_RELEASE_3_4_3, IT4J_RELEASE_3_4_4",iextrading4j-api.src.test.java.pl.zankowski.iextrading4j.api.marketdata.OfficialPriceTest.java,False,False
WojciechZankowski/iextrading4j,f1ab9a1bdf6c0c8852fcd7784fc8954decad8f31,"IT4J_RELEASE_3_4_3, IT4J_RELEASE_3_4_4",iextrading4j-api.src.test.java.pl.zankowski.iextrading4j.api.marketdata.LastTradeTest.java,False,False
WojciechZankowski/iextrading4j,f1ab9a1bdf6c0c8852fcd7784fc8954decad8f31,"IT4J_RELEASE_3_4_3, IT4J_RELEASE_3_4_4",iextrading4j-api.src.test.java.pl.zankowski.iextrading4j.api.marketdata.HISTTest.java,False,False
WojciechZankowski/iextrading4j,f1ab9a1bdf6c0c8852fcd7784fc8954decad8f31,"IT4J_RELEASE_3_4_3, IT4J_RELEASE_3_4_4",iextrading4j-api.src.test.java.pl.zankowski.iextrading4j.api.marketdata.DEEPTest.java,False,False
WojciechZankowski/iextrading4j,f1ab9a1bdf6c0c8852fcd7784fc8954decad8f31,"IT4J_RELEASE_3_4_3, IT4J_RELEASE_3_4_4",iextrading4j-api.src.test.java.pl.zankowski.iextrading4j.api.marketdata.BookTest.java,False,False
WojciechZankowski/iextrading4j,f1ab9a1bdf6c0c8852fcd7784fc8954decad8f31,"IT4J_RELEASE_3_4_3, IT4J_RELEASE_3_4_4",iextrading4j-api.src.test.java.pl.zankowski.iextrading4j.api.marketdata.BookEntryTest.java,False,False
WojciechZankowski/iextrading4j,f1ab9a1bdf6c0c8852fcd7784fc8954decad8f31,"IT4J_RELEASE_3_4_3, IT4J_RELEASE_3_4_4",iextrading4j-api.src.test.java.pl.zankowski.iextrading4j.api.marketdata.AuctionTest.java,False,False
WojciechZankowski/iextrading4j,f1ab9a1bdf6c0c8852fcd7784fc8954decad8f31,"IT4J_RELEASE_3_4_3, IT4J_RELEASE_3_4_4",iextrading4j-api.src.test.java.pl.zankowski.iextrading4j.api.market.MarketVolumeTest.java,False,False
WojciechZankowski/iextrading4j,f1ab9a1bdf6c0c8852fcd7784fc8954decad8f31,"IT4J_RELEASE_3_4_3, IT4J_RELEASE_3_4_4",iextrading4j-api.src.test.java.pl.zankowski.iextrading4j.api.forex.HistoricalCurrencyRateTest.java,False,False
WojciechZankowski/iextrading4j,f1ab9a1bdf6c0c8852fcd7784fc8954decad8f31,"IT4J_RELEASE_3_4_3, IT4J_RELEASE_3_4_4",iextrading4j-api.src.test.java.pl.zankowski.iextrading4j.api.forex.ExchangeRateTest.java,False,False
WojciechZankowski/iextrading4j,f1ab9a1bdf6c0c8852fcd7784fc8954decad8f31,"IT4J_RELEASE_3_4_3, IT4J_RELEASE_3_4_4",iextrading4j-api.src.test.java.pl.zankowski.iextrading4j.api.forex.CurrencyRateTest.java,False,False
WojciechZankowski/iextrading4j,f1ab9a1bdf6c0c8852fcd7784fc8954decad8f31,"IT4J_RELEASE_3_4_3, IT4J_RELEASE_3_4_4",iextrading4j-api.src.test.java.pl.zankowski.iextrading4j.api.forex.CurrencyConversionTest.java,False,False
WojciechZankowski/iextrading4j,f1ab9a1bdf6c0c8852fcd7784fc8954decad8f31,"IT4J_RELEASE_3_4_3, IT4J_RELEASE_3_4_4",iextrading4j-api.src.test.java.pl.zankowski.iextrading4j.api.exception.IEXTradingExceptionTest.java,False,False
WojciechZankowski/iextrading4j,f1ab9a1bdf6c0c8852fcd7784fc8954decad8f31,"IT4J_RELEASE_3_4_3, IT4J_RELEASE_3_4_4",iextrading4j-api.src.test.java.pl.zankowski.iextrading4j.api.datapoint.TimeSeriesSchemaTest.java,False,False
WojciechZankowski/iextrading4j,f1ab9a1bdf6c0c8852fcd7784fc8954decad8f31,"IT4J_RELEASE_3_4_3, IT4J_RELEASE_3_4_4",iextrading4j-api.src.test.java.pl.zankowski.iextrading4j.api.datapoint.TimeSeriesMetadataTest.java,False,False
WojciechZankowski/iextrading4j,f1ab9a1bdf6c0c8852fcd7784fc8954decad8f31,"IT4J_RELEASE_3_4_3, IT4J_RELEASE_3_4_4",iextrading4j-api.src.test.java.pl.zankowski.iextrading4j.api.datapoint.FieldMetadataTest.java,False,False
WojciechZankowski/iextrading4j,f1ab9a1bdf6c0c8852fcd7784fc8954decad8f31,"IT4J_RELEASE_3_4_3, IT4J_RELEASE_3_4_4",iextrading4j-api.src.test.java.pl.zankowski.iextrading4j.api.datapoint.DataPointTest.java,False,False
WojciechZankowski/iextrading4j,f1ab9a1bdf6c0c8852fcd7784fc8954decad8f31,"IT4J_RELEASE_3_4_3, IT4J_RELEASE_3_4_4",iextrading4j-api.src.test.java.pl.zankowski.iextrading4j.api.corporate.AdvancedSplitsTest.java,False,False
WojciechZankowski/iextrading4j,f1ab9a1bdf6c0c8852fcd7784fc8954decad8f31,"IT4J_RELEASE_3_4_3, IT4J_RELEASE_3_4_4",iextrading4j-api.src.test.java.pl.zankowski.iextrading4j.api.corporate.AdvancedDistributionTest.java,False,False
WojciechZankowski/iextrading4j,f1ab9a1bdf6c0c8852fcd7784fc8954decad8f31,"IT4J_RELEASE_3_4_3, IT4J_RELEASE_3_4_4",iextrading4j-api.src.test.java.pl.zankowski.iextrading4j.api.corporate.AdvancedBonusTest.java,False,False
WojciechZankowski/iextrading4j,f1ab9a1bdf6c0c8852fcd7784fc8954decad8f31,"IT4J_RELEASE_3_4_3, IT4J_RELEASE_3_4_4",iextrading4j-api.src.test.java.pl.zankowski.iextrading4j.api.alternative.SentimentTest.java,False,False
WojciechZankowski/iextrading4j,f1ab9a1bdf6c0c8852fcd7784fc8954decad8f31,"IT4J_RELEASE_3_4_3, IT4J_RELEASE_3_4_4",iextrading4j-api.src.test.java.pl.zankowski.iextrading4j.api.alternative.SentimentEventTest.java,False,False
WojciechZankowski/iextrading4j,f1ab9a1bdf6c0c8852fcd7784fc8954decad8f31,"IT4J_RELEASE_3_4_3, IT4J_RELEASE_3_4_4",iextrading4j-api.src.test.java.pl.zankowski.iextrading4j.api.alternative.CryptoPriceTest.java,False,False
WojciechZankowski/iextrading4j,f1ab9a1bdf6c0c8852fcd7784fc8954decad8f31,"IT4J_RELEASE_3_4_3, IT4J_RELEASE_3_4_4",iextrading4j-api.src.test.java.pl.zankowski.iextrading4j.api.alternative.CryptoEventTest.java,False,False
WojciechZankowski/iextrading4j,f1ab9a1bdf6c0c8852fcd7784fc8954decad8f31,"IT4J_RELEASE_3_4_3, IT4J_RELEASE_3_4_4",iextrading4j-api.src.test.java.pl.zankowski.iextrading4j.api.alternative.CryptoBookEventTest.java,False,False
WojciechZankowski/iextrading4j,f1ab9a1bdf6c0c8852fcd7784fc8954decad8f31,"IT4J_RELEASE_3_4_3, IT4J_RELEASE_3_4_4",iextrading4j-api.src.test.java.pl.zankowski.iextrading4j.api.alternative.CeoCompensationTest.java,False,False
WojciechZankowski/iextrading4j,f1ab9a1bdf6c0c8852fcd7784fc8954decad8f31,"IT4J_RELEASE_3_4_3, IT4J_RELEASE_3_4_4",iextrading4j-api.src.test.java.pl.zankowski.iextrading4j.api.account.UsageTest.java,False,False
WojciechZankowski/iextrading4j,f1ab9a1bdf6c0c8852fcd7784fc8954decad8f31,"IT4J_RELEASE_3_4_3, IT4J_RELEASE_3_4_4",iextrading4j-api.src.test.java.pl.zankowski.iextrading4j.api.account.MetadataTest.java,False,False
WojciechZankowski/iextrading4j,25b8d312fea1bb07dae2ecb63b8fcc78cd1a32ed,"IT4J_RELEASE_3_4_4, IT4J_RELEASE_3_4_5",iextrading4j-api.src.test.java.pl.zankowski.iextrading4j.api.refdata.v1.SymbolTest.java,False,False
WojciechZankowski/iextrading4j,25b8d312fea1bb07dae2ecb63b8fcc78cd1a32ed,"IT4J_RELEASE_3_4_4, IT4J_RELEASE_3_4_5",iextrading4j-api.src.test.java.pl.zankowski.iextrading4j.api.stocks.SectorPerformanceTest.java,False,False
